x,numerical_real,numerical_imag,exact,error_abs
-8.0000000000000000e+00,-1.5987580871042387e-10,-1.8367575128157121e-14,9.5123782432575298e-15,1.5988532214369774e-10
-7.9900062460961898e+00,-1.5954542037701026e-10,-1.2243716289188340e-11,1.0303606886800393e-14,1.6002480321686287e-10
-7.9800124921923796e+00,-1.5854691987640212e-10,-2.4416895194988302e-11,1.1159534400249766e-14,1.6042708411426467e-10
-7.9700187382885694e+00,-1.5688395890345701e-10,-3.6486960063135838e-11,1.2085357297792242e-14,1.6108279535481620e-10
-7.9600249843847593e+00,-1.5456276346700488e-10,-4.8403820364655307e-11,1.3086681680397272e-14,1.6197723073037958e-10
-7.9500312304809491e+00,-1.5159247505310751e-10,-6.0117639362573253e-11,1.4169554883853541e-14,1.6309109494948586e-10
-7.9400374765771389e+00,-1.4798505655287476e-10,-7.1579894292288758e-11,1.5340499521247043e-14,1.6440133452792319e-10
-7.9300437226733296e+00,-1.4375526060664445e-10,-8.2742797506941886e-11,1.6606550097028690e-14,1.6588164553382785e-10
-7.9200499687695194e+00,-1.3892042642397258e-10,-9.3560052867902212e-11,1.7975292382616972e-14,1.6750332224806752e-10
-7.9100562148657092e+00,-1.3350035097464995e-10,-1.0398653240402092e-10,1.9454905757173327e-14,1.6923574528968193e-10
-7.9000624609618990e+00,-1.2751696685028752e-10,-1.1397871913680429e-10,2.1054208731854237e-14,1.7104705560668792e-10
-7.8900687070580888e+00,-1.2099465755798606e-10,-1.2349503952028210e-10,2.2782707891523904e-14,1.7290530828930986e-10
-7.8800749531542786e+00,-1.1396025759548165e-10,-1.3249588306701938e-10,2.4650650504703224e-14,1.7477905577487025e-10
-7.8700811992504685e+00,-1.0644257977365246e-10,-1.4094317237935568e-10,2.6669081070486066e-14,1.7663713876771694e-10
-7.8600874453466583e+00,-9.8472734417771819e-11,-1.4880171614189048e-10,2.8849902090367548e-14,1.7845030916278814e-10
-7.8500936914428481e+00,-9.0083566231304790e-11,-1.5603822014954044e-10,3.1205939373477196e-14,1.8019045010990370e-10
-7.8400999375390379e+00,-8.1309284257224764e-11,-1.6262203452376156e-10,3.3751012205690315e-14,1.8183128306067497e-10
-7.8301061836352277e+00,-7.2185580160105505e-11,-1.6852529064375708e-10,3.6500008736589032e-14,1.8334885451094984e-10
-7.8201124297314175e+00,-6.2749706354439501e-11,-1.7372280271583491e-10,3.9468966963380393e-14,1.8472166283624336e-10
-7.8101186758276073e+00,-5.3040151987577443e-11,-1.7819201994828429e-10,4.2675161717741347e-14,1.8593058519622773e-10
-7.8001249219237980e+00,-4.3096920935165737e-11,-1.8191386941784447e-10,4.6137198090283918e-14,1.8695983352491004e-10
-7.7901311680199878e+00,-3.2960351835767210e-11,-1.8487213254607558e-10,4.9875111758034166e-14,1.8779611411118404e-10
-7.7801374141161777e+00,-2.2671854404462622e-11,-1.8705353059844271e-10,5.3910476713120044e-14,1.8842898847782690e-10
-7.7701436602123675e+00,-1.2272950764102698e-11,-1.8844851340693742e-10,5.8266520925938131e-14,1.8885153196364402e-10
-7.7601499063085573e+00,-1.8055380293743606e-12,-1.8905064013623472e-10,6.2968250513512409e-14,1.8905987372162848e-10
-7.7501561524047471e+00,8.6875618642835973e-12,-1.8885665568365686e-10,6.8042583023795025e-14,1.8905325310254604e-10
-7.7401623985009369e+00,1.9163886349405688e-11,-1.8786683905643407e-10,7.3518490489403922e-14,1.8883429604297214e-10
-7.7301686445971267e+00,2.9580567638641155e-11,-1.8608478455488600e-10,7.9427152949953021e-14,1.8840876925662147e-10
-7.7201748906933165e+00,3.9895264922744794e-11,-1.8351741515485515e-10,8.5802123190910688e-14,1.8778560912250046e-10
-7.7101811367895063e+00,5.0066478386767072e-11,-1.8017498371004062e-10,9.2679503498981038e-14,1.8697701818602928e-10
-7.7001873828856962e+00,6.0052557758298179e-11,-1.7607115747418613e-10,1.0009813528961628e-13,1.8599825243573693e-10
-7.6901936289818860e+00,6.9812998976876833e-11,-1.7122266979249237e-10,1.0809980252162782e-13,1.8486745419293225e-10
-7.6801998750780758e+00,7.9307669605261018e-11,-1.6564915031225495e-10,1.1672944987721665e-13,1.8360513609881837e-10
-7.6702061211742665e+00,8.8497287750499777e-11,-1.5937362728724045e-10,1.2603541675338782e-13,1.8223455027443865e-10
-7.6602123672704563e+00,9.7343993998673786e-11,-1.5242180359447683e-10,1.3606968818288179e-13,1.8078104646158955e-10
-7.6502186133666461e+00,1.0581137081546968e-10,-1.4482211568743456e-10,1.4688816387975826e-13,1.7927193892579180e-10
-7.6402248594628359e+00,1.1386453992478092e-10,-1.3660593023187496e-10,1.5855094668696374e-13,1.7773641186881856e-10
-7.6302311055590257e+00,1.2147000808100913e-10,-1.2780681734224379e-10,1.7112265179085519e-13,1.7620443287705420e-10
-7.6202373516552155e+00,1.2859601951067358e-10,-1.1846076782042744e-10,1.8467273816115346e-13,1.7470668989061539e-10
-7.6102435977514054e+00,1.3521258531385590e-10,-1.0860620308147733e-10,1.9927586377454890e-13,1.7327406348452305e-10
-7.6002498438475952e+00,1.4129178018389944e-10,-9.8283367874429745e-11,2.1501226628651278e-13,1.7193683388622844e-10
-7.5902560899437850e+00,1.4680828231060039e-10,-8.7534283283786880e-11,2.3196817092928187e-13,1.7072453431413365e-10
-7.5802623360399748e+00,1.5173892987872160e-10,-7.6403245502037971e-11,2.5023622753488579e-13,1.6966520040181424e-10
-7.5702685821361646e+00,1.5606298079004340e-10,-6.4935629619831211e-11,2.6991597871097737e-13,1.6878422626961301e-10
-7.5602748282323544e+00,1.5976186557228794e-10,-5.3178349897929636e-11,2.9111436133460375e-13,1.6810371021977000e-10
-7.5502810743285442e+00,1.6282000257249734e-10,-4.1179676438650881e-11,3.1394624367549573e-13,1.6764242928071101e-10
-7.5402873204247349e+00,1.6522362682452773e-10,-2.8988833269162620e-11,3.3853500061644401e-13,1.6741399571149052e-10
-7.5302935665209247e+00,1.6696266542279777e-10,-1.6655720940738547e-11,3.6501312960464998e-13,1.6742816605834107e-10
-7.5202998126171146e+00,1.6802962763814907e-10,-4.2311772341784976e-12,3.9352291014497281e-13,1.6768949421226537e-10
-7.5103060587133044e+00,1.6841969962553278e-10,8.2334100969833444e-12,4.2421710983478068e-13,1.6819712003333263e-10
-7.5003123048094942e+00,1.6813066339933999e-10,2.0686726771725163e-11,4.5725974014099964e-13,1.6894469793156784e-10
-7.4903185509056840e+00,1.6716331217658597e-10,3.3077083892918200e-11,4.9282686533402310e-13,1.6992099385522497e-10
-7.4803247970018738e+00,1.6552066326668788e-10,4.5353161853895263e-11,5.3110746822106899e-13,1.7110950532545239e-10
-7.4703310430980636e+00,1.6320862490499337e-10,5.7463890027420667e-11,5.7230437656422176e-13,1.7248962696959327e-10
-7.4603372891942534e+00,1.6023679174500125e-10,6.9358610543384424e-11,6.1663525432673083e-13,1.7403795911988940e-10
-7.4503435352904432e+00,1.5661640630808531e-10,8.0987753388373794e-11,6.6433366216619037e-13,1.7572724649710440e-10
-7.4403497813866331e+00,1.5236172675184843e-10,9.2302531867569633e-11,7.1565019188586599e-13,1.7752827922670159e-10
-7.4303560274828229e+00,1.4748940564167816e-10,1.0325544054742649e-10,7.7085367986694321e-13,1.7941019896431147e-10
-7.4203622735790127e+00,1.4201826064137315e-10,1.1380059468734142e-10,8.3023250483596738e-13,1.8134121054045099e-10
-7.4103685196752034e+00,1.3596973978553417e-10,1.2389350766230624e-10,8.9409597567428407e-13,1.8328947266964918e-10
-7.4003747657713932e+00,1.2936794903669951e-10,1.3349188081595331e-10,9.6277581535161011e-13,1.8522410953702827e-10
-7.3903810118675830e+00,1.2223940429251870e-10,1.4255490767645710e-10,1.0366277474646992e-12,1.8711497733979901e-10
-7.3803872579637728e+00,1.1461181930720510e-10,1.5104451505432442e-10,1.1160331922866764e-12,1.8893316012240769e-10
-7.3703935040599626e+00,1.0651597335959850e-10,1.5892490939298267e-10,1.2014010796838011e-12,1.9065226450286168e-10
-7.3603997501561524e+00,9.7983905810364554e-11,1.6616262293422132e-10,1.2931697867364052e-12,1.9224753754774378e-10
-7.3504059962523423e+00,8.9049683770833415e-11,1.7272709956786016e-10,1.3918092084108470e-12,1.9369706734467324e-10
-7.3404122423485321e+00,7.9749470380738790e-11,1.7859058662567333e-10,1.4978229701717689e-12,1.9498184006150376e-10
-7.3304184884447219e+00,7.0121185414122654e-11,1.8372791538502188e-10,1.6117507920004511e-12,1.9608541384806928e-10
-7.3204247345409117e+00,6.0203992707841650e-11,1.8811718504534458e-10,1.7341710138975304e-12,1.9699440438323631e-10
-7.3104309806371015e+00,5.0038157328173638e-11,1.9173962098437922e-10,1.8657032935996362e-12,1.9769842584842839e-10
-7.3004372267332913e+00,3.9665648150146166e-11,1.9457933202878262e-10,2.0070114879310124e-12,1.9819003347298764e-10
-7.2904434728294811e+00,2.9128780766365726e-11,1.9662384065379770e-10,2.1588067299461243e-12,1.9846489415756927e-10
-7.2804497189256718e+00,1.8471124457394823e-11,1.9786388815414260e-10,2.3218507147999582e-12,1.9852183073377175e-10
-7.2704559650218616e+00,7.7376734496942567e-12,1.9829331132391033e-10,2.4969592081116237e-12,1.9836255292157125e-10
-7.2604622111180515e+00,-3.0268655478448292e-12,1.9790902448052886e-10,2.6850057914673574e-12,1.9799143275665093e-10
-7.2504684572142413e+00,-1.3777280297157161e-11,1.9671182601313050e-10,2.8869258606442523e-12,1.9741640828535461e-10
-7.2404747033104311e+00,-2.4468004997853440e-11,1.9470515269439211e-10,3.1037208931280740e-12,1.9664764568729004e-10
-7.2304809494066209e+00,-3.5054156032244721e-11,1.9189624159796512e-10,3.3364630025528512e-12,1.9569876639697952e-10
-7.2204871955028107e+00,-4.5490456517419252e-11,1.8829508578682489e-10,3.5862997988078955e-12,1.9458562984452393e-10
-7.2104934415990005e+00,-5.5731929910111291e-11,1.8391525146044094e-10,3.8544595737454415e-12,1.9332707397433783e-10
-7.2004996876951903e+00,-6.5734084271347935e-11,1.7877316720694577e-10,4.1422568336811696e-12,1.9194412822336861e-10
-7.1905059337913801e+00,-7.5454009519613499e-11,1.7288859923558676e-10,4.4510982012171725e-12,1.9046074132356223e-10
-7.1805121798875700e+00,-8.4849024964384895e-11,1.6628419479339033e-10,4.7824887103340964e-12,1.8890273074179611e-10
-7.1705184259837598e+00,-9.3877928867539229e-11,1.5898590400846141e-10,5.1380385202041075e-12,1.8729837017742134e-10
-7.1605246720799505e+00,-1.0250106957663531e-10,1.5102234230760821e-10,5.5194700747711272e-12,1.8567763694817279e-10
-7.1505309181761403e+00,-1.1067935884815556e-10,1.4242490930283777e-10,5.9286257368371193e-12,1.8407139065834065e-10
-7.1405371642723301e+00,-1.1837550351125620e-10,1.3322775916123696e-10,6.3674759271867981e-12,1.8251149752907178e-10
-7.1305434103685199e+00,-1.2555415382761693e-10,1.2346749696538214e-10,6.8381278011859573e-12,1.8103021582536133e-10
-7.1205496564647097e+00,-1.3218140171308581e-10,1.1318352025232821e-10,7.3428344973043463e-12,1.7965946049902837e-10
-7.1105559025608995e+00,-1.3822572624295809e-10,1.0241711982406271e-10,7.8840049941521348e-12,1.7843015438887285e-10
-7.1005621486570893e+00,-1.4365719195698687e-10,9.1211982055118542e-11,8.4642146148838006e-12,1.7737121527414656e-10
-7.0905683947532792e+00,-1.4844812354888906e-10,7.9613538901424425e-11,9.0862162202242213e-12,1.7650887734870177e-10
-7.0805746408494690e+00,-1.5257226262414753e-10,6.7668788034926624e-11,9.7529521339152064e-12,1.7586511939656203e-10
-7.0705808869456588e+00,-1.5600611636837407e-10,5.5426459924463794e-11,1.0467566847075356e-11,1.7545819919022309e-10
-7.0605871330418486e+00,-1.5872862988243879e-10,4.2936736906405011e-11,1.1233420550821416e-11,1.7530163137759993e-10
-7.0505933791380384e+00,-1.6072058078193599e-10,3.0250465814653494e-11,1.2054103549521408e-11,1.7540291396621171e-10
-7.0405996252342282e+00,-1.6196568585005238e-10,1.7419741193737295e-11,1.2933451610253815e-11,1.7576448921103453e-10
-7.0306058713304189e+00,-1.6244987265508894e-10,4.4972008697019578e-12,1.3875562307435314e-11,1.7638277645616598e-10
-7.0206121174266087e+00,-1.6216108009340714e-10,-8.4644213119042974e-12,1.4884812425172008e-11,1.7724811560590906e-10
-7.0106183635227985e+00,-1.6108972298550747e-10,-2.1411896274576481e-11,1.5965876483686688e-11,1.7834560439065756e-10
-7.0006246096189884e+00,-1.5922963160397715e-10,-3.4292119248515539e-11,1.7123746460199836e-11,1.7965651504245803e-10
-6.9906308557151782e+00,-1.5657616340251920e-10,-4.7052308357031809e-11,1.8363752778897162e-11,1.8115709755702699e-10
-6.9806371018113680e+00,-1.5312817084301250e-10,-5.9640080493724392e-11,1.9691586649123985e-11,1.8282124543099140e-10
-6.9706433479075578e+00,-1.4888607424824674e-10,-7.2003748189235610e-11,2.1113323835710884e-11,1.8461943316511061e-10
-6.9606495940037476e+00,-1.4385292325977195e-10,-8.4092747325636560e-11,2.2635449950381302e-11,1.8652069206105961e-10
-6.9506558400999374e+00,-1.3803399856576740e-10,-9.5857417865496828e-11,2.4264887358524078e-11,1.8849289889040024e-10
-6.9406620861961272e+00,-1.3143769702536784e-10,-1.0724951074663018e-10,2.6009023801257626e-11,1.9050440271670595e-10
-6.9306683322923170e+00,-1.2407373517469158e-10,-1.1822200831082671e-10,2.7875742838678671e-11,1.9252295218383931e-10
-6.9206745783885069e+00,-1.1595474178934438e-10,-1.2872986400549021e-10,2.9873456226500108e-11,1.9451797146644409e-10
-6.9106808244846967e+00,-1.0709573542801070e-10,-1.3872938615562952e-10,3.2011138344949682e-11,1.9646008478569917e-10
-6.9006870705808874e+00,-9.7512425652002388e-11,-1.4817923068985677e-10,3.4298362805858654e-11,1.9832087222912464e-10
-6.8906933166770772e+00,-8.7222806906051549e-11,-1.5704020368117202e-10,3.6745341371318399e-11,2.0007430459592750e-10
-6.8806995627732670e+00,-7.6246643617295606e-11,-1.6527533691708591e-10,3.9362965325164194e-11,2.0169660054865759e-10
-6.8707058088694568e+00,-6.4604890514041666e-11,-1.7284970366930962e-10,4.2162849446869821e-11,2.0316586906990299e-10
-6.8607120549656466e+00,-5.2320428372537560e-11,-1.7973163761381094e-10,4.5157378746231026e-11,2.0446365065709383e-10
-6.8507183010618364e+00,-3.9416508902991656e-11,-1.8589152195460007e-10,4.8359758126508574e-11,2.0557317672359808e-10
-6.8407245471580262e+00,-2.5917323487378331e-11,-1.9130295991749595e-10,5.1784065153520077e-11,2.0648081816459125e-10
-6.8307307932542161e+00,-1.1847036354129382e-11,-1.9594271466652042e-10,5.5445306118530307e-11,2.0717578716235920e-10
-6.8207370393504059e+00,2.7685341633430591e-12,-1.9979026618137807e-10,5.9359475593745413e-11,2.0765039155466366e-10
-6.8107432854465957e+00,1.7904675864947406e-11,-2.0282837626906904e-10,6.3543619690769802e-11,2.0789964745877666e-10
-6.8007495315427855e+00,3.3535903737499747e-11,-2.0504301758413610e-10,6.8015903244591926e-11,2.0792188298978398e-10
-6.7907557776389753e+00,4.9637003405434038e-11,-2.0642380449593877e-10,7.2795681158547948e-11,2.0771882778855201e-10
-6.7807620237351651e+00,6.6183892530431127e-11,-2.0696327512034807e-10,7.7903574159307805e-11,2.0729483395884017e-10
-6.7707682698313558e+00,8.3153385490377664e-11,-2.0665812196902762e-10,8.3361549225284274e-11,2.0665822680915954e-10
-6.7607745159275456e+00,1.0052316296021552e-10,-2.0550816635880814e-10,8.9193004967001155e-11,2.0582025877039112e-10
-6.7507807620237354e+00,1.1827226643548640e-10,-2.0351663016678333e-10,9.5422862253934202e-11,2.0479529786080344e-10
-6.7407870081199253e+00,1.3638114143274880e-10,-2.0069038623103939e-10,1.0207766039920161e-10,2.0360098216016221e-10
-6.7307932542161151e+00,1.5483226119783542e-10,-1.9703980863494347e-10,1.0918565923124380e-10,2.0225799973793764e-10
-6.7207995003123049e+00,1.7360977926467897e-10,-1.9257853095465976e-10,1.1677694740039118e-10,2.0078959475622547e-10
-6.7108057464084947e+00,1.9270147077727877e-10,-1.8732388547084909e-10,1.2488355728798344e-10,1.9922225643220018e-10
-6.7008119925046845e+00,2.1209709555878287e-10,-1.8129641605670009e-10,1.3353958690655735e-10,1.9758459616237444e-10
-6.6908182386008743e+00,2.3178955649706336e-10,-1.7451976485546293e-10,1.4278132920158092e-10,1.9590715365062690e-10
-6.6808244846970641e+00,2.5177477253923319e-10,-1.6702052459691217e-10,1.5264740918839520e-10,1.9422175419225520e-10
-6.6708307307932539e+00,2.7205244514098274e-10,-1.5882861197840212e-10,1.6317892938242281e-10,1.9256160161521097e-10
-6.6608369768894438e+00,2.9262597598159880e-10,-1.4997633264728825e-10,1.7441962400643895e-10,1.9095979158347821e-10
-6.6508432229856336e+00,3.1350387740671466e-10,-1.4049907352184380e-10,1.8641602248580664e-10,1.8945002646844428e-10
-6.6408494690818243e+00,3.3469895069077023e-10,-1.3043463235073044e-10,1.9921762277113204e-10,1.8806483863640951e-10
-6.6308557151780141e+00,3.5622896063420428e-10,-1.1982323256239427e-10,2.1287707505789850e-10,1.8683514166233259e-10
-6.6208619612742039e+00,3.7811663960416146e-10,-1.0870710867495804e-10,2.2745037650428664e-10,1.8578901558743952e-10
-6.6108682073703937e+00,4.0039064845761587e-10,-9.7130706238486548e-11,2.4299707758179792e-10,1.8495164299737457e-10
-6.6008744534665835e+00,4.2308550961625674e-10,-8.5140220360697199e-11,2.5958050072840817e-10,1.8434409416762860e-10
-6.5908806995627733e+00,4.4624285380669023e-10,-7.2783472909643819e-11,2.7726797201097251e-10,1.8398354439097436e-10
-6.5808869456589631e+00,4.6991091865781379e-10,-6.0110155922646178e-11,2.9613106654254825e-10,1.8388221188099841e-10
-6.5708931917551530e+00,4.9414498071568304e-10,-4.7171129166929238e-11,3.1624586844127691e-10,1.8404675920782980e-10
-6.5608994378513428e+00,5.1900767789967743e-10,-3.4018139246216197e-11,3.3769324616062242e-10,1.8447806632397087e-10
-6.5509056839475326e+00,5.4456965618399637e-10,-2.0704077218695062e-11,3.6055914406610353e-10,1.8517161603055388e-10
-6.5409119300437224e+00,5.7090960281437380e-10,-7.2826328106720719e-12,3.8493489118146419e-10,1.8611724828075168e-10
-6.5309181761399122e+00,5.9811518008413195e-10,6.1921043472445595e-12,4.1091752807741059e-10,1.8730003489876001e-10
-6.5209244222361020e+00,6.2628336128873655e-10,1.9665606634499389e-11,4.3861015292890339e-10,1.8870073985116280e-10
-6.5109306683322927e+00,6.5552026379197630e-10,3.3082879640311741e-11,4.6812228782254930e-10,1.9029576538308281e-10
-6.5009369144284825e+00,6.8594194051181322e-10,4.6389501780329488e-11,4.9957026645407382e-10,1.9205829002287678e-10
-6.4909431605246724e+00,7.1767432237780364e-10,5.9531332575746470e-11,5.3307764441725957e-10,1.9395853441473759e-10
-6.4809494066208622e+00,7.5085391941621494e-10,7.2454367678252831e-11,5.6877563335035119e-10,1.9596463367745202e-10
-6.4709556527170520e+00,7.8562872767959360e-10,8.5105814843978587e-11,6.0680356027378701e-10,1.9804403605757058e-10
-6.4609618988132418e+00,8.2215831504643267e-10,9.7433436123940025e-11,6.4730935352444000e-10,2.0016351770549290e-10
-6.4509681449094316e+00,8.6061433920316605e-10,1.0938627696040334e-10,6.9045005676653753e-10,2.0228999136000462e-10
-6.4409743910056214e+00,9.0118025378001125e-10,1.2091480469615516e-10,7.3639237263817282e-10,2.0439040037615762e-10
-6.4309806371018112e+00,9.4405273330334125e-10,1.3197144284175580e-10,7.8531323767506652e-10,2.0643325603703941e-10
-6.4209868831980010e+00,9.8944198518293606e-10,1.4251003997088457e-10,8.3740043024012482e-10,2.0838844958857726e-10
-6.4109931292941909e+00,1.0375719601059939e-09,1.5248699742699146e-10,8.9285321327864958e-10,2.1022797165833163e-10
-6.4009993753903807e+00,1.0886821352238149e-09,1.6186053632258544e-10,9.5188301381486371e-10,2.1192647979168619e-10
-6.3910056214865705e+00,1.1430266634636922e-09,1.7059149566156041e-10,1.0147141412060218e-09,2.1346091389332459e-10
-6.3810118675827612e+00,1.2008759183822460e-09,1.7864314488084925e-10,1.0815845462760983e-09,2.1481109066313935e-10
-6.3710181136789510e+00,1.2625165903008839e-09,1.8598194400144100e-10,1.1527466235618466e-09,2.1596001734683319e-10
-6.3610243597751408e+00,1.3282527340054856e-09,1.9257694101471692e-10,1.2284680590203942e-09,2.1689365959489476e-10
-6.3510306058713306e+00,1.3984064828382256e-09,1.9840046097533108e-10,1.3090327256697163e-09,2.1760149674494323e-10
-6.3410368519675204e+00,1.4733193971404981e-09,2.0342788004230083e-10,1.3947416297614261e-09,2.1807651846263568e-10
-6.3310430980637102e+00,1.5533528464717003e-09,2.0763749644458463e-10,1.4859139102196311e-09,2.1831477286841022e-10
-6.3210493441599001e+00,1.6388887094512070e-09,2.1101134229289808e-10,1.5828878942207666e-09,2.1831600464172232e-10
-6.3110555902560899e+00,1.7303306077173051e-09,2.1353453118713353e-10,1.6860222119369977e-09,2.1808308037519385e-10
-6.3010618363522797e+00,1.8281045705406837e-09,2.1519583955404069e-10,1.7956969736209251e-09,2.1762238326854610e-10
-6.2910680824484695e+00,1.9326603630401797e-09,2.1598732375536788e-10,1.9123150123718442e-09,2.1694344266841447e-10
-6.2810743285446593e+00,2.0444727196500304e-09,2.1590482074226516e-10,2.0363031960941953e-09,2.1605932688703583e-10
-6.2710805746408491e+00,2.1640429699978763e-09,2.1494713715169232e-10,2.1681138123375302e-09,2.1498568214432968e-10
-6.2610868207370389e+00,2.2918994142788026e-09,2.1311669553704086e-10,2.3082260298944525e-09,2.1374116190871836e-10
-6.2510930668332296e+00,2.4285985455193827e-09,2.1041967197888854e-10,2.4571474412290470e-09,2.1234754013631603e-10
-6.2410993129294194e+00,2.5747273046152540e-09,2.0686547716692218e-10,2.6154156900141163e-09,2.1082900737295318e-10
-6.2311055590256093e+00,2.7309037580672656e-09,2.0246692062850357e-10,2.7836001882704001e-09,2.0921225514998541e-10
-6.2211118051217991e+00,2.8977793559497394e-09,1.9724045722505287e-10,2.9623039278268794e-09,2.0752642805743108e-10
-6.2111180512179889e+00,3.0760409167334381e-09,1.9120557604366726e-10,3.1521653910570212e-09,2.0580210859277534e-10
-6.2011242973141787e+00,3.2664116184367377e-09,1.8438480641526109e-10,3.3538605660934875e-09,2.0407125050595997e-10
-6.1911305434103685e+00,3.4696530227349541e-09,1.7680439708495845e-10,3.5681050719822310e-09,2.0236748955690461e-10
-6.1811367895065583e+00,3.6865673579715913e-09,1.6849341447406442e-10,3.7956563995084316e-09,2.0072481088434317e-10
-6.1711430356027481e+00,3.9179995766175047e-09,1.5948416167429284e-10,4.0373162737099427e-09,1.9917748876316462e-10
-6.1611492816989379e+00,4.1648394144240890e-09,1.4981175841120556e-10,4.2939331443909814e-09,1.9775933372415663e-10
-6.1511555277951278e+00,4.4280252912246376e-09,1.3951416045449562e-10,4.5664048112593138e-09,1.9650214383652439e-10
-6.1411617738913176e+00,4.7085451726002228e-09,1.2863166566127266e-10,4.8556811906350489e-09,1.9543570097077480e-10
-6.1311680199875074e+00,5.0074403008508896e-09,1.1720742960067502e-10,5.1627672310193895e-09,1.9458683611479794e-10
-6.1211742660836981e+00,5.3258074697343819e-09,1.0528696618665075e-10,5.4887259851664868e-09,1.9397883368911655e-10
-6.1111805121798879e+00,5.6648025899721032e-09,9.2917736593465085e-11,5.8346818466743883e-09,1.9363023429044710e-10
-6.1011867582760777e+00,6.0256436734549571e-09,8.0149412597692094e-11,6.2018239594982850e-09,1.9355469906479647e-10
-6.0911930043722675e+00,6.4096153748240258e-09,6.7033378344667341e-11,6.5914098091973534e-09,1.9375936153233330e-10
-6.0811992504684573e+00,6.8180715264230355e-09,5.3622274144111224e-11,7.0047690051496134e-09,1.9424545515210191e-10
-6.0712054965646471e+00,7.2524393825925031e-09,3.9970024378369867e-11,7.4433072634144794e-09,1.9500807875131638e-10
-6.0612117426608370e+00,7.7142233153372939e-09,2.6132103026877654e-11,7.9085106003852819e-09,1.9603682291836271e-10
-6.0512179887570268e+00,8.2050097511736042e-09,1.2164469663060742e-11,8.4019497478601378e-09,1.9731532281370191e-10
-6.0412242348532166e+00,8.7264712245391396e-09,-1.8762792421846555e-12,8.9252848006642313e-09,1.9882242950794635e-10
-6.0312304809494064e+00,9.2803719812073834e-09,-1.5932882709594265e-11,9.4802701084869422e-09,2.0053208731101451e-10
-6.0212367270455962e+00,9.8685727475244197e-09,-2.9948684689024467e-11,1.0068759424148307e-08,2.0241449852300487e-10
-6.0112429731417860e+00,1.0493035660069785e-08,-4.3866730498499865e-11,1.0692711321086679e-08,2.0443742232566366e-10
-6.0012492192379758e+00,1.1155829998747109e-08,-5.7630470789500635e-11,1.1354194893460965e-08,2.0656694464085648e-10
-5.9912554653341665e+00,1.1859138745970768e-08,-7.1183997644086414e-11,1.2055395752890097e-08,2.0876775202489231e-10
-5.9812617114303563e+00,1.2605263978668416e-08,-8.4472129005759091e-11,1.2798622336507014e-08,2.1100472773093253e-10
-5.9712679575265462e+00,1.3396634138177909e-08,-9.7440838854238266e-11,1.3586312541690196e-08,2.1324308625507093e-10
-5.9612742036227360e+00,1.4235811576486427e-08,-1.1003727628603644e-10,1.4421040703548911e-08,2.1544844321734941e-10
-5.9512804497189258e+00,1.5125498902803083e-08,-1.2221042766952263e-10,1.5305524931984342e-08,2.1758851029854249e-10
-5.9412866958151156e+00,1.6068547007626272e-08,-1.3391064199098606e-10,1.6242634825924560e-08,2.1963294042173102e-10
-5.9312929419113054e+00,1.7067963142908682e-08,-1.4508988258856561e-10,1.7235399583143548e-08,2.2155368547620193e-10
-5.9212991880074952e+00,1.8126919682554198e-08,-1.5570241817627253e-10,1.8287016524917013e-08,2.2332541718416833e-10
-5.9113054341036850e+00,1.9248762955851604e-08,-1.6570440526134155e-10,1.9400860055652028e-08,2.2492549364337327e-10
-5.9013116801998748e+00,2.0437024152132074e-08,-1.7505458247143975e-10,2.0580491078542328e-08,2.2633352782532096e-10
-5.8913179262960647e+00,2.1695427450412513e-08,-1.8371441453338814e-10,2.1829666889261633e-08,2.2753288344736490e-10
-5.8813241723922545e+00,2.3027901242427693e-08,-1.9164764949401727e-10,2.3152351570702501e-08,2.2850974982326068e-10
-5.8713304184884443e+00,2.4438589621668843e-08,-1.9882088280736676e-10,2.4552726912808738e-08,2.2925327624497320e-10
-5.8613366645846350e+00,2.5931863030232081e-08,-2.0520366679235084e-10,2.6035203882631118e-08,2.2975612427003042e-10
-5.8513429106808248e+00,2.7512331427797231e-08,-2.1076858068163029e-10,2.7604434670866366e-08,2.3001391694069546e-10
-5.8413491567770146e+00,2.9184857317472671e-08,-2.1549152091832082e-10,2.9265325342309058e-08,2.3002543035229945e-10
-5.8313554028732044e+00,3.0954568541504189e-08,-2.1935186790714405e-10,3.1023049118874448e-08,2.2979301867401733e-10
-5.8213616489693942e+00,3.2826872407904848e-08,-2.2233232912102448e-10,3.2883060325120127e-08,2.2932236396254636e-10
-5.8113678950655840e+00,3.4807470596749177e-08,-2.2441890785731460e-10,3.4851109027520151e-08,2.2862230609462182e-10
-5.8013741411617739e+00,3.6902374971859612e-08,-2.2560147896936822e-10,3.6933256400125374e-08,2.2770526986633325e-10
-5.7913803872579637e+00,3.9117923229617111e-08,-2.2587333359374605e-10,3.9135890850677815e-08,2.2658684479760232e-10
-5.7813866333541535e+00,4.1460797144949348e-08,-2.2523158756577941e-10,4.1465744942743078e-08,2.2528592663637247e-10
-5.7713928794503433e+00,4.3938039910649246e-08,-2.2367731650196264e-10,4.3929913150972796e-08,2.2382490062626622e-10
-5.7613991255465331e+00,4.6557074812163977e-08,-2.2121546048012605e-10,4.6535870488231550e-08,2.2222939344034923e-10
-5.7514053716427229e+00,4.9325724959217186e-08,-2.1785422738888203e-10,4.9291492044998492e-08,2.2052745136855681e-10
-5.7414116177389136e+00,5.2252234077276548e-08,-2.1360577113803180e-10,5.2205073483199021e-08,2.1874996479363960e-10
-5.7314178638351034e+00,5.5345287842005667e-08,-2.0848601820391298e-10,5.5285352528448968e-08,2.1693008458409394e-10
-5.7214241099312932e+00,5.8614037564963948e-08,-2.0251423331587299e-10,5.8541531506561194e-08,2.1510263410897476e-10
-5.7114303560274831e+00,6.2068123301319444e-08,-1.9571360840376320e-10,6.1983300972152243e-08,2.1330411163353257e-10
-5.7014366021236729e+00,6.5717698914896045e-08,-1.8811067164878352e-10,6.5620864479199915e-08,2.1157157825365953e-10
-5.6914428482198627e+00,6.9573458216223269e-08,-1.7973509807530843e-10,6.9464964545540102e-08,2.0994185399402463e-10
-5.6814490943160525e+00,7.3646662218216548e-08,-1.7061979919013384e-10,7.3526909865476039e-08,2.0845081401272791e-10
-5.6714553404122423e+00,7.7949167752931480e-08,-1.6080050264283695e-10,7.7818603826969654e-08,2.0713218101674624e-10
-5.6614615865084321e+00,8.2493458250075774e-08,-1.5031586516670092e-10,8.2352574392246068e-08,2.0601728257064884e-10
-5.6514678326046219e+00,8.7292674815813478e-08,-1.3920732662106798e-10,8.7142005403115690e-08,2.0513398477015216e-10
-5.6414740787008117e+00,9.2360649352073294e-08,-1.2751912885679466e-10,9.2200769374862334e-08,2.0450607652921435e-10
-5.6314803247970016e+00,9.7711938645763276e-08,-1.1529746983180182e-10,9.7543461845210827e-08,2.0415175452100574e-10
-5.6214865708931914e+00,1.0336186097613307e-07,-1.0259065849631655e-10,1.0318543734763212e-07,2.0408365908163379e-10
-5.6114928169893821e+00,1.0932653346405135e-07,-8.9449002657283832e-11,1.0914284708110183e-07,2.0430812846644342e-10
-5.6014990630855719e+00,1.1562291197334128e-07,-7.5924529977592090e-11,1.1543267835139712e-07,2.0482520638415611e-10
-5.5915053091817617e+00,1.2226883331208209e-07,-6.2071026895873862e-11,1.2207279586207173e-07,2.0562950709095711e-10
-5.5815115552779515e+00,1.2928305745049024e-07,-4.7943591858825599e-11,1.2908198493646259e-07,2.0670932223226948e-10
-5.5715178013741413e+00,1.3668531359794500e-07,-3.3598797025415502e-11,1.3647999675535439e-07,2.0804779502059304e-10
-5.5615240474703311e+00,1.4449634660936671e-07,-1.9093408698957263e-11,1.4428759569837619e-07,2.0962228196238208e-10
-5.5515302935665209e+00,1.5273796782230516e-07,-4.4856516101944446e-12,1.5252660888073661e-07,2.1140653549818614e-10
-5.5415365396627108e+00,1.6143310603132810e-07,1.0166067879901602e-11,1.6121997798059332e-07,2.1337037035667405e-10
-5.5315427857589006e+00,1.7060586257406302e-07,2.4803142218117574e-11,1.7039181345614918e-07,2.1548136982946957e-10
-5.5215490318550904e+00,1.8028156777038122e-07,3.9366463147830432e-11,1.8006745125552442e-07,2.1770530621735627e-10
-5.5115552779512802e+00,1.9048684024498700e-07,5.3796969808079525e-11,1.9027351212653706e-07,2.2000681826234727e-10
-5.5015615240474700e+00,2.0124964843887088e-07,6.8036335649109735e-11,2.0103796363774739e-07,2.2234972002512215e-10
-5.4915677701436598e+00,2.1259937617958951e-07,8.2026658492057586e-11,2.1239018502651811e-07,2.2469826707546294e-10
-5.4815740162398505e+00,2.2456688948666669e-07,9.5711083015224424e-11,2.2436103499435847e-07,2.2701692319169393e-10
-5.4715802623360403e+00,2.3718460856093182e-07,1.0903381950946374e-10,2.3698292257453533e-07,2.2927191477707046e-10
-5.4615865084322301e+00,2.5048658175025896e-07,1.2193991464361650e-10,2.5028988120175419e-07,2.3143130420357957e-10
-5.4515927545284200e+00,2.6450856193911496e-07,1.3437629356587710e-10,2.6431764611878246e-07,2.3346485544024243e-10
-5.4415990006246098e+00,2.7928808796285809e-07,1.4629162972042778e-10,2.7910373526004092e-07,2.3534476829166176e-10
-5.4316052467207996e+00,2.9486456890454043e-07,1.5763682676275756e-10,2.9468753375758224e-07,2.3704601327661878e-10
-5.4216114928169894e+00,3.1127937191698639e-07,1.6836483440220583e-10,3.1111038222043058e-07,2.3854608570527658e-10
-5.4116177389131792e+00,3.2857591520981959e-07,1.7843130802595830e-10,3.2841566894398517e-07,2.3982618163522324e-10
-5.4016239850093690e+00,3.4679976388350406e-07,1.8779430063975509e-10,3.4664892621214535e-07,2.4087071730223720e-10
-5.3916302311055588e+00,3.6599873019634385e-07,1.9641456097070740e-10,3.6585793086091971e-07,2.4166740081606677e-10
-5.3816364772017486e+00,3.8622297862665756e-07,2.0425621064208090e-10,3.8609280927864844e-07,2.4220788332954982e-10
-5.3716427232979385e+00,4.0752513528294440e-07,2.1128633997346139e-10,4.0740614702448314e-07,2.4248736691016606e-10
-5.3616489693941283e+00,4.2996040183618938e-07,2.1747543530379448e-10,4.2985310325354892e-07,2.4250474386540886e-10
-5.3516552154903190e+00,4.5358667532929511e-07,2.2279755810878427e-10,4.5349153014417428e-07,2.4226299377105182e-10
-5.3416614615865088e+00,4.7846467293016459e-07,2.2722995565359651e-10,4.7838209752980271e-07,2.4176879346032389e-10
-5.3316677076826986e+00,5.0465806115251932e-07,2.3075339052488566e-10,5.0458842294557754e-07,2.4103237771054015e-10
-5.3216739537788884e+00,5.3223359143099572e-07,2.3335253905825856e-10,5.3217720730736049e-07,2.4006785891295249e-10
-5.3116801998750782e+00,5.6126124209094025e-07,2.3501548209751373e-10,5.6121837644875814e-07,2.3889273765690715e-10
-5.3016864459712680e+00,5.9181436455245692e-07,2.3573444543773015e-10,5.9178522874995554e-07,2.3752815360127998e-10
-5.2916926920674578e+00,6.2396983783174828e-07,2.3550533092100960e-10,6.2395458910057118e-07,2.3599848451785771e-10
-5.2816989381636477e+00,6.5780822942741491e-07,2.3432764014363680e-10,6.5780696944739375e-07,2.3433102757624618e-10
-5.2717051842598375e+00,6.9341396179054234e-07,2.3220442584941135e-10,6.9342673618685790e-07,2.3255554301130256e-10
-5.2617114303560273e+00,7.3087548676862509e-07,2.2914241396152561e-10,7.3090228467131404e-07,2.3070408202856229e-10
-5.2517176764522171e+00,7.7028546680286956e-07,2.2515262966686182e-10,7.7032622110763681e-07,2.2881131965653413e-10
-5.2417239225484069e+00,8.1174096494118674e-07,2.2024937057573779e-10,8.1179555213655279e-07,2.2691308278047826e-10
-5.2317301686445967e+00,8.5534364125005440e-07,2.1445064207360136e-10,8.5541188239110053e-07,2.2504650900882018e-10
-5.2217364147407874e+00,9.0119995988679723e-07,2.0777818386222543e-10,9.0128162034307363e-07,2.2324919665780239e-10
-5.2117426608369772e+00,9.4942140227338104e-07,2.0025690397562786e-10,9.4951619275694395e-07,2.2155826178230064e-10
-5.2017489069331670e+00,1.0001246905082877e-06,1.9191508808763012e-10,1.0002322680817803e-06,2.2000985285719167e-10
-5.1917551530293569e+00,1.0534320196733748e-06,1.8278444228336838e-10,1.0535519891230364e-06,2.1863856291362726e-10
-5.1817613991255467e+00,1.1094712996509282e-06,1.7290046250430717e-10,1.1096032153476906e-06,2.1747717348380318e-10
-5.1717676452217365e+00,1.1683764078270614e-06,1.6230117257973871e-10,1.1685197751882238e-06,2.1655454478592966e-10
-5.1617738913179263e+00,1.2302874509840358e-06,1.5102813807275771e-10,1.2304417287232521e-06,2.1589608451155226e-10
-5.1517801374141161e+00,1.2953510399012135e-06,1.3912507630935928e-10,1.2955156411252946e-06,2.1552111225373798e-10
-5.1417863835103059e+00,1.3637205721293771e-06,1.2663877064219117e-10,1.3638948672792078e-06,2.1544414005550001e-10
-5.1317926296064957e+00,1.4355565289094664e-06,1.1361838008037351e-10,1.4357398479881731e-06,2.1567341261721766e-10
-5.1217988757026855e+00,1.5110267830470627e-06,1.0011586492133135e-10,1.5112184181978963e-06,2.1621104838546447e-10
-5.1118051217988754e+00,1.5903069194635903e-06,8.6184641637910460e-11,1.5905061276838431e-06,2.1705231505457033e-10
-5.1018113678950652e+00,1.6735805681562261e-06,7.1880795644586995e-11,1.6737865746607594e-06,2.1818691228511140e-10
-5.0918176139912559e+00,1.7610397526369120e-06,5.7261433142241007e-11,1.7612517527887148e-06,2.1959721330183082e-10
-5.0818238600874457e+00,1.8528852492720696e-06,4.2385150117864138e-11,1.8531024120652147e-06,2.2126043405253489e-10
-5.0718301061836355e+00,1.9493269630897827e-06,2.7311481510351932e-11,1.9495484341084226e-06,2.2314867044120922e-10
-5.0618363522798253e+00,2.0505843173785743e-06,1.2101426081245859e-11,2.0508092223529842e-06,2.2523030885633659e-10
-5.0518425983760151e+00,2.1568866595205818e-06,-3.1836904161372791e-12,2.1571141076961134e-06,2.2747045618561633e-10
-5.0418488444722049e+00,2.2684736820604574e-06,-1.8481859927983315e-11,2.2687027701488026e-06,2.2983239842992249e-10
-5.0318550905683948e+00,2.3855958622767105e-06,-3.3731383342193064e-11,2.3858256770641775e-06,2.3227708186707337e-10
-5.0218613366645846e+00,2.5085149165407205e-06,-4.8870775120942798e-11,2.5087445385329809e-06,2.3476501440915572e-10
-5.0118675827607744e+00,2.6375042729081684e-06,-6.3838776994454136e-11,2.6377327805543514e-06,2.3725752635530736e-10
-5.0018738288569642e+00,2.7728495638695736e-06,-7.8574895341142166e-11,2.7730760366086420e-06,2.3971632343039707e-10
-4.9918800749531540e+00,2.9148491357949011e-06,-9.3019443136922148e-11,2.9150726582783617e-06,2.4210517841195745e-10
-4.9818863210493438e+00,3.0638145795009783e-06,-1.0711357937104069e-10,3.0640342455827022e-06,2.4439007006338067e-10
-4.9718925671455336e+00,3.2200712818352183e-06,-1.2080025323370204e-10,3.2202861977113350e-06,2.4653911452004732e-10
-4.9618988132417243e+00,3.3839589971302999e-06,-1.3402404190523531e-10,3.3841682848635411e-06,2.4852323652700046e-10
-4.9519050593379141e+00,3.5558324403347621e-06,-1.4673133629178503e-10,3.5560352419199237e-06,2.5031693509236016e-10
-4.9419113054341040e+00,3.7360619040686109e-06,-1.5887038285624507e-10,3.7362573846949945e-06,2.5189774480965810e-10
-4.9319175515302938e+00,3.9250338977778127e-06,-1.7039141005740772e-10,3.9252212495415857e-06,2.5324674925889102e-10
-4.9219237976264836e+00,4.1231518112138457e-06,-1.8124721102117530e-10,4.1233302570997254e-06,2.5434914132020270e-10
-4.9119300437226734e+00,4.3308366045786678e-06,-1.9139291567959169e-10,4.3310054010060310e-06,2.5519302902490701e-10
-4.9019362898188632e+00,4.5485275223753011e-06,-2.0078654060279834e-10,4.5486859624028640e-06,2.5577036032615844e-10
-4.8919425359150530e+00,4.7766828349182427e-06,-2.0938914916978816e-10,4.7768302511105542e-06,2.5607684304845513e-10
-4.8819487820112428e+00,5.0157806071001828e-06,-2.1716494437399396e-10,5.0159163743502735e-06,2.5611200530659956e-10
-4.8719550281074326e+00,5.2663194951737019e-06,-2.2408048266829315e-10,5.2664430339301233e-06,2.5587865688839859e-10
-4.8619612742036225e+00,5.5288195747489588e-06,-2.3010636249469490e-10,5.5289303528324925e-06,2.5538347999026025e-10
-4.8519675202998123e+00,5.8038231965973802e-06,-2.3521622743328741e-10,5.8039207321665342e-06,2.5463672338868081e-10
-4.8419737663960021e+00,6.0918958768733909e-06,-2.3938747124408754e-10,6.0919797394761475e-06,2.5365192199104438e-10
-4.8319800124921928e+00,6.3936272166545647e-06,-2.4260151052821714e-10,6.3936970294207242e-06,2.5244665818626423e-10
-4.8219862585883826e+00,6.7096318566590743e-06,-2.4484351988738196e-10,6.7096872978736267e-06,2.5104198354437020e-10
-4.8119925046845724e+00,7.0405504659853316e-06,-2.4610216977268018e-10,7.0405912705107235e-06,2.4946199562113140e-10
-4.8019987507807622e+00,7.3870507664210121e-06,-2.4637021688816597e-10,7.3870767269906885e-06,2.4773420221569082e-10
-4.7920049968769520e+00,7.7498285933329133e-06,-2.4564449376217990e-10,7.7498395618568727e-06,2.4588925522178393e-10
-4.7820112429731418e+00,8.1296089956383958e-06,-2.4392570941085025e-10,8.1296048833207130e-06,2.4396037151207680e-10
-4.7720174890693317e+00,8.5271473733233072e-06,-2.4121917389939346e-10,8.5271281511161564e-06,2.4198384885040658e-10
-4.7620237351655215e+00,8.9432306556740672e-06,-2.3753439818553865e-10,8.9431963546455749e-06,2.3999823098722142e-10
-4.7520299812617113e+00,9.3786785210367697e-06,-2.3288399430696145e-10,9.3786292326680443e-06,2.3804263923921848e-10
-4.7420362273579011e+00,9.8343446599297782e-06,-2.2728540093901639e-10,9.8342805358130375e-06,2.3615790443638980e-10
-4.7320424734540909e+00,1.0311118081296919e-05,-2.2075952596514671e-10,1.0311039333233932e-05,2.3438435470085647e-10
-4.7220487195502807e+00,1.0809924465749867e-05,-2.1333095263538628e-10,1.0809831364748754e-05,2.3276144818354167e-10
-4.7120549656464705e+00,1.1331727564772839e-05,-2.0502879272589621e-10,1.1331620439848111e-05,2.3132780927645414e-10
-4.7020612117426612e+00,1.1877530647657063e-05,-1.9588533786007192e-10,1.1877409884983879e-05,2.3011885803428814e-10
-4.6920674578388510e+00,1.2448377998726402e-05,-1.8593632139673089e-10,1.2448244040586382e-05,2.2916609455164277e-10
-4.6820737039350409e+00,1.3045356466231317e-05,-1.7522062252592878e-10,1.3045209809291073e-05,2.2849622465169148e-10
-4.6720799500312307e+00,1.3669597062755828e-05,-1.6378027064896681e-10,1.3669438256892374e-05,2.2812996147166142e-10
-4.6620861961274205e+00,1.4322276621561241e-05,-1.5165997700559438e-10,1.4322106267575547e-05,2.2808162807890870e-10
-4.6520924422236103e+00,1.5004619508032226e-05,-1.3890754949738348e-10,1.5004438255014555e-05,2.2835928648113425e-10
-4.6420986883198001e+00,1.5717899387943283e-05,-1.2557372037412225e-10,1.5717707930959228e-05,2.2896404956304213e-10
-4.6321049344159899e+00,1.6463441055221162e-05,-1.1171099962564300e-10,1.6463240132971723e-05,2.2988931631809296e-10
-4.6221111805121797e+00,1.7242622321288911e-05,-9.7374020235839703e-11,1.7242412713009129e-05,2.3112189591251162e-10
-4.6121174266083695e+00,1.8056875965787832e-05,-8.2619465891794032e-11,1.8056658488586078e-05,2.3264201990838508e-10
-4.6021236727045594e+00,1.8907691752637479e-05,-6.7505463775501657e-11,1.8907467258289234e-05,2.3442418824284458e-10
-4.5921299188007492e+00,1.9796618512233250e-05,-5.2091760546825482e-11,1.9796387883452684e-05,2.3643854580426372e-10
-4.5821361648969390e+00,2.0725266291261003e-05,-3.6440034515794299e-11,2.0725030437842350e-05,2.3865186193722495e-10
-4.5721424109931297e+00,2.1695308571588174e-05,-2.0612465546055955e-11,2.1695068427235166e-05,2.4102735118151995e-10
-4.5621486570893195e+00,2.2708484562226817e-05,-4.6720272592213003e-12,2.2708241080818564e-05,2.4352622857423096e-10
-4.5521549031855093e+00,2.3766601564778940e-05,1.1317587082212760e-11,2.3766355716373067e-05,2.4610876954609616e-10
-4.5421611492816991e+00,2.4871537413826717e-05,2.7292526945447938e-11,2.4871290181242512e-05,2.4873446226737996e-10
-4.5321673953778889e+00,2.6025242996572482e-05,4.3189023863320075e-11,2.6024995371133841e-05,2.5136358058477386e-10
-4.5221736414740787e+00,2.7229744852038995e-05,5.8942403690544621e-11,2.7229497828828687e-05,2.5395801500158919e-10
-4.5121798875702686e+00,2.8487147850341453e-05,7.4488996266601276e-11,2.8486902424928829e-05,2.5648049385261060e-10
-4.5021861336664584e+00,2.9799637958326158e-05,8.9765791027384225e-11,2.9799395122797640e-05,2.5889571481398646e-10
-4.4921923797626482e+00,3.1169485090915135e-05,1.0471081935079234e-10,3.1169245829899093e-05,2.6117080519606182e-10
-4.4821986258588380e+00,3.2599046050997099e-05,1.1926285933017166e-10,3.2598811337776072e-05,2.6327538004995808e-10
-4.4722048719550278e+00,3.4090767560405162e-05,1.3336269063160392e-10,3.4090538352950253e-05,2.6518232339004977e-10
-4.4622111180512176e+00,3.5647189384355616e-05,1.4695197977991322e-10,3.5646966621065089e-05,2.6686769749783900e-10
-4.4522173641474074e+00,3.7270947550313089e-05,1.5997452708772612e-10,3.7270732146633780e-05,2.6831063038357331e-10
-4.4422236102435981e+00,3.8964777665866126e-05,1.7237642788988728e-10,3.8964570510793462e-05,2.6949370497736253e-10
-4.4322298563397879e+00,4.0731518337271800e-05,1.8410642244599362e-10,4.0731320289508843e-05,2.7040357097835340e-10
-4.4222361024359778e+00,4.2574114689941805e-05,1.9511564448341742e-10,4.2573926574701989e-05,2.7103036393217173e-10
-4.4122423485321676e+00,4.4495621994998624e-05,2.0535855829018458e-10,4.4495444600833993e-05,2.7136843425184266e-10
-4.4022485946283574e+00,4.6499209404687407e-05,2.1479221800499112e-10,4.6499043479492816e-05,2.7141640907571057e-10
-4.3922548407245472e+00,4.8588163796374904e-05,2.2337671068319714e-10,4.8588010044588103e-05,2.7117663398650625e-10
-4.3822610868207370e+00,5.0765893730980789e-05,2.3107593645821703e-10,5.0765752810788112e-05,2.7065584995355520e-10
-4.3722673329169268e+00,5.3035933527554368e-05,2.3785757106878185e-10,5.3035806047872562e-05,2.6986532453823028e-10
-4.3622735790131166e+00,5.5401947455422135e-05,2.4369292172442486e-10,5.5401833973714089e-05,2.6882027111001375e-10
-4.3522798251093064e+00,5.7867734049255740e-05,2.4855699921509048e-10,5.7867635068635517e-05,2.6754017462509289e-10
-4.3422860712054963e+00,6.0437230547031353e-05,2.5242893397032975e-10,6.0437146513928618e-05,2.6604873437152991e-10
-4.3322923173016861e+00,6.3114517455476409e-05,2.5529109932937799e-10,6.3114448757353766e-05,2.6437280013562567e-10
-4.3222985633978768e+00,6.5903823244783401e-05,2.5713033049610482e-10,6.5903770208476881e-05,2.6254305679332159e-10
-4.3123048094940666e+00,6.8809529176267270e-05,2.5793792796780348e-10,6.8809492066733495e-05,2.6059373012671161e-10
-4.3023110555902564e+00,7.1836174266393926e-05,2.5770899158433520e-10,7.1836153285139364e-05,2.5856167037364434e-10
-4.2923173016864462e+00,7.4988460388284768e-05,2.5644276885518217e-10,7.4988455672608324e-05,2.5648612302118505e-10
-4.2823235477826360e+00,7.8271257516345226e-05,2.5414275951041827e-10,7.8271269137859660e-05,2.5440833675273635e-10
-4.2723297938788258e+00,8.1689609113925663e-05,2.5081576210075245e-10,8.1689637077933969e-05,2.5236983234676009e-10
-4.2623360399750156e+00,8.5248737668512667e-05,2.4647334874965251e-10,8.5248781914362828e-05,2.5041327221289183e-10
-4.2523422860712055e+00,8.8954050379367211e-05,2.4113065615950259e-10,8.8954110780068010e-05,2.4858044572501057e-10
-4.2423485321673953e+00,9.2811144997381956e-05,2.3480713539839179e-10,9.2811221360090024e-05,2.4691223950511110e-10
-4.2323547782635851e+00,9.6825815822239715e-05,2.2752630688397573e-10,9.6825907889272613e-05,2.4544767033107157e-10
-4.2223610243597749e+00,1.0100405986087956e-04,2.1931532954863825e-10,1.0100416731005483e-04,2.4422231479238158e-10
-4.2123672704559647e+00,1.0535208314783179e-04,2.1020478423622617e-10,1.0535220559354221e-04,2.4326734946455256e-10
-4.2023735165521545e+00,1.0987630723237804e-04,2.0022885869404490e-10,1.0987644422705170e-04,2.4260901975321163e-10
-4.1923797626483452e+00,1.1458337583541990e-04,1.8942556953614829e-10,1.1458352687134172e-04,2.4226823166504034e-10
-4.1823860087445350e+00,1.1948016167944020e-04,1.7783652762198843e-10,1.1948032619076144e-04,2.4225978901728885e-10
-4.1723922548407248e+00,1.2457377349441387e-04,1.6550669706537780e-10,1.2457395085955749e-04,2.4259196389349265e-10
-4.1623985009369147e+00,1.2987156320377029e-04,1.5248405347363572e-10,1.2987175274760575e-04,2.4326580549894496e-10
-4.1524047470331045e+00,1.3538113329274374e-04,1.3881958427284895e-10,1.3538133428883146e-04,2.4427505860545866e-10
-4.1424109931292943e+00,1.4111034436239549e-04,1.2456635222824527e-10,1.4111055603560215e-04,2.4560603112455291e-10
-4.1324172392254841e+00,1.4706732287210635e-04,1.0978106588393523e-10,1.4706754440237533e-04,2.4723984812741366e-10
-4.1224234853216739e+00,1.5326046907734750e-04,9.4522027141094589e-11,1.5326069960189717e-04,2.4915051999981265e-10
-4.1124297314178637e+00,1.5969846515954625e-04,7.8850464813083956e-11,1.5969870377723853e-04,2.5130817509903784e-10
-4.1024359775140535e+00,1.6639028355890665e-04,6.2828981153470985e-11,1.6639052933296704e-04,2.5367768848314111e-10
-4.0924422236102433e+00,1.7334519550717017e-04,4.6521882564798042e-11,1.7334544746873859e-04,2.5622044710865413e-10
-4.0824484697064332e+00,1.8057277976689970e-04,2.9994425007422686e-11,1.8057303691859745e-04,2.5889507756393982e-10
-4.0724547158026230e+00,1.8808293157923688e-04,1.3312733280665921e-11,1.8808319289924917e-04,2.6165889568131852e-10
-4.0624609618988137e+00,1.9588587182438230e-04,-3.4554359156988013e-12,1.9588613627057980e-04,2.6446877208509130e-10
-4.0524672079950035e+00,2.0399215639812162e-04,-2.0242534130030312e-11,2.0399242291166056e-04,2.6728117521851309e-10
-4.0424734540911933e+00,2.1241268580512502e-04,-3.6980348931724485e-11,2.1241295331546063e-04,2.7005430169368140e-10
-4.0324797001873831e+00,2.2115871497721518e-04,-5.3601111681231446e-11,2.2115898240548912e-04,2.7274706392110664e-10
-4.0224859462835729e+00,2.3024186331401490e-04,-7.0037602047145001e-11,2.3024212957753134e-04,2.7532076908470847e-10
-4.0124921923797627e+00,2.3967412495319107e-04,-8.6223788254690542e-11,2.3967438896963978e-04,2.7773949457626736e-10
-4.0024984384759525e+00,2.4946787927114804e-04,-1.0209351360189814e-10,2.4946813996349379e-04,2.7997068534313501e-10
-3.9925046845721424e+00,2.5963590161981259e-04,-1.1758261888022287e-10,2.5963615792021097e-04,2.8198504654520231e-10
-3.9825109306683322e+00,2.7019137429879918e-04,-1.3262787371712097e-10,2.7019162515365007e-04,2.8375748289925792e-10
-3.9725171767645220e+00,2.8114789777027613e-04,-1.4716792671662371e-10,2.8114814214420157e-04,2.8526656672701399e-10
-3.9625234228607122e+00,2.9251950211601368e-04,-1.6114358328614409e-10,2.9251973899601248e-04,2.8649500565393913e-10
-3.9525296689569021e+00,3.0432065874090683e-04,-1.7449831054942855e-10,3.0432088714053824e-04,2.8743008194884120e-10
-3.9425359150530919e+00,3.1656629232493629e-04,-1.8717698544541347e-10,3.1656651128925296e-04,2.8806352746901954e-10
-3.9325421611492817e+00,3.2927179302967905e-04,-1.9912766832034905e-10,3.2927200163829467e-04,2.8839102413833861e-10
-3.9225484072454715e+00,3.4245302895530186e-04,-2.1030050818176063e-10,3.4245322632774571e-04,2.8841321976444136e-10
-3.9125546533416613e+00,3.5612635885977291e-04,-2.2064890862236002e-10,3.5612654415818093e-04,2.8813441462409350e-10
-3.9025608994378516e+00,3.7030864513417131e-04,-2.3012954413728810e-10,3.7030881756703688e-04,2.8756338468636958e-10
-3.8925671455340414e+00,3.8501726704180238e-04,-2.3870270994194587e-10,3.8501742586727236e-04,2.8671329520296415e-10
-3.8825733916302312e+00,4.0027013422141804e-04,-2.4633176935414704e-10,4.0027027875070290e-04,2.8560121634155979e-10
-3.8725796377264210e+00,4.1608570045801788e-04,-2.5298348827048830e-10,4.1608583005829690e-04,2.8424791584122825e-10
-3.8625858838226108e+00,4.3248297772255958e-04,-2.5862878088060356e-10,4.3248309181962650e-04,2.8267823930948722e-10
-3.8525921299188006e+00,4.4948155048206645e-04,-2.6324176296893195e-10,4.4948164856355302e-04,2.8092028011063029e-10
-3.8425983760149904e+00,4.6710159028584764e-04,-2.6680137344748701e-10,4.6710167190212214e-04,2.7900571524102734e-10
-3.8326046221111807e+00,4.8536387062284502e-04,-2.6929081523279635e-10,4.8536393538952576e-04,2.7696979276090309e-10
-3.8226108682073705e+00,5.0428978205806327e-04,-2.7069751550989202e-10,5.0428982965786899e-04,2.7485066201015821e-10
-3.8126171143035603e+00,5.2390134764746920e-04,-2.7101284649604096e-10,5.2390137783133134e-04,2.7268851919250410e-10
-3.8026233603997501e+00,5.4422123863159019e-04,-2.7023284516125221e-10,5.4422125122021413e-04,2.7052590274604817e-10
-3.7926296064959399e+00,5.6527279041104989e-04,-2.6835755893937080e-10,5.6527278529617891e-04,2.6840629900409239e-10
-3.7826358525921298e+00,5.8708001880559860e-04,-2.6539216375735808e-10,5.8707999594987130e-04,2.6637451990369312e-10
-3.7726420986883200e+00,6.0966763659456335e-04,-2.6134630418984950e-10,6.0966759603193999e-04,2.6447536204188450e-10
-3.7626483447845098e+00,6.3306107034213812e-04,-2.5623453375365687e-10,6.3306101217832581e-04,2.6275305012534753e-10
-3.7526545908806996e+00,6.5728647750821568e-04,-2.5007503245922866e-10,6.5728640192049231e-04,2.6124897278794108e-10
-3.7426608369768894e+00,6.8237076384424237e-04,-2.4289061262500536e-10,6.8237067108113528e-04,2.6000162256922444e-10
-3.7326670830730793e+00,7.0834160107498571e-04,-2.3470821889758769e-10,7.0834149145568011e-04,2.5904505434191531e-10
-3.7226733291692691e+00,7.3522744486659612e-04,-2.2555916184309466e-10,7.3522731877973012e-04,2.5840826857300812e-10
-3.7126795752654589e+00,7.6305755308009814e-04,-2.1547883453671562e-10,7.6305741098238054e-04,2.5811410166830963e-10
-3.7026858213616491e+00,7.9186200431007785e-04,-2.0450680482831524e-10,7.9186184672516333e-04,2.5817830758002646e-10
-3.6926920674578390e+00,8.2167171670975237e-04,-1.9268601249072467e-10,8.2167154422612331e-04,2.5860878117345635e-10
-3.6826983135540288e+00,8.5251846709923323e-04,-1.8006256945549137e-10,8.5251828036833328e-04,2.5940500749681114e-10
-3.6727045596502186e+00,8.8443491035759575e-04,-1.6668602836975716e-10,8.8443471009192691e-04,2.6055818961040567e-10
-3.6627108057464084e+00,9.1745459909846165e-04,-1.5260880406597899e-10,9.1745438606847824e-04,2.6205194315311670e-10
-3.6527170518425982e+00,9.5161200362510749e-04,-1.3788641924214126e-10,9.5161177865632214e-04,2.6386287915337652e-10
-3.6427232979387885e+00,9.8694253216548289e-04,-1.2257768433089622e-10,9.8694229613514265e-04,2.6596167056319587e-10
-3.6327295440349783e+00,1.0234825513837516e-03,-1.0674295247616733e-10,1.0234823052179341e-03,2.6831263040027178e-10
-3.6227357901311681e+00,1.0612694071684939e-03,-9.0444728854770229e-11,1.0612691518381001e-03,2.7087609521178065e-10
-3.6127420362273579e+00,1.1003414456921103e-03,-7.3747690354682149e-11,1.1003411822092626e-03,2.7360908772146879e-10
-3.6027482823235477e+00,1.1407380347407360e-03,-5.6717757552192383e-11,1.1407377641549979e-03,2.7646617453778641e-10
-3.5927545284197375e+00,1.1824995853120478e-03,-3.9422704250363649e-11,1.1824993087054642e-03,2.7940177465097278e-10
-3.5827607745159273e+00,1.2256675734748047e-03,-2.1931853685583369e-11,1.2256672919575629e-03,2.8237025984020096e-10
-3.5727670206121176e+00,1.2702845624887374e-03,-4.3155074782794123e-12,1.2702842771949671e-03,2.8532640785897086e-10
-3.5627732667083074e+00,1.3163942251810763e-03,1.3355978541011726e-11,1.3163939372640545e-03,2.8822663585652035e-10
-3.5527795128044972e+00,1.3640413665736112e-03,3.1011579805853562e-11,1.3640410772013979e-03,2.9102920109066931e-10
-3.5427857589006870e+00,1.4132719467576864e-03,4.8580286386538940e-11,1.4132716571082162e-03,2.9369518180722603e-10
-3.5327920049968768e+00,1.4641331040106929e-03,6.5990999231942127e-11,1.4641328152667544e-03,2.9618891604740940e-10
-3.5227982510930667e+00,1.5166731781490112e-03,8.3172570718680061e-11,1.5166728914932687e-03,2.9847812525273895e-10
-3.5128044971892569e+00,1.5709417341117828e-03,1.0005413489909409e-10,1.5709414507219046e-03,3.0053394645096717e-10
-3.5028107432854467e+00,1.6269895857690172e-03,1.1656699162778533e-10,1.6269893068134162e-03,3.0233109479390671e-10
-3.4928169893816365e+00,1.6848688199496522e-03,1.3264280862915201e-10,1.6848685465822152e-03,3.0384843307212370e-10
-3.4828232354778264e+00,1.7446328206789205e-03,1.4821537844700999e-10,1.7446325540349914e-03,3.0506848963046420e-10
-3.4728294815740162e+00,1.8063362936223321e-03,1.6322013760092929e-10,1.8063360348135982e-03,3.0597838830423154e-10
-3.4628357276702060e+00,1.8700352907249263e-03,1.7759414457692996e-10,1.8700350408346125e-03,3.0656948492542567e-10
-3.4528419737663958e+00,1.9357872350388278e-03,1.9127660729183898e-10,1.9357869951174909e-03,3.0683707143520678e-10
-3.4428482198625860e+00,2.0036509457316025e-03,2.0420993628728068e-10,2.0036507167928764e-03,3.0678109192666494e-10
-3.4328544659587759e+00,2.0736866632655132e-03,2.1633990670948122e-10,2.0736864462821444e-03,3.0640616436192188e-10
-3.4228607120549657e+00,2.1459560747392227e-03,2.2761496355251654e-10,2.1459558706388680e-03,3.0572132148497763e-10
-3.4128669581511555e+00,2.2205223393808415e-03,2.3798763675898782e-10,2.2205221490424103e-03,3.0474060058879012e-10
-3.4028732042473453e+00,2.2974501141842830e-03,2.4741329558014558e-10,2.2974499384334737e-03,3.0348259554915911e-10
-3.3928794503435351e+00,2.3768055796746972e-03,2.5585104195847974e-10,2.3768054192808375e-03,3.0197010760238067e-10
-3.3828856964397254e+00,2.4586564657956174e-03,2.6326440918759964e-10,2.4586563214682253e-03,3.0023081993906599e-10
-3.3728919425359152e+00,2.5430720779040894e-03,2.6962147857238772e-10,2.5430719502896508e-03,2.9829714486298952e-10
-3.3628981886321050e+00,2.6301233228618343e-03,2.7489422804033437e-10,2.6301232125410970e-03,2.9620516825389002e-10
-3.3529044347282948e+00,2.7198827352109475e-03,2.7905949729831181e-10,2.7198826426960369e-03,2.9399525800145936e-10
-3.3429106808244846e+00,2.8124245034199325e-03,2.8209835379114367e-10,2.8124244291516591e-03,2.9171091450926364e-10
-3.3329169269206744e+00,2.9078244961867148e-03,2.8399562606098994e-10,2.9078244405322329e-03,2.8939754141377957e-10
-3.3229231730168642e+00,3.0061602887844251e-03,2.8474131754697984e-10,3.0061602520355573e-03,2.8710293834396791e-10
-3.3129294191130545e+00,3.1075111894363072e-03,2.8433027677091105e-10,3.1075111718078664e-03,2.8487623315035765e-10
-3.3029356652092443e+00,3.2119582657035711e-03,2.8276188075021524e-10,3.2119582673321651e-03,2.8276657073227205e-10
-3.2929419113054341e+00,3.3195843708707477e-03,2.8004035071763078e-10,3.3195843918142347e-03,2.8082241305882829e-10
-3.2829481574016239e+00,3.4304741703141579e-03,2.7617438262510230e-10,3.4304742105503139e-03,2.7909001749786338e-10
-3.2729544034978137e+00,3.5447141678331545e-03,2.7117657164926756e-10,3.5447142272596647e-03,2.7761167684466111e-10
-3.2629606495940036e+00,3.6623927319303006e-03,2.6506420387588381e-10,3.6623928103648572e-03,2.7642541823111336e-10
-3.2529668956901938e+00,3.7836001220214145e-03,2.5785922464112432e-10,3.7836002192019676e-03,2.7556385763300588e-10
-3.2429731417863836e+00,3.9084285145563821e-03,2.4958854601131453e-10,3.9084286301424940e-03,2.7505379756603720e-10
-3.2329793878825734e+00,4.0369720290340510e-03,2.4028269998699336e-10,4.0369721626080032e-03,2.7491412592247069e-10
-3.2229856339787633e+00,4.1693267538901388e-03,2.2997707948071988e-10,4.1693269049582421e-03,2.7515637178339537e-10
-3.2129918800749531e+00,4.3055907722386036e-03,2.1871044992433086e-10,4.3055909402327126e-03,2.7578303354277269e-10
-3.2029981261711429e+00,4.4458641874450490e-03,2.0652556271053002e-10,4.4458643717252191e-03,2.7678870849637732e-10
-3.1930043722673331e+00,4.5902491485137996e-03,1.9346924843427482e-10,4.5902493483703337e-03,2.7815999768507209e-10
-3.1830106183635229e+00,4.7388498752634466e-03,1.7959265671829705e-10,4.7388500899202476e-03,2.7987687394462466e-10
-3.1730168644597128e+00,4.8917726832726251e-03,1.6495005578445743e-10,4.8917729118896740e-03,2.8191182300925733e-10
-3.1630231105559026e+00,5.0491260085687873e-03,1.4959983815968081e-10,5.0491262502463099e-03,2.8423253950505648e-10
-3.1530293566520924e+00,5.2110204320427664e-03,1.3360255653530051e-10,5.2110206858234000e-03,2.8680002289734622e-10
-3.1430356027482822e+00,5.3775687035571926e-03,1.1702178332254065e-10,5.3775689684306934e-03,2.8957221752885110e-10
-3.1330418488444720e+00,5.5488857657325866e-03,9.9924040396215386e-11,5.5488860406393255e-03,2.9250389556904588e-10
-3.1230480949406623e+00,5.7250887773807966e-03,8.2378510263270144e-11,5.7250890612157469e-03,2.9554779306357626e-10
-3.1130543410368521e+00,5.9062971365613729e-03,6.4456763711195908e-11,5.9062974281792668e-03,2.9865644213381123e-10
-3.1030605871330419e+00,6.0926325032377264e-03,4.6231850812927799e-11,6.0926328014569838e-03,3.0178155931499254e-10
-3.0930668332292317e+00,6.2842188215025442e-03,2.7778569808983855e-11,6.2842191251098198e-03,3.0487542823400703e-10
-3.0830730793254215e+00,6.4811823413476449e-03,9.1719574643600588e-12,6.4811826491023095e-03,3.0789130940629634e-10
-3.0730793254216113e+00,6.6836516399490578e-03,-9.5116609900858240e-12,6.6836519505886543e-03,3.1078518403448240e-10
-3.0630855715178016e+00,6.8917576424418741e-03,-2.8194965025901686e-11,6.8917579546867776e-03,3.1351528805169805e-10
-3.0530918176139914e+00,7.1056336421527894e-03,-4.6800755545278738e-11,7.1056339547118062e-03,3.1604343015146717e-10
-3.0430980637101812e+00,7.3254153202637626e-03,-6.5251688600997948e-11,7.3254156318396085e-03,3.1833518590362969e-10
-3.0331043098063710e+00,7.5512407648770548e-03,-8.3471147962338454e-11,7.5512410741708988e-03,3.2035935210908140e-10
-3.0231105559025608e+00,7.7832504894484074e-03,-1.0138397109685227e-10,7.7832507951654806e-03,3.2208948823569274e-10
-3.0131168019987506e+00,8.0215874505608145e-03,-1.1891620761012023e-10,8.0215877514161534e-03,3.2350424940076444e-10
-3.0031230480949405e+00,8.2663970650074178e-03,-1.3599469987635171e-10,8.2663973597309082e-03,3.2458665128221146e-10
-2.9931292941911307e+00,8.5178272261495786e-03,-1.5254823879790047e-10,8.5178275134918952e-03,3.2532533266491654e-10
-2.9831355402873205e+00,8.7760283195212931e-03,-1.6850752477398645e-10,8.7760285982591002e-03,3.2571390979710785e-10
-2.9731417863835103e+00,9.0411532376442772e-03,-1.8380530864697819e-10,9.0411535065859829e-03,3.2575148895687231e-10
-2.9631480324797002e+00,9.3133573940243145e-03,-1.9837796596394730e-10,9.3133576520143934e-03,3.2544231165923882e-10
-2.9531542785758900e+00,9.5927987362903599e-03,-2.1216453073569230e-10,9.5927989822150814e-03,3.2479648516608682e-10
-2.9431605246720798e+00,9.8796377584478342e-03,-2.2510636236983128e-10,9.8796379912402896e-03,3.2382896981957787e-10
-2.9331667707682700e+00,1.0174037512209376e-02,-2.3714848834677227e-10,1.0174037730853937e-02,3.2255983861629375e-10
-2.9231730168644598e+00,1.0476163617367307e-02,-2.4823858767175633e-10,1.0476163820905113e-02,3.2101407296833923e-10
-2.9131792629606497e+00,1.0786184271177248e-02,-2.5832843589951304e-10,1.0786184458709771e-02,3.1922097015764815e-10
-2.9031855090568395e+00,1.1104270256712297e-02,-2.6737399013571084e-10,1.1104270427405437e-02,3.1721443646986137e-10
-2.8931917551530293e+00,1.1430594950155599e-02,-2.7533568393994790e-10,1.1430595103243419e-02,3.1503272773434854e-10
-2.8831980012492191e+00,1.1765334326994017e-02,-2.8217740210417785e-10,1.1765334461782500e-02,3.1271715856631846e-10
-2.8732042473454089e+00,1.2108666967077960e-02,-2.8786732112623392e-10,1.2108667082948060e-02,3.1031189896648195e-10
-2.8632104934415992e+00,1.2460774058509679e-02,-2.9237849294427853e-10,1.2460774154920223e-02,3.0786389236639733e-10
-2.8532167395377890e+00,1.2821839400323939e-02,-2.9568790124723243e-10,1.2821839476814334e-02,3.0542121007761842e-10
-2.8432229856339788e+00,1.3192049403925096e-02,-2.9777856482698928e-10,1.3192049460116810e-02,3.0303396252922414e-10
-2.8332292317301686e+00,1.3571593093240512e-02,-2.9863844556998753e-10,1.3571593128839481e-02,3.0075273516731827e-10
-2.8232354778263584e+00,1.3960662103557845e-02,-2.9826067657334754e-10,1.3960662118355121e-02,2.9862751141590284e-10
-2.8132417239225482e+00,1.4359450679002888e-02,-2.9664277804986039e-10,1.4359450672876714e-02,2.9670602922711387e-10
-2.8032479700187385e+00,1.4768155668627058e-02,-2.9378787510386806e-10,1.4768155641543070e-02,2.9503365563073453e-10
-2.7932542161149283e+00,1.5186976521060925e-02,-2.8970404027106600e-10,1.5186976473073268e-02,2.9365157278275762e-10
-2.7832604622111181e+00,1.5616115277701303e-02,-2.8440490067171975e-10,1.5616115208952045e-02,2.9259632260974568e-10
-2.7732667083073079e+00,1.6055776564389893e-02,-2.7790989995390980e-10,1.6055776475108804e-02,2.9189899867696663e-10
-2.7632729544034977e+00,1.6506167581548107e-02,-2.7024387762308866e-10,1.6506167472052292e-02,2.9158375629903299e-10
-2.7532792004996876e+00,1.6967498092731209e-02,-2.6143621816021589e-10,1.6967497963423530e-02,2.9166654256605931e-10
-2.7432854465958774e+00,1.7439980411560155e-02,-2.5152106439274569e-10,1.7439980262929165e-02,2.9215409779988701e-10
-2.7332916926920676e+00,1.7923829387000129e-02,-2.4053717004313135e-10,1.7923829219618034e-02,2.9304418721973719e-10
-2.7232979387882574e+00,1.8419262386943341e-02,-2.2852878964196854e-10,1.8419262201463438e-02,2.9432669237003603e-10
-2.7133041848844472e+00,1.8926499280058778e-02,-2.1554441391458123e-10,1.8926499077213780e-02,2.9598224183081844e-10
-2.7033104309806371e+00,1.9445762415876248e-02,-2.0163763887748321e-10,1.9445762196474894e-02,2.9798438191684767e-10
-2.6933166770768269e+00,1.9977276603061991e-02,-1.8686471293938300e-10,1.9977276367986997e-02,3.0029764207628710e-10
-2.6833229231730167e+00,2.0521269085855970e-02,-1.7128652836373437e-10,2.0521268836059842e-02,3.0288146274724464e-10
-2.6733291692692069e+00,2.1077969518627494e-02,-1.5496613540999515e-10,2.1077969255129895e-02,3.0568854683457202e-10
-2.6633354153653968e+00,2.1647609938520468e-02,-1.3797047532237983e-10,2.1647609662403689e-02,3.0866863716000293e-10
-2.6533416614615866e+00,2.2230424736147593e-02,-1.2036977317664288e-10,2.2230424448551549e-02,3.1176973383422263e-10
-2.6433479075577764e+00,2.2826650624298905e-02,-1.0223728807989829e-10,2.2826650326417126e-02,3.1493811598512029e-10
-2.6333541536539662e+00,2.3436526604633055e-02,-8.3647758858385046e-11,2.3436526297707681e-02,3.1811968309146192e-10
-2.6233603997501560e+00,2.4060293932315138e-02,-6.4677955699532497e-11,2.4060293617631175e-02,3.2126194058676527e-10
-2.6133666458463458e+00,2.4698196078565837e-02,-4.5406241266920944e-11,2.4698195757446501e-02,3.2431366713141151e-10
-2.6033728919425361e+00,2.5350478691093310e-02,-2.5912511719683451e-11,2.5350478364893930e-02,3.2722697593698153e-10
-2.5933791380387259e+00,2.6017389552371178e-02,-6.2773206771504775e-12,2.6017389222473382e-02,3.2995751384611718e-10
-2.5833853841349157e+00,2.6699178535733063e-02,1.3416183095027456e-11,2.6699178203538482e-02,3.3246538696363403e-10
-2.5733916302311055e+00,2.7396097559251636e-02,3.3085567271995409e-11,2.7396097226175947e-02,3.3471490715226678e-10
-2.5633978763272953e+00,2.8108400537373027e-02,5.2648083809225810e-11,2.8108400204839529e-02,3.3667543351525681e-10
-2.5534041224234851e+00,2.8836343330275599e-02,7.2021198033178635e-11,2.8836342999709299e-02,3.3832104823671832e-10
-2.5434103685196754e+00,2.9580183690925958e-02,9.1123433451634206e-11,2.9580183363747483e-02,3.3963102745997167e-10
-2.5334166146158652e+00,3.0340181209804300e-02,1.0987348530999697e-10,3.0340180887423386e-02,3.4059012940444146e-10
-2.5234228607120550e+00,3.1116597257271044e-02,1.2819051722900987e-10,3.1116596941080075e-02,3.4118841969909778e-10
-2.5134291068082448e+00,3.1909694923549226e-02,1.4599487244137954e-10,3.1909694614917480e-02,3.4142064509934721e-10
-2.5034353529044346e+00,3.2719738956299690e-02,1.6320939044689453e-10,3.2719738656566938e-02,3.4128731012931302e-10
-2.4934415990006245e+00,3.3546995695761687e-02,1.7975991181695683e-10,3.3546995406233196e-02,3.4079374005875617e-10
-2.4834478450968147e+00,3.4391733007441305e-02,1.9557371347400654e-10,3.4391732729381522e-02,3.3995046789157119e-10
-2.4734540911930045e+00,3.5254220212320976e-02,2.1058182281263882e-10,3.5254219946948488e-02,3.3877317104382771e-10
-2.4634603372891943e+00,3.6134728014573923e-02,2.2471713032046203e-10,3.6134727763055659e-02,3.3728211642663795e-10
-2.4534665833853841e+00,3.7033528426762274e-02,2.3791580858190109e-10,3.7033528190207908e-02,3.3550245934013526e-10
-2.4434728294815740e+00,3.7950894692499564e-02,2.5011955354092841e-10,3.7950894471958069e-02,3.3346415397630920e-10
-2.4334790755777638e+00,3.8887101206568631e-02,2.6127297547695605e-10,3.8887101003021819e-02,3.3120216201813521e-10
-2.4234853216739536e+00,3.9842423432467744e-02,2.7132673538488028e-10,3.9842423246827796e-02,3.2875581755380757e-10
-2.4134915677701438e+00,4.0817137817385087e-02,2.8023541473465308e-10,4.0817137650489478e-02,3.2616871675488987e-10
-2.4034978138663337e+00,4.1811521704579177e-02,2.8795884773891167e-10,4.1811521557186711e-02,3.2348854247014608e-10
-2.3935040599625235e+00,4.2825853243159726e-02,2.9446025825996536e-10,4.2825853115946312e-02,3.2076486130355669e-10
-2.3835103060587133e+00,4.3860411295256738e-02,2.9970996517914017e-10,4.3860411188813148e-02,3.1805078382408597e-10
-2.3735165521549031e+00,4.4915475340576216e-02,3.0368364420385596e-10,4.4915475255404153e-02,3.1540138905329939e-10
-2.3635227982510929e+00,4.5991325378329215e-02,3.0636290726526738e-10,4.5991325314839661e-02,3.1287242512154052e-10
-2.3535290443472832e+00,4.7088241826538119e-02,3.0773483761237230e-10,4.7088241785048432e-02,3.1051912079876488e-10
-2.3435352904434730e+00,4.8206505418712041e-02,3.0779219797882895e-10,4.8206505399443995e-02,3.0839470604038934e-10
-2.3335415365396628e+00,4.9346397097893631e-02,3.0653229607380261e-10,4.9346397100971981e-02,3.0654775284686186e-10
-2.3235477826358526e+00,5.0508197908078839e-02,3.0395859093590438e-10,5.0508197933530265e-02,3.0502229438740067e-10
-2.3135540287320424e+00,5.1692188883012996e-02,3.0008092885558391e-10,5.1692188930765076e-02,3.0385658626010064e-10
-2.3035602748282322e+00,5.2898650932366578e-02,2.9491489458854936e-10,5.2898651002248574e-02,3.0308132311041871e-10
-2.2935665209244220e+00,5.4127864725302482e-02,2.8848151992222348e-10,5.4127864817045297e-02,3.0271823762693053e-10
-2.2835727670206123e+00,5.5380110571439739e-02,2.8080701652832829e-10,5.5380110684676603e-02,3.0277907453252402e-10
-2.2735790131168021e+00,5.6655668299227586e-02,2.7192194676506354e-10,5.6655668433495010e-02,3.0326438327663846e-10
-2.2635852592129919e+00,5.7954817131741450e-02,2.6186228532787403e-10,5.7954817286481282e-02,3.0416487651069248e-10
-2.2535915053091817e+00,5.9277835559918890e-02,2.5066989803312900e-10,5.9277835734480595e-02,3.0546225095916735e-10
-2.2435977514053715e+00,6.0625001213252129e-02,2.3839125465330291e-10,6.0625001406895300e-02,3.0712874816253611e-10
-2.2336039975015614e+00,6.1996590727956213e-02,2.2507778973945847e-10,6.1996590939854268e-02,3.0912909439585985e-10
-2.2236102435977516e+00,6.3392879612637509e-02,2.1078573608779294e-10,6.3392879841881258e-02,3.1142145556492033e-10
-2.2136164896939414e+00,6.4814142111486089e-02,1.9557435532169265e-10,6.4814142357087032e-02,3.1395724445891226e-10
-2.2036227357901312e+00,6.6260651065016107e-02,1.7950705505365150e-10,6.6260651325911274e-02,3.1668449718878758e-10
-2.1936289818863210e+00,6.7732677768388261e-02,1.6265223196088030e-10,6.7732678043444863e-02,3.1954950029325718e-10
-2.1836352279825109e+00,6.9230491827342283e-02,1.4508206441776750e-10,6.9230492115362877e-02,3.2249754679366273e-10
-2.1736414740787007e+00,7.0754361011774791e-02,1.2687243616804622e-10,7.0754361311502811e-02,3.2547427108895067e-10
-2.1636477201748905e+00,7.2304551106999543e-02,1.0810214529088924e-10,7.2304551417124663e-02,3.2842604021206849e-10
-2.1536539662710807e+00,7.3881325762727101e-02,8.8852432356123501e-11,7.3881326081890825e-02,3.3130082547495577e-10
-2.1436602123672706e+00,7.5484946339806486e-02,6.9206362862672677e-11,7.5484946666608557e-02,3.3404956908719477e-10
-2.1336664584634604e+00,7.7115671754772547e-02,4.9250027667202545e-11,7.7115672087776838e-02,3.3662653330121998e-10
-2.1236727045596502e+00,7.8773758322245591e-02,2.9071883789200115e-11,7.8773758659986107e-02,3.3898942557130698e-10
-2.1136789506558400e+00,8.0459459595230196e-02,8.7609294818769001e-12,8.0459459936217850e-02,3.4110018263989747e-10
-2.1036851967520298e+00,8.2173026203366750e-02,-1.1591623494400238e-11,8.2173026546096747e-02,3.4292596385920217e-10
-2.0936914428482201e+00,8.3914705689191516e-02,-3.1895493191047564e-11,8.3914706032148179e-02,3.4443663456295277e-10
-2.0836976889444099e+00,8.5684742342454420e-02,-5.2061174815598577e-11,8.5684742684118853e-02,3.4560808816142351e-10
-2.0737039350405997e+00,8.7483377032561510e-02,-7.1998768058634255e-11,8.7483377371418092e-02,3.4642113900844592e-10
-2.0637101811367895e+00,8.9310847039200336e-02,-9.1618955477823505e-11,8.9310847373742869e-02,3.4686126779730411e-10
-2.0537164272329793e+00,9.1167385881210469e-02,-1.1083334250372445e-10,9.1167386209949977e-02,3.4692029895056084e-10
-2.0437226733291691e+00,9.3053223143770875e-02,-1.2955552602944564e-10,9.3053223465242182e-02,3.4659549352547106e-10
-2.0337289194253589e+00,9.4968584303970746e-02,-1.4770178136114254e-10,9.4968584616738475e-02,3.4588938713876231e-10
-2.0237351655215492e+00,9.6913690554833953e-02,-1.6519163814621152e-10,9.6913690857499166e-02,3.4481082940153524e-10
-2.0137414116177390e+00,9.8888758627874787e-02,-1.8194798445669846e-10,9.8888758919082026e-02,3.4337548692792682e-10
-2.0037476577139288e+00,1.0089400061426168e-01,-1.9789564431604845e-10,1.0089400089270491e-01,3.4160403480487019e-10
-1.9937539038101186e+00,1.0292962378466669e-01,-2.1296338303944395e-10,1.0292962404909574e-01,3.3952337768695340e-10
-1.9837601499063087e+00,1.0499583040788601e-01,-2.2708449703978673e-10,1.0499583065711229e-01,3.3716628937750394e-10
-1.9737663960024985e+00,1.0709281756831202e-01,-2.4019541217112916e-10,1.0709281780121550e-01,3.3457117452960506e-10
-1.9637726420986883e+00,1.0922077698235128e-01,-2.5223917399230800e-10,1.0922077719788435e-01,3.3178171798865826e-10
-1.9537788881948781e+00,1.1137989481386928e-01,-2.6316378937130125e-10,1.1137989501106256e-01,3.2884702823206130e-10
-1.9437851342910681e+00,1.1357035148876080e-01,-2.7292038073944980e-10,1.1357035166672860e-01,3.2581908263258145e-10
-1.9337913803872580e+00,1.1579232150874061e-01,-2.8146576735998963e-10,1.1579232166668434e-01,3.2275253564480747e-10
-1.9237976264834478e+00,1.1804597326444588e-01,-2.8876169511082850e-10,1.1804597340165934e-01,3.1970431798886906e-10
-1.9138038725796378e+00,1.2033146884795783e-01,-2.9477491975127279e-10,1.2033146896383050e-01,3.1673132077904344e-10
-1.9038101186758276e+00,1.2264896386484006e-01,-2.9947946900144018e-10,1.2264896395885931e-01,3.1389101907985600e-10
-1.8938163647720174e+00,1.2499860724579630e-01,-3.0285502577998002e-10,1.2499860731755036e-01,3.1123915549613410e-10
-1.8838226108682075e+00,1.2738054105805829e-01,-3.0488624125357688e-10,1.2738054110723829e-01,3.0882728483351869e-10
-1.8738288569643973e+00,1.2979490031661073e-01,-3.0556306096496400e-10,1.2979490034301222e-01,3.0670152104542476e-10
-1.8638351030605871e+00,1.3224181279536412e-01,-3.0488202240608331e-10,1.3224181279888780e-01,3.0490238424232864e-10
-1.8538413491567771e+00,1.3472139883838777e-01,-3.0284494356713765e-10,1.3472139881904108e-01,3.0346227820534918e-10
-1.8438475952529669e+00,1.3723377117132396e-01,-2.9946065072117278e-10,1.3723377112921942e-01,3.0240614046957054e-10
-1.8338538413491567e+00,1.3977903471309108e-01,-2.9474547802443851e-10,1.3977903464844582e-01,3.0175139872576663e-10
-1.8238600874453466e+00,1.4235728638800210e-01,-2.8872076951458325e-10,1.4235728630113767e-01,3.0150474681219353e-10
-1.8138663335415366e+00,1.4496861493842006e-01,-2.8141292074401747e-10,1.4496861482975973e-01,3.0166255889110157e-10
-1.8038725796377264e+00,1.4761310073806855e-01,-2.7285479431427007e-10,1.4761310060813601e-01,3.0221218198319936e-10
-1.7938788257339162e+00,1.5029081560612723e-01,-2.6308566436483716e-10,1.5029081545554385e-01,3.0313267863307774e-10
-1.7838850718301063e+00,1.5300182262223655e-01,-2.5214970389431102e-10,1.5300182245171851e-01,3.0439427811248449e-10
-1.7738913179262961e+00,1.5574617594254242e-01,-2.4009941257396861e-10,1.5574617575289659e-01,3.0596285321701560e-10
-1.7638975640224859e+00,1.5852392061690526e-01,-2.2699134238912677e-10,1.5852392040902663e-01,3.0779635270078718e-10
-1.7539038101186759e+00,1.6133509240741439e-01,-2.1288627805038374e-10,1.6133509218228093e-01,3.0984777800811021e-10
-1.7439100562148657e+00,1.6417971760833186e-01,-1.9785058313903647e-10,1.6417971736699996e-01,3.1206720218499053e-10
-1.7339163023110555e+00,1.6705781286760280e-01,-1.8195446538360471e-10,1.6705781261120409e-01,3.1440058022402850e-10
-1.7239225484072456e+00,1.6996938501007369e-01,-1.6527258728249450e-10,1.6996938473980860e-01,3.1679369619002765e-10
-1.7139287945034354e+00,1.7291443086254660e-01,-1.4788480162675199e-10,1.7291443057967923e-01,3.1919251662215474e-10
-1.7039350405996252e+00,1.7589293708081305e-01,-1.2987447228773874e-10,1.7589293678666462e-01,3.2154420559421608e-10
-1.6939412866958150e+00,1.7890487997880317e-01,-1.1132651744905075e-10,1.7890487967474697e-01,3.2379586833794244e-10
-1.6839475327920050e+00,1.8195022535999425e-01,-9.2327367973155106e-11,1.8195022504744895e-01,3.2589707643461214e-10
-1.6739537788881949e+00,1.8502892835121565e-01,-7.2966563346987812e-11,1.8502892803163895e-01,3.2780083213891533e-10
-1.6639600249843847e+00,1.8814093323899272e-01,-5.3334475724753361e-11,1.8814093291387474e-01,3.2946361328463047e-10
-1.6539662710805747e+00,1.9128617330857300e-01,-3.3522726261558944e-11,1.9128617297942913e-01,3.3084659003826347e-10
-1.6439725171767645e+00,1.9446457068577730e-01,-1.3625836570163585e-11,1.9446457035413972e-01,3.3191737963273169e-10
-1.6339787632729543e+00,1.9767603618181254e-01,6.2648358722938724e-12,1.9767603584922486e-01,3.3264667862889564e-10
-1.6239850093691444e+00,2.0092046914120326e-01,2.6057489499464737e-11,2.0092046880921086e-01,3.3301343855828033e-10
-1.6139912554653342e+00,2.0419775729296913e-01,4.5661460723600555e-11,2.0419775696311301e-01,3.3300153958194687e-10
-1.6039975015615240e+00,2.0750777660520497e-01,6.4986613312889574e-11,2.0750777627901340e-01,3.3260216880915658e-10
-1.5940037476577140e+00,2.1085039114319915e-01,8.3945350670688867e-11,2.1085039082218085e-01,3.3181254919517431e-10
-1.5840099937539038e+00,2.1422545293123993e-01,1.0244904924405773e-10,2.1422545261687551e-01,3.3063695858005521e-10
-1.5740162398500936e+00,2.1763280181824513e-01,1.2041330432754904e-10,2.1763280151198017e-01,3.2908598915656417e-10
-1.5640224859462837e+00,2.2107226534736601e-01,1.3775768026302870e-10,2.2107226505060362e-01,3.2717746871812239e-10
-1.5540287320424735e+00,2.2454365862970302e-01,1.5440342060468737e-10,2.2454365834379633e-01,3.2493545526481054e-10
-1.5440349781386633e+00,2.2804678422227415e-01,1.7027548815384819e-10,2.2804678394852060e-01,3.2238912310149356e-10
-1.5340412242348531e+00,2.3158143201038139e-01,1.8530282863693515e-10,2.3158143175001680e-01,3.1957293149845054e-10
-1.5240474703310432e+00,2.3514737909451527e-01,1.9941572004800179e-10,2.3514737884870485e-01,3.1652708526053851e-10
-1.5140537164272330e+00,2.3874438968192491e-01,2.1255025517419313e-10,2.3874438945176080e-01,3.1329399691605007e-10
-1.5040599625234228e+00,2.4237221498301126e-01,2.2464785587317238e-10,2.4237221476950557e-01,3.0992150107201068e-10
-1.4940662086196128e+00,2.4603059311266232e-01,2.3565559226224053e-10,2.4603059291674331e-01,3.0646013443219704e-10
-1.4840724547158026e+00,2.4971924899667747e-01,2.4552342103856262e-10,2.4971924881918434e-01,3.0296132086201814e-10
-1.4740787008119924e+00,2.5343789428340513e-01,2.5420859861569056e-10,2.5343789412508599e-01,2.9947781270186119e-10
-1.4640849469081825e+00,2.5718622726073725e-01,2.6167223943218687e-10,2.5718622712224409e-01,2.9606201485406098e-10
-1.4540911930043723e+00,2.6096393277857893e-01,2.6788096740837375e-10,2.6096393266046591e-01,2.9276423627754228e-10
-1.4440974391005621e+00,2.6477068217693001e-01,2.7280916414795797e-10,2.6477068207965065e-01,2.8963444584680440e-10
-1.4341036851967521e+00,2.6860613321970117e-01,2.7643845545988199e-10,2.6860613314360704e-01,2.8672031045799078e-10
-1.4241099312929419e+00,2.7246993003439052e-01,2.7875612929051385e-10,2.7246992997972952e-01,2.8406478893720018e-10
-1.4141161773891318e+00,2.7636170305773944e-01,2.7975674554703289e-10,2.7636170302465679e-01,2.8170604938490833e-10
-1.4041224234853216e+00,2.8028106898749527e-01,2.7943980462907803e-10,2.8028106897603067e-01,2.7967488558280139e-10
-1.3941286695815116e+00,2.8422763074038426e-01,2.7781163480788962e-10,2.8422763075047341e-01,2.7799477588147216e-10
-1.3841349156777014e+00,2.8820097741642192e-01,2.7488589182667056e-10,2.8820097744789686e-01,2.7668199251342091e-10
-1.3741411617738912e+00,2.9220068426966472e-01,2.7068527974627443e-10,2.9220068432225499e-01,2.7574672562721569e-10
-1.3641474078700813e+00,2.9622631268551392e-01,2.6523699903080455e-10,2.9622631275884792e-01,2.7518819382858976e-10
-1.3541536539662711e+00,3.0027741016467679e-01,2.5857416208197037e-10,3.0027741025828386e-01,2.7499614579677860e-10
-1.3441599000624609e+00,3.0435351031388497e-01,2.5073745857362439e-10,3.0435351042719888e-01,2.7515325946527744e-10
-1.3341661461586509e+00,3.0845413284347561e-01,2.4177057578178562e-10,3.0845413297583540e-01,2.7563041426601725e-10
-1.3241723922548407e+00,3.1257878357191982e-01,2.3172311292007919e-10,3.1257878372257392e-01,2.7639149589013439e-10
-1.3141786383510305e+00,3.1672695443739751e-01,2.2065321791941983e-10,3.1672695460550815e-01,2.7739687938081406e-10
-1.3041848844472206e+00,3.2089812351650737e-01,2.0862211957961563e-10,3.2089812370115434e-01,2.7859951585481590e-10
-1.2941911305434104e+00,3.2509175505019072e-01,1.9569487696990961e-10,3.2509175525037642e-01,2.7994785210255884e-10
-1.2841973766396002e+00,3.2930729947695347e-01,1.8194060147358471e-10,3.2930729969160805e-01,2.8138757559640854e-10
-1.2742036227357900e+00,3.3354419347346109e-01,1.6743093023130484e-10,3.3354419370144772e-01,2.8286219200017967e-10
-1.2642098688319801e+00,3.3780186000257734e-01,1.5224091431953468e-10,3.3780186024269854e-01,2.8431582266707333e-10
-1.2542161149281699e+00,3.4207970836891677e-01,1.3644996244011054e-10,3.4207970861992082e-01,2.8569498736725898e-10
-1.2442223610243597e+00,3.4637713428197237e-01,1.2013989802994729e-10,3.4637713454255908e-01,2.8694778819500490e-10
-1.2342286071205497e+00,3.5069351992687559e-01,1.0339296085959404e-10,3.5069352019570404e-01,2.8802577139690386e-10
-1.2242348532167395e+00,3.5502823404284528e-01,8.6294305035039542e-11,3.5502823431854286e-01,2.8888727979538054e-10
-1.2142410993129293e+00,3.5938063200937842e-01,6.8927585861189300e-11,3.5938063229054551e-01,2.8949256358817501e-10
-1.2042473454091194e+00,3.6375005594021537e-01,5.1377957444032063e-11,3.6375005622543455e-01,2.8980972390027782e-10
-1.1942535915053092e+00,3.6813583478513201e-01,3.3732489024274059e-11,3.6813583507297548e-01,2.8981329295702581e-10
-1.1842598376014990e+00,3.7253728443958556e-01,1.6079249043343680e-11,3.7253728472862263e-01,2.8948397411863729e-10
-1.1742660836976890e+00,3.7695370786224613e-01,-1.4954426585944702e-12,3.7695370815105106e-01,2.8880879612279875e-10
-1.1642723297938788e+00,3.8138439520043721e-01,-1.8906126664219869e-11,3.8138439548759800e-01,2.8778249406873444e-10
-1.1542785758900687e+00,3.8582862392350692e-01,-3.6068648068265929e-11,3.8582862420763175e-01,2.8640507870313062e-10
-1.1442848219862587e+00,3.9028565896414047e-01,-5.2901572011876397e-11,3.9028565924386355e-01,2.8468153559027557e-10
-1.1342910680824485e+00,3.9475475286761907e-01,-6.9323213836014475e-11,3.9475475314160996e-01,2.8262468634747648e-10
-1.1242973141786383e+00,3.9923514594903775e-01,-8.5252777060063067e-11,3.9923514621600720e-01,2.8025117553266807e-10
-1.1143035602748281e+00,4.0372606645847076e-01,-1.0061457222931836e-10,4.0372606671717598e-01,2.7758185283484604e-10
-1.1043098063710182e+00,4.0822673075407606e-01,-1.1533557442433562e-10,4.0822673100332807e-01,2.7464314697633657e-10
-1.0943160524672080e+00,4.1273634348313060e-01,-1.2934586735013909e-10,4.1273634372180062e-01,2.7146590164245389e-10
-1.0843222985633978e+00,4.1725409777097294e-01,-1.4258136338263228e-10,4.1725409799799612e-01,2.6808388341873518e-10
-1.0743285446595878e+00,4.2177917541782695e-01,-1.5498247130096843e-10,4.2177917563220668e-01,2.6453400102339137e-10
-1.0643347907557776e+00,4.2631074710347228e-01,-1.6649009948466187e-10,4.2631074730428692e-01,2.6085527394723313e-10
-1.0543410368519675e+00,4.3084797259973606e-01,-1.7705317767457984e-10,4.3084797278613957e-01,2.5708771641705763e-10
-1.0443472829481575e+00,4.3539000099074271e-01,-1.8662599243768341e-10,4.3539000116197163e-01,2.5327574711047270e-10
-1.0343535290443473e+00,4.3993597090089509e-01,-1.9516893656756906e-10,4.3993597105627075e-01,2.4946444340292112e-10
-1.0243597751405371e+00,4.4448501073051461e-01,-2.0264837030659066e-10,4.4448501086944558e-01,2.4569936627842046e-10
-1.0143660212367271e+00,4.4903623889908872e-01,-2.0903881403633306e-10,4.4903623902107204e-01,2.4202717670369817e-10
-1.0043722673329170e+00,4.5358876409604920e-01,-2.1431600938370821e-10,4.5358876420067495e-01,2.3849088025673707e-10
-9.9437851342910677e-01,4.5814168553902512e-01,-2.1846510711576173e-10,4.5814168562597463e-01,2.3513234385268787e-10
-9.8438475952529669e-01,4.6269409323946775e-01,-2.2147775280423332e-10,4.6269409330851741e-01,2.3199191758903912e-10
-9.7439100562148662e-01,4.6724506827558432e-01,-2.2335139293616635e-10,4.6724506832660628e-01,2.2910496629480337e-10
-9.6439725171767643e-01,4.7179368307247882e-01,-2.2409102351517163e-10,4.7179368310544034e-01,2.2650220479948797e-10
-9.5440349781386635e-01,4.7633900168940208e-01,-2.2370896801682250e-10,4.7633900170436444e-01,2.2420877486839382e-10
-9.4440974391005617e-01,4.8088008011400984e-01,-2.2222057527443440e-10,4.8088008011112904e-01,2.2223924748470528e-10
-9.3441599000624609e-01,4.8541596656352426e-01,-2.1964657870299220e-10,4.8541596654304831e-01,2.2059892166330081e-10
-9.2442223610243601e-01,4.8994570179267560e-01,-2.1601465061138470e-10,4.8994570175494340e-01,2.1928531338675579e-10
-9.1442848219862582e-01,4.9446831940830949e-01,-2.1135804217919940e-10,4.9446831935374991e-01,2.1828643948460805e-10
-9.0443472829481575e-01,4.9898284619053423e-01,-2.0571505610078589e-10,4.9898284611966154e-01,2.1758130303395160e-10
-8.9444097439100567e-01,5.0348830242027087e-01,-1.9912949067446561e-10,5.0348830233368080e-01,2.1714141477442736e-10
-8.8444722048719548e-01,5.0798370221306755e-01,-1.9164775322266792e-10,5.0798370211143529e-01,2.1692850715150719e-10
-8.7445346658338541e-01,5.1246805385904337e-01,-1.8331902662538369e-10,5.1246805374311699e-01,2.1689811205180848e-10
-8.6445971267957522e-01,5.1694036016880163e-01,-1.7419743425506340e-10,5.1694036003939781e-01,2.1700252300004039e-10
-8.5446595877576514e-01,5.2139961882516117e-01,-1.6434120730934865e-10,5.2139961868316120e-01,2.1719121332253636e-10
-8.4447220487195507e-01,5.2584482274055255e-01,-1.5381229623301351e-10,5.2584482258689513e-01,2.1741394902521288e-10
-8.3447845096814488e-01,5.3027496041990141e-01,-1.4267559356184734e-10,5.3027496025557719e-01,2.1762071264393730e-10
-8.2448469706433480e-01,5.3468901632883625e-01,-1.3099760165502516e-10,5.3468901615488140e-01,2.1776285647524794e-10
-8.1449094316052473e-01,5.3908597126704316e-01,-1.1884537798323436e-10,5.3908597108453193e-01,2.1779479411312152e-10
-8.0449718925671454e-01,5.4346480274658293e-01,-1.0628847801896768e-10,5.4346480255662100e-01,2.1767585381819275e-10
-7.9450343535290446e-01,5.4782448537498729e-01,-9.3399898926094238e-11,5.4782448517870508e-01,2.1737122197746521e-10
-7.8450968144909428e-01,5.5216399124294080e-01,-8.0253026446541753e-11,5.5216399104148850e-01,2.1684920369160154e-10
-7.7451592754528420e-01,5.5648229031636109e-01,-6.6923133701379811e-11,5.5648229011089778e-01,2.1608766467722504e-10
-7.6452217364147412e-01,5.6077835083265803e-01,-5.3485660345131691e-11,5.6077835062434778e-01,2.1506715096046281e-10
-7.5452841973766394e-01,5.6505113970098730e-01,-4.0013881097422654e-11,5.6505113949099117e-01,2.1377438098448035e-10
-7.4453466583385386e-01,5.6929962290627700e-01,-2.6581681300541504e-11,5.6929962269574541e-01,2.1220305624106481e-10
-7.3454091193004367e-01,5.7352276591681250e-01,-1.3262668741020889e-11,5.7352276570688121e-01,2.1034982011420082e-10
-7.2454715802623360e-01,5.7771953409517063e-01,-1.2978507157868080e-13,5.7771953388695407e-01,2.0821659555738458e-10
-7.1455340412242352e-01,5.8188889311227499e-01,1.2744194588520941e-11,5.8188889290685908e-01,2.0581085768666518e-10
-7.0455965021861333e-01,5.8602980936434323e-01,2.5289326188726591e-11,5.8602980916278025e-01,2.0314327052860196e-10
-6.9456589631480325e-01,5.9014125039250342e-01,3.7440717193248929e-11,5.9014125019580765e-01,2.0022745452994859e-10
-6.8457214241099318e-01,5.9422218530484627e-01,4.9136472668465103e-11,5.9422218511398683e-01,1.9708302448625995e-10
-6.7457838850718299e-01,5.9827158520066881e-01,6.0316807104499048e-11,5.9827158501656641e-01,1.9373128529469214e-10
-6.6458463460337291e-01,6.0228842359667845e-01,7.0924599526733800e-11,6.0228842342020106e-01,1.9019612873175283e-10
-6.5459088069956273e-01,6.0627167685491157e-01,8.0908391097977983e-11,6.0627167668687099e-01,1.8650416822156372e-10
-6.4459712679575265e-01,6.1022032461212361e-01,9.0219387516299321e-11,6.1022032445326879e-01,1.8268659268139017e-10
-6.3460337289194257e-01,6.1413335021039228e-01,9.8816232974030527e-11,6.1413335006140835e-01,1.7877600838562803e-10
-6.2460961898813239e-01,6.1800974112869778e-01,1.0666451055740822e-10,6.1800974099020156e-01,1.7480995178305582e-10
-6.1461586508432231e-01,6.2184848941521764e-01,1.1373230135447443e-10,6.2184848928775427e-01,1.7082724570820756e-10
-6.0462211118051223e-01,6.2564859212007917e-01,1.1999240490112584e-10,6.2564859200412148e-01,1.6686630161954398e-10
-5.9462835727670205e-01,6.2940905172832207e-01,1.2542461513831427e-10,6.2940905162426841e-01,1.6296777937485207e-10
-5.8463460337289197e-01,6.3312887659280448e-01,1.3001255627642649e-10,6.3312887650097527e-01,1.5917244976570544e-10
-5.7464084946908178e-01,6.3680708136679143e-01,1.3374606977478720e-10,6.3680708128742847e-01,1.5552006527445450e-10
-5.6464709556527171e-01,6.4044268743596766e-01,1.3662343478770822e-10,6.4044268736923360e-01,1.5205064307771356e-10
-5.5465334166146163e-01,6.4403472334961165e-01,1.3864703829469249e-10,6.4403472329558875e-01,1.4880011645487216e-10
-5.4465958775765144e-01,6.4758222525066211e-01,1.3982115465438483e-10,6.4758222520935360e-01,1.4579557080477500e-10
-5.3466583385384137e-01,6.5108423730441789e-01,1.4015738569739256e-10,6.5108423727574904e-01,1.4305941228560015e-10
-5.2467207995003118e-01,6.5453981212560652e-01,1.3967105250145551e-10,6.5453981210942447e-01,1.4060534070011049e-10
-5.1467832604622110e-01,6.5794801120354762e-01,1.3838169499180708e-10,6.5794801119962310e-01,1.3843733392362560e-10
-5.0468457214241103e-01,6.6130790532515216e-01,1.3631623607679444e-10,6.6130790533318340e-01,1.3655261649501046e-10
-4.9469081823860089e-01,6.6461857499549681e-01,1.3350509586729231e-10,6.6461857501510913e-01,1.3493796128473020e-10
-4.8469706433479076e-01,6.6787911085569052e-01,1.2997986020835128e-10,6.6787911088644292e-01,1.3356823800606387e-10
-4.7470331043098063e-01,6.7108861409778853e-01,1.2577744401554014e-10,6.7108861413917797e-01,1.3241243061443910e-10
-4.6470955652717050e-01,6.7424619687648391e-01,1.2093520629363752e-10,6.7424619692794641e-01,1.3142949867888454e-10
-4.5471580262336042e-01,6.7735098271729854e-01,1.1549733391902350e-10,6.7735098277821726e-01,1.3057842057875666e-10
-4.4472204871955029e-01,6.8040210692103797e-01,1.0950967910261511e-10,6.8040210699074599e-01,1.2981362590359820e-10
-4.3472829481574016e-01,6.8339871696422527e-01,1.0302320108124263e-10,6.8339871704201138e-01,1.2909089436427328e-10
-4.2473454091193003e-01,6.8633997289526993e-01,9.6089414203248680e-11,6.8633997298038429e-01,1.2836522037099324e-10
-4.1474078700811995e-01,6.8922504772610726e-01,8.8760554461941865e-11,6.8922504781776883e-01,1.2759419632015882e-10
-4.0474703310430982e-01,6.9205312781906025e-01,8.1091633408192365e-11,6.9205312791646167e-01,1.2673945588481979e-10
-3.9475327920049968e-01,6.9482341326866304e-01,7.3139327927407294e-11,6.9482341337097553e-01,1.2576647912086625e-10
-3.8475952529668955e-01,6.9753511827819792e-01,6.4962701884496710e-11,6.9753511838457916e-01,1.2464798535984324e-10
-3.7476577139287948e-01,7.0018747153070482e-01,5.6623872257688390e-11,7.0018747164030271e-01,1.2336109433564482e-10
-3.6477201748906934e-01,7.0277971655420568e-01,4.8184123357941644e-11,7.0277971666616601e-01,1.2188857704559231e-10
-3.5477826358525921e-01,7.0531111208091435e-01,3.9702130472107910e-11,7.0531111219438603e-01,1.2021680636091894e-10
-3.4478450968144908e-01,7.0778093240018525e-01,3.1238234221575567e-11,7.0778093251432694e-01,1.1833914848722220e-10
-3.3479075577763895e-01,7.1018846770497390e-01,2.2851998071615753e-11,7.1018846781895706e-01,1.1625133858957377e-10
-3.2479700187382887e-01,7.1253302443156274e-01,1.4601431175265134e-11,7.1253302454457967e-01,1.1395625505664885e-10
-3.1480324797001874e-01,7.1481392559234713e-01,6.5466521093071606e-12,7.1481392570361302e-01,1.1145831465789078e-10
-3.0480949406620861e-01,7.1703051110143567e-01,-1.2568279750269085e-12,7.1703051121019401e-01,1.0876559747649747e-10
-2.9481574016239848e-01,7.1918213809285969e-01,-8.7571616624870785e-12,7.1918213819838761e-01,1.0589064984303224e-10
-2.8482198625858840e-01,7.2126818123117253e-01,-1.5905166073082455e-11,7.2126818133278658e-01,1.0285129833064664e-10
-2.7482823235477827e-01,7.2328803301423539e-01,-2.2654489395534938e-11,7.2328803311129219e-01,9.9665689591495546e-11
-2.6483447845096814e-01,7.2524110406796716e-01,-2.8963498266421084e-11,7.2524110415987042e-01,9.6359192301642050e-11
-2.5484072454715800e-01,7.2712682343288271e-01,-3.4790836878073605e-11,7.2712682351908309e-01,9.2956483752554834e-11
-2.4484697064334790e-01,7.2894463884219984e-01,-4.0100867071402035e-11,7.2894463892220029e-01,8.9488276625665992e-11
-2.3485321673953780e-01,7.3069401699134429e-01,-4.4864723047766120e-11,7.3069401706470283e-01,8.5990226071468980e-11
-2.2485946283572766e-01,7.3237444379865746e-01,-4.9057757856019180e-11,7.3237444386499195e-01,8.2504112792162692e-11
-2.1486570893191756e-01,7.3398542465714001e-01,-5.2660376059776581e-11,7.3398542471612704e-01,7.9073293829466241e-11
-2.0487195502810743e-01,7.3552648467704107e-01,-5.5657867203962041e-11,7.3552648472841964e-01,7.5746652983996249e-11
-1.9487820112429732e-01,7.3699716891914235e-01,-5.8037463723792371e-11,7.3699716896271594e-01,7.2574133612667595e-11
-1.8488444722048719e-01,7.3839704261857220e-01,-5.9792448769968587e-11,7.3839704265420936e-01,6.9607069288374678e-11
-1.7489069331667709e-01,7.3972569139899347e-01,-6.0921712119466065e-11,7.3972569142662603e-01,6.6895542005714197e-11
-1.6489693941286696e-01,7.4098272147701016e-01,-6.1429972220139462e-11,7.4098272149663924e-01,6.4489860576423471e-11
-1.5490318550905685e-01,7.4216775985667571e-01,-6.1326166367337009e-11,7.4216775986836847e-01,6.2430915963103270e-11
-1.4490943160524672e-01,7.4328045451394265e-01,-6.0622340480875891e-11,7.4328045451783031e-01,6.0746869282193434e-11
-1.3491567770143661e-01,7.4432047457093398e-01,-5.9334925861520560e-11,7.4432047456721251e-01,5.9451515943079965e-11
-1.2492192379762648e-01,7.4528751045992414e-01,-5.7482296700328561e-11,7.4528751044885166e-01,5.8538996956528177e-11
-1.1492816989381636e-01,7.4618127407690626e-01,-5.5087157058153480e-11,7.4618127405879964e-01,5.7986591771224411e-11
-1.0493441599000625e-01,7.4700149892463774e-01,-5.2179982557021276e-11,7.4700149889987255e-01,5.7758680822667014e-11
-9.4940662086196129e-02,7.4774794024507529e-01,-4.8790749218596829e-11,7.4774794021408242e-01,5.7802210216676458e-11
-8.4946908182386011e-02,7.4842037514110160e-01,-4.4954873157365682e-11,7.4842037510436032e-01,5.8059125322722031e-11
-7.4953154278575893e-02,7.4901860268744969e-01,-4.0709435822350315e-11,7.4901860264548559e-01,5.8465748591068156e-11
-6.4959400374765774e-02,7.4954244403076342e-01,-3.6091518662573208e-11,7.4954244398414360e-01,5.8957656447676532e-11
-5.4965646470955649e-02,7.4999174247871547e-01,-3.1142366463399185e-11,7.4999174242804312e-01,5.9477176887691598e-11
-4.4971892567145531e-02,7.5036636357812014e-01,-2.5908886147618659e-11,7.5036636352402986e-01,5.9975241693276029e-11
-3.4978138663335413e-02,7.5066619518199107e-01,-2.0437818104568350e-11,7.5066619512514388e-01,6.0409501166968156e-11
-2.4984384759525295e-02,7.5089114750549379e-01,-1.4779677481868703e-11,7.5089114744657071e-01,6.0748409363785325e-11
-1.4990630855715179e-02,7.5104115317075371e-01,-8.9828144922421416e-12,7.5104115311045128e-01,6.0967811063666806e-11
-4.9968769519050590e-03,7.5111616724049179e-01,-3.0985214394263494e-12,7.5111616717951468e-01,6.1055786402796676e-11
4.9968769519050590e-03,7.5111616724045893e-01,2.8220759062946854e-12,7.5111616717951468e-01,6.1009553984932639e-11
1.4990630855715179e-02,7.5104115317065656e-01,8.7252982616803365e-12,7.5104115311045128e-01,6.0834260051145212e-11
2.4984384759525295e-02,7.5089114750533725e-01,1.4556245098162890e-11,7.5089114744657071e-01,6.0542475496915201e-11
3.4978138663335413e-02,7.5066619518178501e-01,2.0259793842569707e-11,7.5066619512514388e-01,6.0155444969546560e-11
4.4971892567145531e-02,7.5036636357787700e-01,2.5784208101953254e-11,7.5036636352402986e-01,5.9702100790300722e-11
5.4965646470955649e-02,7.4999174247845013e-01,3.1077918016819694e-11,7.4999174242804312e-01,5.9217428487986263e-11
6.4959400374765774e-02,7.4954244403049197e-01,3.6092961952505220e-11,7.4954244398414360e-01,5.8744133884606266e-11
7.4953154278575893e-02,7.4901860268718878e-01,4.0779324361750469e-11,7.4901860264548559e-01,5.8327608297351742e-11
8.4946908182386011e-02,7.4842037514086712e-01,4.5089543210252714e-11,7.4842037510436032e-01,5.8015628728960676e-11
9.4940662086196129e-02,7.4774794024488056e-01,4.8979931221992956e-11,7.4774794021408242e-01,5.7858095386421469e-11
1.0493441599000625e-01,7.4700149892449463e-01,5.2409909745421146e-11,7.4700149889987255e-01,5.7905488245676523e-11
1.1492816989381636e-01,7.4618127407682444e-01,5.5343729599144353e-11,7.4618127405879964e-01,5.8204999446407890e-11
1.2492192379762648e-01,7.4528751045990926e-01,5.7750915161136618e-11,7.4528751044885166e-01,5.8799988977894277e-11
1.3491567770143661e-01,7.4432047457098749e-01,5.9602600632757685e-11,7.4432047456721251e-01,5.9722026746145251e-11
1.4490943160524672e-01,7.4328045451406144e-01,6.0874472129768264e-11,7.4328045451783031e-01,6.0991030234554663e-11
1.5490318550905685e-01,7.4216775985685235e-01,6.1546157059666484e-11,7.4216775986836847e-01,6.2614299490439700e-11
1.6489693941286696e-01,7.4098272147723521e-01,6.1602445367014980e-11,7.4098272149663924e-01,6.4586204472425983e-11
1.7489069331667709e-01,7.3972569139925426e-01,6.1034732823372906e-11,7.3972569142662603e-01,6.6891348369916259e-11
1.8488444722048719e-01,7.3839704261885497e-01,5.9840021826573775e-11,7.3839704265420936e-01,6.9503674922110891e-11
1.9487820112429732e-01,7.3699716891942924e-01,5.8020255266910681e-11,7.3699716896271594e-01,7.2388459521564561e-11
2.0487195502810743e-01,7.3552648467731696e-01,5.5577931146189030e-11,7.3552648472841964e-01,7.5500927762426235e-11
2.1486570893191756e-01,7.3398542465738892e-01,5.2521653692849668e-11,7.3398542471612704e-01,7.8795250433673954e-11
2.2485946283572766e-01,7.3237444379886574e-01,4.8866466428876265e-11,7.3237444386499195e-01,8.2222916104416396e-11
2.3485321673953780e-01,7.3069401699149994e-01,4.4630188433814055e-11,7.3069401706470283e-01,8.5735153582474240e-11
2.4484697064334790e-01,7.2894463884229554e-01,3.9837522169960948e-11,7.2894463892220029e-01,8.9284921250442260e-11
2.5484072454715800e-01,7.2712682343291424e-01,3.4517222413654736e-11,7.2712682351908309e-01,9.2825154590445397e-11
2.6483447845096814e-01,7.2524110406793363e-01,2.8697710874325821e-11,7.2524110415987042e-01,9.6311641264948547e-11
2.7482823235477827e-01,7.2328803301413880e-01,2.2412072198108035e-11,7.2328803311129219e-01,9.9704981920799339e-11
2.8482198625858840e-01,7.2126818123102088e-01,1.5698109478989863e-11,7.2126818133278658e-01,1.0296936319511220e-10
2.9481574016239848e-01,7.1918213809266229e-01,8.5952911454967307e-12,7.1918213819838761e-01,1.0607413335509404e-10
3.0480949406620861e-01,7.1703051110120708e-01,1.1503020758141247e-12,7.1703051121019401e-01,1.0899300085150239e-10
3.1480324797001874e-01,7.1481392559210188e-01,-6.5901728518724667e-12,7.1481392570361302e-01,1.1170569953414869e-10
3.2479700187382887e-01,7.1253302443131661e-01,-1.4577061779874612e-11,7.1253302454457967e-01,1.1419725372216670e-10
3.3479075577763895e-01,7.1018846770474298e-01,-2.2760737738991565e-11,7.1018846781895706e-01,1.1645989805425983e-10
3.4478450968144908e-01,7.0778093239998441e-01,-3.1088576157856096e-11,7.0778093251432694e-01,1.1849352293843426e-10
3.5477826358525921e-01,7.0531111208075625e-01,-3.9504843840632020e-11,7.0531111219438603e-01,1.2030111317154062e-10
3.6477201748906934e-01,7.0277971655410165e-01,-4.7951920212341292e-11,7.0277971666616601e-01,1.2189260412225337e-10
3.7476577139287948e-01,7.0018747153066263e-01,-5.6369353629293073e-11,7.0018747164030271e-01,1.2328199394090269e-10
3.8475952529668955e-01,6.9753511827822190e-01,-6.4697525115064991e-11,6.9753511838457916e-01,1.2448950048576936e-10
3.9475327920049968e-01,6.9482341326875241e-01,-7.2878647561225307e-11,6.9482341337097553e-01,1.2554227694096446e-10
4.0474703310430982e-01,6.9205312781921080e-01,-8.0853268524805344e-11,6.9205312791646167e-01,1.2647127550905666e-10
4.1474078700811995e-01,6.8922504772631155e-01,-8.8560658806358106e-11,6.8922504781776883e-01,1.2730838733260374e-10
4.2473454091193003e-01,6.8633997289551729e-01,-9.5941088407158759e-11,6.8633997298038429e-01,1.2809020464740240e-10
4.3472829481574016e-01,6.8339871696450316e-01,-1.0293382812776031e-10,6.8339871704201138e-01,1.2885223110356128e-10
4.4472204871955029e-01,6.8040210692133118e-01,-1.0948131290433594e-10,6.8040210699074599e-01,1.2963245480513408e-10
4.5471580262336042e-01,6.7735098271759164e-01,-1.1553052958745980e-10,6.7735098277821726e-01,1.3047133224713487e-10
4.6470955652717050e-01,6.7424619687676002e-01,-1.2102957525073066e-10,6.7424619692794641e-01,1.3140854024402784e-10
4.7470331043098063e-01,6.7108861409803411e-01,-1.2592832332458670e-10,6.7108861413917797e-01,1.3247928265328396e-10
4.8469706433479076e-01,6.6787911085589213e-01,-1.3018075506465721e-10,6.6787911088644292e-01,1.3371753587259969e-10
4.9469081823860089e-01,6.6461857499564547e-01,-1.3374235052765471e-10,6.6461857501510913e-01,1.3515121201574822e-10
5.0468457214241103e-01,6.6130790532524120e-01,-1.3657358577390255e-10,6.6130790533318340e-01,1.3680432343649939e-10
5.1467832604622110e-01,6.5794801120357316e-01,-1.3864170922417429e-10,6.5794801119962310e-01,1.3869796873187792e-10
5.2467207995003118e-01,6.5453981212556989e-01,-1.3991857672479568e-10,6.5453981210942447e-01,1.4084701859082581e-10
5.3466583385384137e-01,6.5108423730432241e-01,-1.4038115114800576e-10,6.5108423727574904e-01,1.4325957153447455e-10
5.4465958775765144e-01,6.4758222525051634e-01,-1.4000867132324402e-10,6.4758222520935360e-01,1.4593422902253187e-10
5.5465334166146163e-01,6.4403472334942657e-01,-1.3878742599615634e-10,6.4403472329558875e-01,1.4886390029000248e-10
5.6464709556527171e-01,6.4044268743575694e-01,-1.3670642395879895e-10,6.4044268736923360e-01,1.5203289589548801e-10
5.7464084946908178e-01,6.3680708136656994e-01,-1.3376499907735706e-10,6.3680708128742847e-01,1.5542344557572446e-10
5.8463460337289197e-01,6.3312887659258710e-01,-1.2996664855435824e-10,6.3312887650097527e-01,1.5900961289183779e-10
5.9462835727670205e-01,6.2940905172812323e-01,-1.2531925497327734e-10,6.2940905162426841e-01,1.6275975541517437e-10
6.0462211118051223e-01,6.2564859211991286e-01,-1.1983630754386354e-10,6.2564859200412148e-01,1.6663848137367230e-10
6.1461586508432231e-01,6.2184848941509663e-01,-1.1353495921184731e-10,6.2184848928775427e-01,1.7060557824506563e-10
6.2460961898813239e-01,6.1800974112863116e-01,-1.0643613768124283e-10,6.1800974099020156e-01,1.7461788530802619e-10
6.3460337289194257e-01,6.1413335021038573e-01,-9.8568209150329267e-11,6.1413335006140835e-01,1.7863357296279078e-10
6.4459712679575265e-01,6.1022032461218001e-01,-8.9966034622079860e-11,6.1022032445326879e-01,1.8261068544513203e-10
6.5459088069956273e-01,6.0627167685502847e-01,-8.0666917590122011e-11,6.0627167668687099e-01,1.8650493918883361e-10
6.6458463460337291e-01,6.0228842359685042e-01,-7.0711769772913158e-11,6.0228842342020106e-01,1.9027651302909909e-10
6.7457838850718299e-01,5.9827158520088819e-01,-6.0145277647194462e-11,5.9827158501656641e-01,1.9388649521871492e-10
6.8457214241099318e-01,5.9422218530510229e-01,-4.9015291825327267e-11,5.9422218511398683e-01,1.9730082781913134e-10
6.9456589631480325e-01,5.9014125039278376e-01,-3.7373881767166495e-11,5.9014125019580765e-01,2.0049037841063996e-10
7.0455965021861333e-01,5.8602980936463234e-01,-2.5280111337622202e-11,5.8602980916278025e-01,2.0342898148475900e-10
7.1455340412242352e-01,5.8188889311255831e-01,-1.2793988091175379e-11,5.8188889290685908e-01,2.0609672870949291e-10
7.2454715802623360e-01,5.7771953409543286e-01,2.1871393585115584e-14,5.7771953388695407e-01,2.0847879093439436e-10
7.3454091193004367e-01,5.7352276591704054e-01,1.3101464357845316e-11,5.7352276570688121e-01,2.1056731511599625e-10
7.4453466583385386e-01,5.6929962290646063e-01,2.6379176620849876e-11,5.6929962269574541e-01,2.1235999195549453e-10
7.5452841973766394e-01,5.6505113970111853e-01,3.9784953109744947e-11,5.6505113949099117e-01,2.1386058518621918e-10
7.6452217364147412e-01,5.6077835083273164e-01,5.3245408082602808e-11,5.6077835062434778e-01,2.1507884362177906e-10
7.7451592754528420e-01,5.5648229031637486e-01,6.6684380239934171e-11,5.5648229011089778e-01,2.1602693556418590e-10
7.8450968144909428e-01,5.5216399124289672e-01,8.0028095261752696e-11,5.5216399104148850e-01,2.1672509890980216e-10
7.9450343535290446e-01,5.4782448537489059e-01,9.3200724915476485e-11,5.4782448517870508e-01,2.1719836636900073e-10
8.0449718925671454e-01,5.4346480274644338e-01,1.0612777323615319e-10,5.4346480255662100e-01,2.1747560832165358e-10
8.1449094316052473e-01,5.3908597126687097e-01,1.1873402261386445e-10,5.3908597108453193e-01,2.1758973090310629e-10
8.2448469706433480e-01,5.3468901632864552e-01,1.3094464401675054e-10,5.3468901615488140e-01,2.1757864597279829e-10
8.3447845096814488e-01,5.3027496041970501e-01,1.4268236592229755e-10,5.3027496025557719e-01,2.1747689450927599e-10
8.4447220487195507e-01,5.2584482274036448e-01,1.5387613405692946e-10,5.2584482258689513e-01,2.1732626512326423e-10
8.5446595877576514e-01,5.2139961882499586e-01,1.6445644845930474e-10,5.2139961868316120e-01,2.1717042348399416e-10
8.6445971267957522e-01,5.1694036016867106e-01,1.7435658472564342e-10,5.1694036003939781e-01,2.1705251454138819e-10
8.7445346658338541e-01,5.1246805385895811e-01,1.8351475894462510e-10,5.1246805374311699e-01,2.1701804200146048e-10
8.8444722048719548e-01,5.0798370221303513e-01,1.9187029742795403e-10,5.0798370211143529e-01,2.1710996857009977e-10
8.9444097439100567e-01,5.0348830242029552e-01,1.9936513551144230e-10,5.0348830233368080e-01,2.1736735307149843e-10
9.0443472829481575e-01,4.9898284619061578e-01,2.0594728700196185e-10,4.9898284611966154e-01,2.1782743066379568e-10
9.1442848219862582e-01,4.9446831940844510e-01,2.1157173235586413e-10,4.9446831935374991e-01,2.1852725699464324e-10
9.2442223610243601e-01,4.8994570179286007e-01,2.1619692147645253e-10,4.8994570175494340e-01,2.1949665761672500e-10
9.3441599000624609e-01,4.8541596656374925e-01,2.1978865949456861e-10,4.8541596654304831e-01,2.2076137297794417e-10
9.4440974391005617e-01,4.8088008011426409e-01,2.2231599894340093e-10,4.8088008011112904e-01,2.2233810269669461e-10
9.5440349781386635e-01,4.7633900168967280e-01,2.2375321040435381e-10,4.7633900170436444e-01,2.2423501813499396e-10
9.6439725171767643e-01,4.7179368307275149e-01,2.2407953270686676e-10,4.7179368310544034e-01,2.2645131485316008e-10
9.7439100562148662e-01,4.6724506827584533e-01,2.2328350279821052e-10,4.6724506832660628e-01,2.2898077816286164e-10
9.8438475952529669e-01,4.6269409323970428e-01,2.2135712707260780e-10,4.6269409330851741e-01,2.3180643530102753e-10
9.9437851342910677e-01,4.5814168553922641e-01,2.1830121044175144e-10,4.5814168562597463e-01,2.3490566639544976e-10
1.0043722673329170e+00,4.5358876409620658e-01,2.1412138728749142e-10,4.5358876420067495e-01,2.3824695292460086e-10
1.0143660212367271e+00,4.4903623889919503e-01,2.0882551243772696e-10,4.4903623902107204e-01,2.4178937082145713e-10
1.0243597751405371e+00,4.4448501073056668e-01,2.0242868492559296e-10,4.4448501086944558e-01,2.4548874449083848e-10
1.0343535290443473e+00,4.3993597090089187e-01,1.9495324798946001e-10,4.3993597105627075e-01,2.4929774195303678e-10
1.0443472829481575e+00,4.3539000099068792e-01,1.8642681842706565e-10,4.3539000116197163e-01,2.5316608727811222e-10
1.0543410368519675e+00,4.3084797259963670e-01,1.7688342457411466e-10,4.3084797278613957e-01,2.5704292622825110e-10
1.0643347907557776e+00,4.2631074710333761e-01,1.6636150790283466e-10,4.2631074730428692e-01,2.6087693957976671e-10
1.0743285446595878e+00,4.2177917541766718e-01,1.5490358995506881e-10,4.2177917563220668e-01,2.6461730493961954e-10
1.0843222985633978e+00,4.1725409777080080e-01,1.4255613356439767e-10,4.1725409799799612e-01,2.6821626309733755e-10
1.0943160524672080e+00,4.1273634348295807e-01,1.2937265148060817e-10,4.1273634372180062e-01,2.7163035528195201e-10
1.1043098063710182e+00,4.0822673075391636e-01,1.1541104183443451e-10,4.0822673100332807e-01,2.7481977987488913e-10
1.1143035602748281e+00,4.0372606645833664e-01,1.0073469836058280e-10,4.0372606671717598e-01,2.7775039656286461e-10
1.1242973141786383e+00,3.9923514594893972e-01,8.5411955286218699e-11,3.9923514621600720e-01,2.8039301092366965e-10
1.1342910680824485e+00,3.9475475286756456e-01,6.9512562372864295e-11,3.9475475314160996e-01,2.8272402835775076e-10
1.1442848219862587e+00,3.9028565896413608e-01,5.3110155162627848e-11,3.9028565924386355e-01,2.8472467818904179e-10
1.1542785758900687e+00,3.8582862392355410e-01,3.6281283533057263e-11,3.8582862420763175e-01,2.8638513042808897e-10
1.1642723297938788e+00,3.8138439520053469e-01,1.9108603588335882e-11,3.8138439548759800e-01,2.8769860448096163e-10
1.1742660836976890e+00,3.7695370786239041e-01,1.6755763443399019e-12,3.7695370815105106e-01,2.8866551397061620e-10
1.1842598376014990e+00,3.7253728443977097e-01,-1.5930007313258443e-11,3.7253728472862263e-01,2.8929059679851182e-10
1.1942535915053092e+00,3.6813583478534950e-01,-3.3620967121450462e-11,3.6813583507297548e-01,2.8958431067659209e-10
1.2042473454091194e+00,3.6375005594045418e-01,-5.1310400372983622e-11,3.6375005622543455e-01,2.8956272200120514e-10
1.2142410993129293e+00,3.5938063200962600e-01,-6.8909156158980522e-11,3.5938063229054551e-01,2.8924771880117307e-10
1.2242348532167395e+00,3.5502823404308881e-01,-8.6327889281534453e-11,3.5502823431854286e-01,2.8866492215117832e-10
1.2342286071205497e+00,3.5069351992710263e-01,-1.0347672718680201e-10,3.5069352019570404e-01,2.8784397734906244e-10
1.2442223610243597e+00,3.4637713428217298e-01,-1.2026618589899840e-10,3.4637713454255908e-01,2.8681854431182686e-10
1.2542161149281699e+00,3.4207970836908141e-01,-1.3660900188838809e-10,3.4207970861992082e-01,2.8562637553068342e-10
1.2642098688319801e+00,3.3780186000269929e-01,-1.5242190842812420e-10,3.3780186024269854e-01,2.8430982161402629e-10
1.2742036227357900e+00,3.3354419347353503e-01,-1.6762469190467755e-10,3.3354419370144772e-01,2.8291735722024359e-10
1.2841973766396002e+00,3.2930729947697779e-01,-1.8213686114876282e-10,3.2930729969160805e-01,2.8149597482542882e-10
1.2941911305434104e+00,3.2509175505016707e-01,-1.9588222710531511e-10,3.2509175525037642e-01,2.8009575213224950e-10
1.3041848844472206e+00,3.2089812351644020e-01,-2.0878826445525078e-10,3.2089812370115434e-01,2.7876845276887831e-10
1.3141786383510305e+00,3.1672695443729387e-01,-2.2078652794910170e-10,3.1672695460550815e-01,2.7756572828941956e-10
1.3241723922548407e+00,3.1257878357178892e-01,-2.3181459529730830e-10,3.1257878372257392e-01,2.7653954778861718e-10
1.3341661461586509e+00,3.0845413284332779e-01,-2.4181601165906841e-10,3.0845413297583540e-01,2.7574127690693815e-10
1.3441599000624609e+00,3.0435351031373048e-01,-2.5073731979574632e-10,3.0435351042719888e-01,2.7521679026061409e-10
1.3541536539662711e+00,3.0027741016452769e-01,-2.5852928131619990e-10,3.0027741025828386e-01,2.7500474289762548e-10
1.3641474078700813e+00,2.9622631268538235e-01,-2.6514915263398109e-10,2.9622631275884792e-01,2.7513862446363590e-10
1.3741411617738912e+00,2.9220068426956036e-01,-2.7055901963279894e-10,2.9220068432225499e-01,2.7564271577591438e-10
1.3841349156777014e+00,2.8820097741635364e-01,-2.7472765729008586e-10,2.8820097744789686e-01,2.7653256577492562e-10
1.3941286695815116e+00,2.8422763074035801e-01,-2.7763155663329542e-10,2.8422763075047341e-01,2.7781577120092977e-10
1.4041224234853216e+00,2.8028106898751393e-01,-2.7925109447046736e-10,2.8028106897603067e-01,2.7948709987287970e-10
1.4141161773891318e+00,2.7636170305780350e-01,-2.7957192116900842e-10,2.7636170302465679e-01,2.8153003983751048e-10
1.4241099312929419e+00,2.7246993003449760e-01,-2.7858609863429251e-10,2.7246992997972952e-01,2.8391857428731313e-10
1.4341036851967521e+00,2.6860613321984816e-01,-2.7629096233106054e-10,2.6860613314360704e-01,2.8661717487726187e-10
1.4440974391005621e+00,2.6477068217710942e-01,-2.7269148050734771e-10,2.6477068207965065e-01,2.8958393270641118e-10
1.4540911930043723e+00,2.6096393277878172e-01,-2.6780008766102981e-10,2.6096393266046591e-01,2.9277212275013705e-10
1.4640849469081825e+00,2.5718622726095264e-01,-2.6163457511607646e-10,2.5718622712224409e-01,2.9612955147226041e-10
1.4740787008119924e+00,2.5343789428362173e-01,-2.5421734162200949e-10,2.5343789412508599e-01,2.9959979584047076e-10
1.4840724547158026e+00,2.4971924899688466e-01,-2.4557737787755940e-10,2.4971924881918434e-01,3.0312646638959884e-10
1.4940662086196128e+00,2.4603059311285042e-01,-2.3574950325233601e-10,2.4603059291674331e-01,3.0665261134397340e-10
1.5040599625234228e+00,2.4237221498317091e-01,-2.2477433803125280e-10,2.4237221476950557e-01,3.1012316682162557e-10
1.5140537164272330e+00,2.3874438968204931e-01,-2.1270053773836395e-10,2.3874438945176080e-01,3.1348734713665212e-10
1.5240474703310432e+00,2.3514737909459882e-01,-1.9958201757930283e-10,2.3514737884870485e-01,3.1669674316859739e-10
1.5340412242348531e+00,2.3158143201042125e-01,-1.8547648139577433e-10,2.3158143175001680e-01,3.1970611769504402e-10
1.5440349781386633e+00,2.2804678422227020e-01,-1.7044626821061115e-10,2.2804678394852060e-01,3.2247601043393214e-10
1.5540287320424735e+00,2.2454365862965878e-01,-1.5455940693964720e-10,2.2454365834379633e-01,3.2497068734847300e-10
1.5640224859462837e+00,2.2107226534728686e-01,-1.3788807595727093e-10,2.2107226505060362e-01,3.2716060666376192e-10
1.5740162398500936e+00,2.1763280181813782e-01,-1.2051001863078170e-10,2.1763280151198017e-01,3.2902154059115812e-10
1.5840099937539038e+00,2.1422545293111336e-01,-1.0250723880833590e-10,2.1422545261687551e-01,3.3053466592990599e-10
1.5940037476577140e+00,2.1085039114306231e-01,-8.3964196706531879e-11,2.1085039082218085e-01,3.3168493768565284e-10
1.6039975015615240e+00,2.0750777660506833e-01,-6.4965630097724159e-11,2.0750777627901340e-01,3.3246406191078634e-10
1.6139912554653342e+00,2.0419775729284331e-01,-4.5601425413543950e-11,2.0419775696311301e-01,3.3286868255830908e-10
1.6239850093691444e+00,2.0092046914109793e-01,-2.5960830707383309e-11,2.0092046880921086e-01,3.3290087745045001e-10
1.6339787632729543e+00,1.9767603618173596e-01,-6.1369520576448622e-12,1.9767603584922486e-01,3.3256773013086849e-10
1.6439725171767645e+00,1.9446457068573514e-01,1.3776008112031946e-11,1.9446457035413972e-01,3.3188145398515037e-10
1.6539662710805747e+00,1.9128617330856920e-01,3.3684499634034637e-11,1.9128617297942913e-01,3.3085923796332469e-10
1.6639600249843847e+00,1.8814093323902831e-01,5.3496637675287673e-11,1.8814093291387474e-01,3.2952501392797736e-10
1.6739537788881949e+00,1.8502892835129070e-01,7.3120690058381399e-11,1.8502892803163895e-01,3.2790833518231106e-10
1.6839475327920050e+00,1.8195022536010547e-01,9.2464980117057394e-11,1.8195022504744895e-01,3.2604273786390802e-10
1.6939412866958150e+00,1.7890487997894519e-01,1.1144087042058715e-10,1.7890487967474697e-01,3.2396855706985285e-10
1.7039350405996252e+00,1.7589293708097892e-01,1.2995893250433710e-10,1.7589293678666462e-01,3.2173005528171525e-10
1.7139287945034354e+00,1.7291443086272690e-01,1.4793247182787184e-10,1.7291443057967923e-01,3.1937438679664621e-10
1.7239225484072456e+00,1.6996938501025857e-01,1.6527992863224483e-10,1.6996938473980860e-01,3.1695526496180867e-10
1.7339163023110555e+00,1.6705781286778293e-01,1.8192192197119539e-10,1.6705781261120409e-01,3.1452867532632233e-10
1.7439100562148657e+00,1.6417971760849837e-01,1.9778187421159998e-10,1.6417971736699996e-01,3.1215244544056315e-10
1.7539038101186759e+00,1.6133509240755931e-01,2.1278746820119210e-10,1.6133509218228093e-01,3.0988522842577381e-10
1.7638975640224859e+00,1.5852392061702142e-01,2.2686871825605692e-10,1.5852392040902663e-01,3.0778441673204276e-10
1.7738913179262961e+00,1.5574617594262419e-01,2.3995956610622926e-10,1.5574617575289659e-01,3.0590383059712312e-10
1.7838850718301063e+00,1.5300182262228090e-01,2.5200028175298428e-10,1.5300182245171851e-01,3.0429537206114536e-10
1.7938788257339162e+00,1.5029081560613297e-01,2.6293534016730291e-10,1.5029081545554385e-01,3.0300507838586656e-10
1.8038725796377264e+00,1.4761310073803829e-01,2.7271469804635018e-10,1.4761310060813601e-01,3.0207268952426383e-10
1.8138663335415366e+00,1.4496861493835733e-01,2.8129243379027002e-10,1.4496861482975973e-01,3.0152756542932545e-10
1.8238600874453466e+00,1.4235728638791323e-01,2.8862791323636117e-10,1.4235728630113767e-01,3.0139022866063150e-10
1.8338538413491567e+00,1.3977903471298259e-01,2.9468431861356947e-10,1.3977903464844582e-01,3.0166842998616477e-10
1.8438475952529669e+00,1.3723377117120389e-01,2.9943326984582797e-10,1.3723377112921942e-01,3.0236233054717405e-10
1.8538413491567771e+00,1.3472139883826462e-01,3.0285200736113183e-10,1.3472139881904108e-01,3.0346150139806357e-10
1.8638351030605871e+00,1.3224181279524738e-01,3.0492386393632387e-10,1.3224181279888780e-01,3.0494559427065483e-10
1.8738288569643973e+00,1.2979490031650928e-01,3.0563804265248962e-10,1.2979490034301222e-01,3.0678497172760074e-10
1.8838226108682075e+00,1.2738054105797975e-01,3.0499018588425741e-10,1.2738054110723829e-01,3.0894241763659061e-10
1.8938163647720174e+00,1.2499860724574630e-01,3.0298055037070171e-10,1.2499860731755036e-01,3.1137282688529516e-10
1.9038101186758276e+00,1.2264896386482221e-01,2.9961730318994739e-10,1.2264896395885931e-01,3.1402787151312517e-10
1.9138038725796378e+00,1.2033146884797419e-01,2.9491597358655142e-10,1.2033146896383050e-01,3.1685661772382252e-10
1.9237976264834478e+00,1.1804597326449642e-01,2.8889782927032925e-10,1.1804597340165934e-01,3.1980560088216992e-10
1.9337913803872580e+00,1.1579232150882374e-01,2.8159031356667086e-10,1.1579232166668434e-01,3.2282049748767637e-10
1.9437851342910681e+00,1.1357035148887246e-01,2.7302678867746621e-10,1.1357035166672860e-01,3.2584725896534358e-10
1.9537788881948781e+00,1.1137989481400330e-01,2.6324533525245997e-10,1.1137989501106256e-01,3.2883195954323406e-10
1.9637726420986883e+00,1.0922077698250035e-01,2.5228982791780652e-10,1.0922077719788435e-01,3.3172341749954520e-10
1.9737663960024985e+00,1.0709281756846724e-01,2.4021135774932034e-10,1.0709281780121550e-01,3.3447458991882371e-10
1.9837601499063087e+00,1.0499583040803931e-01,2.2706556773721687e-10,1.0499583065711229e-01,3.3704024038592524e-10
1.9937539038101186e+00,1.0292962378481049e-01,2.1291265972500639e-10,1.0292962404909574e-01,3.3937956946511241e-10
2.0037476577139288e+00,1.0089400061438838e-01,1.9781732502055505e-10,1.0089400089270491e-01,3.4145538630083725e-10
2.0137414116177390e+00,9.8888758627978093e-02,1.8184737049509181e-10,9.8888758919082026e-02,3.4323456374064686e-10
2.0237351655215492e+00,9.6913690554908727e-02,1.6507410716126714e-10,9.6913690857499166e-02,3.4468889526393184e-10
2.0337289194253589e+00,9.4968584304013157e-02,1.4757333549608731e-10,9.4968584616738475e-02,3.4579620267197000e-10
2.0437226733291691e+00,9.3053223143780242e-02,1.2942476951272042e-10,9.3053223465242182e-02,3.4653794898865398e-10
2.0537164272329793e+00,9.1167385881187904e-02,1.1070936528634334e-10,9.1167386209949977e-02,3.4690209610888027e-10
2.0637101811367895e+00,8.9310847039149044e-02,9.1510375666015165e-11,8.9310847373742869e-02,3.4688207865920134e-10
2.0737039350405997e+00,8.7483377032486070e-02,7.1912586996347727e-11,8.7483377371418092e-02,3.4647703424109798e-10
2.0836976889444099e+00,8.5684742342360024e-02,5.2001063177709028e-11,8.5684742684118853e-02,3.4569236057564315e-10
2.0936914428482201e+00,8.3914705689085073e-02,3.1863726934755476e-11,8.3914706032148179e-02,3.4453968071537252e-10
2.1036851967520298e+00,8.2173026203256144e-02,1.1589784687515703e-11,8.2173026546096747e-02,3.4303644451147620e-10
2.1136789506558400e+00,8.0459459595123350e-02,-8.7323065445232828e-12,8.0459459936217850e-02,3.4120625876035104e-10
2.1236727045596502e+00,7.8773758322150444e-02,-2.9013610958195102e-11,7.8773758659986107e-02,3.3907923010778956e-10
2.1336664584634604e+00,7.7115671754695914e-02,-4.9165900517511574e-11,7.7115672087776838e-02,3.3669004689066341e-10
2.1436602123672706e+00,7.5484946339753389e-02,-6.9102265576326261e-11,7.5484946666608557e-02,3.3407996634226453e-10
2.1536539662710807e+00,7.3881325762701233e-02,-8.8736476500095307e-11,7.3881326081890825e-02,3.3129466873978322e-10
2.1636477201748905e+00,7.2304551107002790e-02,-1.0798183180948939e-10,7.2304551417124663e-02,3.2838339160542187e-10
2.1736414740787007e+00,7.0754361011807931e-02,-1.2675464844402740e-10,7.0754361311502811e-02,3.2539785189002816e-10
2.1836352279825109e+00,6.9230491827404053e-02,-1.4497281847214438e-10,6.9230492115362877e-02,3.2239324139948777e-10
2.1936289818863210e+00,6.7732677768475497e-02,-1.6255742585347122e-10,6.7732678043444863e-02,3.1942615630954306e-10
2.2036227357901312e+00,6.6260651065123966e-02,-1.7943275337772846e-10,6.6260651325911274e-02,3.1655352346004043e-10
2.2136164896939414e+00,6.4814142111607617e-02,-1.9552627572583248e-10,6.4814142357087032e-02,3.1383222823433108e-10
2.2236102435977516e+00,6.3392879612765990e-02,-2.1076709127987314e-10,6.3392879841881258e-02,3.1131426724719760e-10
2.2336039975015614e+00,6.1996590728084222e-02,-2.2508913136154440e-10,6.1996590939854268e-02,3.0904962290231817e-10
2.2435977514053715e+00,6.0625001213373150e-02,-2.3843026164538372e-10,6.0625001406895300e-02,3.0708274469674650e-10
2.2535915053091817e+00,5.9277835560026568e-02,-2.5073313217327531e-10,5.9277835734480595e-02,3.0545263351250780e-10
2.2635852592129919e+00,5.7954817131829726e-02,-2.6194569430204595e-10,5.7954817286481282e-02,3.0419179865127706e-10
2.2735790131168021e+00,5.6655668299291792e-02,-2.7202103070056438e-10,5.6655668433495010e-02,3.0332481741588581e-10
2.2835727670206123e+00,5.5380110571476307e-02,-2.8091635961846606e-10,5.5380110684676603e-02,3.0286681593899572e-10
2.2935665209244220e+00,5.4127864725310226e-02,-2.8859396122848935e-10,5.4127864817045297e-02,3.0282304683724374e-10
2.3035602748282322e+00,5.2898650932346858e-02,-2.9502225315503061e-10,5.2898651002248574e-02,3.0319033593882855e-10
2.3135540287320424e+00,5.1692188882967942e-02,-3.0017574190188689e-10,5.1692188930765076e-02,3.0395730304471480e-10
2.3235477826358526e+00,5.0508197908012517e-02,-3.0403496734110469e-10,5.0508197933530265e-02,3.0510394427240667e-10
2.3335415365396628e+00,4.9346397097810878e-02,-3.0658643679348785e-10,4.9346397100971981e-02,3.0660273286445028e-10
2.3435352904434730e+00,4.8206505418618234e-02,-3.0782218093938774e-10,4.8206505399443995e-02,3.0841878429114093e-10
2.3535290443472832e+00,4.7088241826439732e-02,-3.0773894890701037e-10,4.7088241785048432e-02,3.1051006489187268e-10
2.3635227982510929e+00,4.5991325378233125e-02,-3.0634070627422183e-10,4.5991325314839661e-02,3.1283119986635296e-10
2.3735165521549031e+00,4.4915475340489605e-02,-3.0363547787182199e-10,4.4915475255404153e-02,3.1533163124226973e-10
2.3835103060587133e+00,4.3860411295185621e-02,-2.9963894213058673e-10,4.3860411188813148e-02,3.1796005837747832e-10
2.3935040599625235e+00,4.2825853243108697e-02,-2.9437160695144904e-10,4.2825853115946312e-02,3.2066324249020435e-10
2.4034978138663337e+00,4.1811521704551338e-02,-2.8785929195862536e-10,4.1811521557186711e-02,3.2338723751718644e-10
2.4134915677701438e+00,4.0817137817382179e-02,-2.8013187949871288e-10,4.0817137650489478e-02,3.2607827829300730e-10
2.4234853216739536e+00,3.9842423432490885e-02,-2.7122437282200984e-10,3.9842423246827796e-02,3.2868441255333909e-10
2.4334790755777638e+00,3.8887101206616953e-02,-2.6117746160236877e-10,3.8887101003021819e-02,3.3115652637258923e-10
2.4434728294815740e+00,3.7950894692570417e-02,-2.5003601966666622e-10,3.7950894471958069e-02,3.3344837553618858e-10
2.4534665833853841e+00,3.7033528426851078e-02,-2.3785012154275975e-10,3.7033528190207908e-02,3.3551850975036535e-10
2.4634603372891943e+00,3.6134728014675349e-02,-2.2467391141978155e-10,3.6134727763055659e-02,3.3732897155470444e-10
2.4734540911930045e+00,3.5254220212428418e-02,-2.1056433680000097e-10,3.5254219946948488e-02,3.3884647409841660e-10
2.4834478450968147e+00,3.4391733007549045e-02,-1.9558212341341807e-10,3.4391732729381522e-02,3.4004343584468432e-10
2.4934415990006245e+00,3.3546995695863828e-02,-1.7979235114595760e-10,3.3546995406233196e-02,3.4089762761041968e-10
2.5034353529044346e+00,3.2719738956390410e-02,-1.6326329177474008e-10,3.2719738656566938e-02,3.4139275998001205e-10
2.5134291068082448e+00,3.1909694923623957e-02,-1.4606641937642273e-10,3.1909694614917480e-02,3.4151879573576127e-10
2.5234228607120550e+00,3.1116597257325004e-02,-1.2827616052701885e-10,3.1116596941080075e-02,3.4127060937773372e-10
2.5334166146158652e+00,3.0340181209834373e-02,-1.0996842846056065e-10,3.0340180887423386e-02,3.4064923259215821e-10
2.5434103685196754e+00,2.9580183690931044e-02,-9.1221471348879035e-11,2.9580183363747483e-02,3.3966224362856144e-10
2.5534041224234851e+00,2.8836343330257017e-02,-7.2114833202241435e-11,2.8836342999709299e-02,3.3832283816551886e-10
2.5633978763272953e+00,2.8108400537332226e-02,-5.2731015734441833e-11,2.8108400204839529e-02,3.3664811493994591e-10
2.5733916302311055e+00,2.7396097559192107e-02,-3.3152765255284322e-11,2.7396097226175947e-02,3.3466232014276699e-10
2.5833853841349157e+00,2.6699178535658702e-02,-1.3464345957614476e-11,2.6699178203538482e-02,3.3239303435445290e-10
2.5933791380387259e+00,2.6017389552286968e-02,6.2501687853044885e-12,2.6017389222473382e-02,3.2987280310479548e-10
2.6033728919425361e+00,2.5350478691004916e-02,2.5907798475999222e-11,2.5350478364893930e-02,3.2713848572923384e-10
2.6133666458463458e+00,2.4698196078479461e-02,4.5424813216454751e-11,2.4698195757446501e-02,3.2423074417421550e-10
2.6233603997501560e+00,2.4060293932237124e-02,6.4719094666765287e-11,2.4060293617631175e-02,3.2119381114425830e-10
2.6333541536539662e+00,2.3436526604568325e-02,8.3708835002527238e-11,2.3436526297707681e-02,3.1807330007546124e-10
2.6433479075577764e+00,2.2826650624251633e-02,1.0231366795454555e-10,2.2826650326417126e-02,3.1491821199194203e-10
2.6533416614615866e+00,2.2230424736120385e-02,1.2045572005126015e-10,2.2230424448551549e-02,3.1177783178222581e-10
2.6633354153653968e+00,2.1647609938515281e-02,1.3806029756924243e-10,2.1647609662403689e-02,3.0870415766477292e-10
2.6733291692692069e+00,2.1077969518644671e-02,1.5505467743093249e-10,2.1077969255129895e-02,3.0574824635455715e-10
2.6833229231730167e+00,2.0521269085894939e-02,1.7136893640246065e-10,2.0521268836059842e-02,3.0296020874709647e-10
2.6933166770768269e+00,1.9977276603120889e-02,1.8693682712900284e-10,1.9977276367986997e-02,3.0038862208864417e-10
2.7033104309806371e+00,1.9445762415951202e-02,2.0169415790305401e-10,1.9445762196474894e-02,2.9807781432541519e-10
2.7133041848844472e+00,1.8926499280144844e-02,2.1558137046351344e-10,1.8926499077213780e-02,2.9606814106622596e-10
2.7232979387882574e+00,1.8419262387034650e-02,2.2854338907474236e-10,1.8419262201463438e-02,2.9439557589552121e-10
2.7332916926920676e+00,1.7923829387091618e-02,2.4052923541795224e-10,1.7923829219618034e-02,2.9308994233619567e-10
2.7432854465958774e+00,1.7439980411646613e-02,2.5149203899954564e-10,1.7439980262929165e-02,2.9217310800814979e-10
2.7532792004996876e+00,1.6967498092807759e-02,2.6138869888003846e-10,1.6967497963423530e-02,2.9165789998320902e-10
2.7632729544034977e+00,1.6506167581610252e-02,2.7018082215946038e-10,1.6506167472052292e-02,2.9154866359837134e-10
2.7732667083073079e+00,1.6055776564433744e-02,2.7783487142885033e-10,1.6055776475108804e-02,2.9184098521836104e-10
2.7832604622111181e+00,1.5616115277724375e-02,2.8432201037986715e-10,1.5616115208952045e-02,2.9252117690644726e-10
2.7932542161149283e+00,1.5186976521061966e-02,2.8961871876426182e-10,1.5186976473073268e-02,2.9356756871719055e-10
2.8032479700187385e+00,1.4768155668607258e-02,2.9370656861454902e-10,1.4768155641543070e-02,2.9495087506736385e-10
2.8132417239225482e+00,1.4359450678963888e-02,2.9657091192569762e-10,1.4359450672876714e-02,2.9663337554932251e-10
2.8232354778263584e+00,1.3960662103502840e-02,2.9820300395666521e-10,1.3960662118355121e-02,2.9857264076875401e-10
2.8332292317301686e+00,1.3571593093172922e-02,2.9859771599749507e-10,1.3571593128839481e-02,3.0072030090470089e-10
2.8432229856339788e+00,1.3192049403848913e-02,2.9775647919505488e-10,1.3192049460116810e-02,3.0302639668770085e-10
2.8532167395377890e+00,1.2821839400244504e-02,2.9568560967752067e-10,1.2821839476814334e-02,3.0543889517914036e-10
2.8632104934415992e+00,1.2460774058432269e-02,2.9239635365718719e-10,1.2460774154920223e-02,3.0790510396778534e-10
2.8732042473454089e+00,1.2108666967008316e-02,2.8790519794597014e-10,1.2108667082948060e-02,3.1037304525964099e-10
2.8831980012492191e+00,1.1765334326936515e-02,2.8223251687109485e-10,1.1765334461782500e-02,3.1279167711045417e-10
2.8931917551530293e+00,1.1430594950114004e-02,2.7540400602404924e-10,1.1430595103243419e-02,3.1511265349739121e-10
2.9031855090568395e+00,1.1104270256688730e-02,2.6745049751253358e-10,1.1104270427405437e-02,3.1729160477787270e-10
2.9131792629606497e+00,1.0786184271172941e-02,2.5840792873543794e-10,1.0786184458709771e-02,3.1928783279442315e-10
2.9231730168644598e+00,1.0476163617383029e-02,2.4831656002255453e-10,1.0476163820905113e-02,3.2106440615888495e-10
2.9331667707682700e+00,1.0174037512244216e-02,2.3722069881354502e-10,1.0174037730853937e-02,3.2258932079034542e-10
2.9431605246720798e+00,9.8796377584999644e-03,2.2516873695449524e-10,9.8796379912402896e-03,3.2383486395276248e-10
2.9531542785758900e+00,9.5927987363563418e-03,2.1221289222411732e-10,9.5927989822150814e-03,3.2477812652978256e-10
2.9631480324797002e+00,9.3133573940996223e-03,1.9840868618198337e-10,9.3133576520143934e-03,3.2540134591499548e-10
2.9731417863835103e+00,9.0411532377239288e-03,1.8381616888329955e-10,9.0411535065859829e-03,3.2569186066528576e-10
2.9831355402873205e+00,8.7760283196004520e-03,1.6849824747283693e-10,8.7760285982591002e-03,3.2564136966928122e-10
2.9931292941911307e+00,8.5178272262240104e-03,1.5252039648611104e-10,8.5178275134918952e-03,3.2524653571909629e-10
3.0031230480949405e+00,8.2663970650726226e-03,1.3595061968546540e-10,8.2663973597309082e-03,3.2450897718925481e-10
3.0131168019987506e+00,8.0215874506129013e-03,1.1885857836152480e-10,8.0215877514161534e-03,3.2343462727905006e-10
3.0231105559025608e+00,7.7832504894840221e-03,1.0131605927485299e-10,7.7832507951654806e-03,3.2203431168683007e-10
3.0331043098063710e+00,7.5512407648940395e-03,8.3396713580069504e-11,7.5512410741708988e-03,3.2032356696567897e-10
3.0430980637101812e+00,7.3254153202612464e-03,6.5175685161344976e-11,7.3254156318396085e-03,3.1832207847729714e-10
3.0530918176139914e+00,7.1056336421316058e-03,4.6728711611959683e-11,7.1056339547118062e-03,3.1605372042606873e-10
3.0630855715178016e+00,6.8917576424040164e-03,2.8131938185210759e-11,6.8917579546867776e-03,3.1354733125949898e-10
3.0730793254216113e+00,6.6836516398972937e-03,9.4615361552474742e-12,6.6836519505886543e-03,3.1083539414764662e-10
3.0830730793254215e+00,6.4811823412851011e-03,-9.2066896641151974e-12,6.4811826491023095e-03,3.0795486177970302e-10
3.0930668332292317e+00,6.2842188214328829e-03,-2.7796578407068839e-11,6.2842191251098198e-03,3.0494644082755866e-10
3.1030605871330419e+00,6.0926325031655602e-03,-4.6232085867958794e-11,6.0926328014569838e-03,3.0185290988245162e-10
3.1130543410368521e+00,5.9062971364916908e-03,-6.4438755980472662e-11,5.9062974281792668e-03,2.9872059732559853e-10
3.1230480949406623e+00,5.7250887773184142e-03,-8.2343203436363588e-11,5.7250890612157469e-03,2.9559786650268080e-10
3.1330418488444720e+00,5.5488857656816873e-03,-9.9873477110018483e-11,5.5488860406393255e-03,2.9253446679795741e-10
3.1430356027482822e+00,5.3775687035206646e-03,-1.1695978343814750e-10,5.3775689684306934e-03,2.8958058344012365e-10
3.1530293566520924e+00,5.2110204320224614e-03,-1.3353389271067440e-10,5.2110206858234000e-03,2.8678601244850844e-10
3.1630231105559026e+00,5.0491260085660794e-03,-1.4952888146430032e-10,5.0491262502463099e-03,2.8419750212507605e-10
3.1730168644597128e+00,4.8917726832875368e-03,-1.6488110399573430e-10,4.8917729118896740e-03,2.8185938976091365e-10
3.1830106183635229e+00,4.7388498752956379e-03,-1.7952928553499614e-10,4.7388500899202476e-03,2.7981152134170069e-10
3.1930043722673331e+00,4.5902491485610162e-03,-1.9341524605878679e-10,4.5902493483703337e-03,2.7808851249087062e-10
3.2029981261711429e+00,4.4458641875043583e-03,-2.0648446841242674e-10,4.4458643717252191e-03,2.7671855963259811e-10
3.2129918800749531e+00,4.3055907723057747e-03,-2.1868555360668451e-10,4.3055909402327126e-03,2.7572237460101691e-10
3.2229856339787633e+00,4.1693267539607056e-03,-2.2997014362258206e-10,4.1693269049582421e-03,2.7511183724768971e-10
3.2329793878825734e+00,4.0369720291035674e-03,-2.4029368295500064e-10,4.0369721626080032e-03,2.7488995697859227e-10
3.2429731417863836e+00,3.9084285146210327e-03,-2.4961603790896181e-10,3.9084286301424940e-03,2.7505158499268739e-10
3.2529668956901938e+00,3.7836001220773194e-03,-2.5790104643888534e-10,3.7836002192019676e-03,2.7558328511719624e-10
3.2629606495940036e+00,3.6623927319742724e-03,-2.6511755421218530e-10,3.6623928103648572e-03,2.7646410497601210e-10
3.2729544034978137e+00,3.5447141678618985e-03,-2.7123881396126648e-10,3.5447142272596647e-03,2.7766632642611438e-10
3.2829481574016239e+00,3.4304741703257381e-03,-2.7624175364705794e-10,3.4304742105503139e-03,2.7915501600282220e-10
3.2929419113054341e+00,3.3195843708648783e-03,-2.8010837269457078e-10,3.3195843918142347e-03,2.8089068333985373e-10
3.3029356652092443e+00,3.2119582656810236e-03,-2.8282572204357814e-10,3.2119582673321651e-03,2.8283054169873985e-10
3.3129294191130545e+00,3.1075111893990592e-03,-2.8438537310639111e-10,3.1075111718078664e-03,2.8492892184170943e-10
3.3229231730168642e+00,3.0061602887349647e-03,-2.8478432676296017e-10,3.0061602520355573e-03,2.8713926807994144e-10
3.3329169269206744e+00,2.9078244961281618e-03,-2.8402430277477131e-10,2.9078244405322329e-03,2.8941442928299077e-10
3.3429106808244846e+00,2.8124245033556896e-03,-2.8211150472981505e-10,2.8124244291516591e-03,2.9170728349563249e-10
3.3529044347282948e+00,2.7198827351450181e-03,-2.7905654067898744e-10,2.7198826426960369e-03,2.9397171125794364e-10
3.3628981886321050e+00,2.6301233227989896e-03,-2.7487483036242599e-10,2.6301232125410970e-03,2.9616376425979273e-10
3.3728919425359152e+00,2.5430720778484737e-03,-2.6958661735257405e-10,2.5430719502896508e-03,2.9824184406280446e-10
3.3828856964397254e+00,2.4586564657509721e-03,-2.6321625955227912e-10,2.4586563214682253e-03,3.0016713729099480e-10
3.3928794503435351e+00,2.3768055796436578e-03,-2.5579302586654917e-10,2.3768054192808375e-03,3.0190446535109986e-10
3.4028732042473453e+00,2.2974501141683132e-03,-2.4734978843789224e-10,2.2974499384334737e-03,3.0342157410700906e-10
3.4128669581511555e+00,2.2205223393807279e-03,-2.3792295564262211e-10,2.2205221490424103e-03,3.0469001947002993e-10
3.4228607120549657e+00,2.1459560747552273e-03,-2.2755272297524110e-10,2.1459558706388680e-03,3.0568567162912777e-10
3.4328544659587759e+00,2.0736866632969069e-03,-2.1628352060709677e-10,2.0736864462821444e-03,3.0638859056409529e-10
3.4428482198625860e+00,2.0036509457764173e-03,-2.0416274205091456e-10,2.0036507167928764e-03,3.0678312737667065e-10
3.4528419737663958e+00,1.9357872350942596e-03,-1.9124162160561592e-10,1.9357869951174909e-03,3.0685861134092313e-10
3.4628357276702060e+00,1.8700352907869708e-03,-1.7757418907700384e-10,1.8700350408346125e-03,3.0660850288470851e-10
3.4728294815740162e+00,1.8063362936866084e-03,-1.6321674437339007e-10,1.8063360348135982e-03,3.0603094792673504e-10
3.4828232354778264e+00,1.7446328207414369e-03,-1.4822852700043659e-10,1.7446325540349914e-03,3.0512952056201462e-10
3.4928169893816365e+00,1.6848688200070401e-03,-1.3267079264616538e-10,1.6848685465822152e-03,3.0391228024415199e-10
3.5028107432854467e+00,1.6269895858179559e-03,-1.1660765788287092e-10,1.6269893068134162e-03,3.0239192957626033e-10
3.5128044971892569e+00,1.5709417341490776e-03,-1.0010504512998619e-10,1.5709414507219046e-03,3.0058606497867822e-10
3.5227982510930667e+00,1.5166731781723257e-03,-8.3230758114553882e-11,1.5166728914932687e-03,2.9851673458256599e-10
3.5327920049968768e+00,1.4641331040179989e-03,-6.6053305403449003e-11,1.4641328152667544e-03,2.9620992614526917e-10
3.5427857589006870e+00,1.4132719467487131e-03,-4.8642695448831985e-11,1.4132716571082162e-03,2.9369666200783038e-10
3.5527795128044972e+00,1.3640413665496798e-03,-3.1069356289104011e-11,1.3640410772013979e-03,2.9101156871656913e-10
3.5627732667083074e+00,1.3163942251438925e-03,-1.3405236556213174e-11,1.3163939372640545e-03,2.8819177904227269e-10
3.5727670206121176e+00,1.2702845624410946e-03,4.2779717485466606e-12,1.2702842771949671e-03,2.8527820508363824e-10
3.5827607745159273e+00,1.2256675734191869e-03,2.1907752304969885e-11,1.2256672919575629e-03,2.8231293874095805e-10
3.5927545284197375e+00,1.1824995852519038e-03,3.9413005628249898e-11,1.1824993087054642e-03,2.7934086395331100e-10
3.6027482823235477e+00,1.1407380346797591e-03,5.6722958578434013e-11,1.1407377641549979e-03,2.7640756224841413e-10
3.6127420362273579e+00,1.1003414456343355e-03,7.3767753299043559e-11,1.1003411822092626e-03,2.7355886113466730e-10
3.6227357901311681e+00,1.0612694071182472e-03,9.0478847938196827e-11,1.0612691518381001e-03,2.7084012887598074e-10
3.6327295440349783e+00,1.0234825513441527e-03,1.0678883634578779e-10,1.0234823052179341e-03,2.6829456021552192e-10
3.6427232979387885e+00,9.8694253213880891e-04,1.2263203104899423e-10,9.8694229613514265e-04,2.6596305293875803e-10
3.6527170518425982e+00,9.5161200361251600e-04,1.3794524490783402e-10,9.5161177865632214e-04,2.6388289021900974e-10
3.6627108057464084e+00,9.1745459910054993e-04,1.5266811176795764e-10,9.1745438606847824e-04,2.6208818348087877e-10
3.6727045596502186e+00,8.8443491037439503e-04,1.6674231440028109e-10,8.8443471009192691e-04,2.6060711128215496e-10
3.6826983135540288e+00,8.5251846712989035e-04,1.8011287307526797e-10,8.5251828036833328e-04,2.5946199383544266e-10
3.6926920674578390e+00,8.2167171675265013e-04,1.9272746988813552e-10,8.2167154422612331e-04,2.5866828198058951e-10
3.7026858213616491e+00,7.9186200436195324e-04,2.0453644295837306e-10,7.9186184672516333e-04,2.5823344870481379e-10
3.7126795752654589e+00,7.6305755313741579e-04,2.1549432897838283e-10,7.6305741098238054e-04,2.5815859441061542e-10
3.7226733291692691e+00,7.3522744492532008e-04,2.2555934279643725e-10,7.3522731877973012e-04,2.5843708516552766e-10
3.7326670830730793e+00,7.0834160113165609e-04,2.3469347721748884e-10,7.0834149145568011e-04,2.5905568504926920e-10
3.7426608369768894e+00,6.8237076389541607e-04,2.4286218690402692e-10,6.8237067108113528e-04,2.5999333173213988e-10
3.7526545908806996e+00,6.5728647755095015e-04,2.5003530100325619e-10,6.5728640192049231e-04,2.6122331040944806e-10
3.7626483447845098e+00,6.3306107037382447e-04,2.5618589866681363e-10,6.3306101217832581e-04,2.6271263909424740e-10
3.7726420986883200e+00,6.0966763661290035e-04,2.6129158190411894e-10,6.0966759603193999e-04,2.6442410086370944e-10
3.7826358525921298e+00,5.8708001880899995e-04,2.6533428785276841e-10,5.8707999594987130e-04,2.6631714941604051e-10
3.7926296064959399e+00,5.6527279039950010e-04,2.6830060650398155e-10,5.6527278529617891e-04,2.6834913701671951e-10
3.8026233603997501e+00,5.4422123860633402e-04,2.7018066885327319e-10,5.4422125122021413e-04,2.7047495964174763e-10
3.8126171143035603e+00,5.2390134761047666e-04,2.7096922671160720e-10,5.2390137783133134e-04,2.7264926532520122e-10
3.8226108682073705e+00,5.0428978201191822e-04,2.7066513765515443e-10,5.0428982965786899e-04,2.7482676974168060e-10
3.8326046221111807e+00,4.8536387057010813e-04,2.6927125890900509e-10,4.8536393538952576e-04,2.7696311627388132e-10
3.8425983760149904e+00,4.6710159022945715e-04,2.6679548663626623e-10,4.6710167190212214e-04,2.7901658713603312e-10
3.8525921299188006e+00,4.4948155042567244e-04,2.6324976825698766e-10,4.4948164856355302e-04,2.8094747568209186e-10
3.8625858838226108e+00,4.3248297766990980e-04,2.5865044535420406e-10,4.3248309181962650e-04,2.8271931434548800e-10
3.8725796377264210e+00,4.1608570041305764e-04,2.5301784799258709e-10,4.1608583005829690e-04,2.8429899659605808e-10
3.8825733916302312e+00,4.0027013418680423e-04,2.4637656587740871e-10,4.0027027875070290e-04,2.8565736995783084e-10
3.8925671455340414e+00,3.8501726701956708e-04,2.3875474592705871e-10,3.8501742586727236e-04,2.8676893516467490e-10
3.9025608994378516e+00,3.7030864512514630e-04,2.3018500481890823e-10,3.7030881756703688e-04,2.8761318131844876e-10
3.9125546533416613e+00,3.5612635886444360e-04,2.2070422730060060e-10,3.5612654415818093e-04,2.8817377577135969e-10
3.9225484072454715e+00,3.4245302897354594e-04,2.1035236429773306e-10,3.4245322632774571e-04,2.8843855035671646e-10
3.9325421611492817e+00,3.2927179306050069e-04,1.9917320502843387e-10,3.2927200163829467e-04,2.8840017639155753e-10
3.9425359150530919e+00,3.1656629236680476e-04,1.8721364486874031e-10,3.1656651128925296e-04,2.8805552789775679e-10
3.9525296689569021e+00,3.0432065879064163e-04,1.7452351144657020e-10,3.0432088714053824e-04,2.8740586516088475e-10
3.9625234228607122e+00,2.9251950217028483e-04,1.6115537563817818e-10,2.9251973899601248e-04,2.8645676876847318e-10
3.9725171767645220e+00,2.8114789782510987e-04,1.4716523117318248e-10,2.8114814214420157e-04,2.8521820390312536e-10
3.9825109306683322e+00,2.7019137435078803e-04,1.3261124894047883e-10,2.7019162515365007e-04,2.8370375209512505e-10
3.9925046845721424e+00,2.5963590166619291e-04,1.1755360880137851e-10,2.5963615792021097e-04,2.8193079419207336e-10
4.0024984384759525e+00,2.4946787930930431e-04,1.0205424138686088e-10,2.4946813996349379e-04,2.7992083644546007e-10
4.0124921923797627e+00,2.3967412498053145e-04,8.6176574611105533e-11,2.3967438896963978e-04,2.7769885006138402e-10
4.0224859462835729e+00,2.3024186332834301e-04,6.9985353260250752e-11,2.3024212957753134e-04,2.7529362498722038e-10
4.0324797001873831e+00,2.2115871497749783e-04,5.3546491364715211e-11,2.2115898240548912e-04,2.7273605787219048e-10
4.0424734540911933e+00,2.1241268579153593e-04,3.6927205285014648e-11,2.1241295331546063e-04,2.7006049095717536e-10
4.0524672079950035e+00,2.0399215637164258e-04,2.0194436997199999e-11,2.0399242291166056e-04,2.6730394024056131e-10
4.0624609618988137e+00,1.9588587178761345e-04,3.4160293815648987e-12,1.9588613627057980e-04,2.6450502593100643e-10
4.0724547158026230e+00,1.8808293153397036e-04,-1.3341266676472618e-11,1.8808319289924917e-04,2.6170555661858604e-10
4.0824484697064332e+00,1.8057277971609011e-04,-3.0010524623637520e-11,1.8057303691859745e-04,2.5894741043247366e-10
4.0924422236102433e+00,1.7334519545353095e-04,-4.6525168076851434e-11,1.7334544746873859e-04,2.5627379137540342e-10
4.1024359775140535e+00,1.6639028350596148e-04,-6.2819151573287324e-11,1.6639052933296704e-04,2.5372655057706973e-10
4.1124297314178637e+00,1.5969846511070706e-04,-7.8828000848801469e-11,1.5969870377723853e-04,2.5134750239872006e-10
4.1224234853216739e+00,1.5326046903614351e-04,-9.4488019974437246e-11,1.5326069960189717e-04,2.4917574657517086e-10
4.1324172392254841e+00,1.4706732284133539e-04,-1.0973758383383495e-10,1.4706754440237533e-04,2.4724811773905948e-10
4.1424109931292943e+00,1.4111034434340582e-04,-1.2451673299753753e-10,1.4111055603560215e-04,2.4559723691662638e-10
4.1524047470331045e+00,1.3538113328648624e-04,-1.3876714843397489e-10,1.3538133428883146e-04,2.4425041303687065e-10
4.1623985009369147e+00,1.2987156321024492e-04,-1.5243251700756879e-10,1.2987175274760575e-04,2.4322845924940986e-10
4.1723922548407248e+00,1.2457377351347067e-04,-1.6545898662680483e-10,1.2457395085955749e-04,2.4254548184849910e-10
4.1823860087445350e+00,1.1948016171012323e-04,-1.7779532782423750e-10,1.1948032619076144e-04,2.4220870947192131e-10
4.1923797626483452e+00,1.1458337587621977e-04,-1.8939318827295012e-10,1.1458352687134172e-04,2.4221747793470378e-10
4.2023735165521545e+00,1.0987630728024556e-04,-2.0020757881406004e-10,1.0987644422705170e-04,2.4256442922530707e-10
4.2123672704559647e+00,1.0535208319924395e-04,-2.1019627477383146e-10,1.0535220559354221e-04,2.4323412214211623e-10
4.2223610243597749e+00,1.0100405991212658e-04,-2.1932048453694513e-10,1.0100416731005483e-04,2.4420440194683420e-10
4.2323547782635851e+00,9.6825815870223142e-05,-2.2754444022629692e-10,9.6825907889272613e-05,2.4544648651685674e-10
4.2423485321673953e+00,9.2811145039486216e-05,-2.3483667600446420e-10,9.2811221360090024e-05,2.4692731514044149e-10
4.2523422860712055e+00,8.8954050413246307e-05,-2.4116931968311143e-10,8.8954110780068010e-05,2.4860972209257311e-10
4.2623360399750156e+00,8.5248737691853141e-05,-2.4651895551075021e-10,8.5248781914362828e-05,2.5045403927499455e-10
4.2723297938788258e+00,8.1689609124839350e-05,-2.5086572470506448e-10,8.1689637077933969e-05,2.5241827851913017e-10
4.2823235477826360e+00,7.8271257513905392e-05,-2.5419407211584163e-10,7.8271269137859660e-05,2.5445970724586303e-10
4.2923173016864462e+00,7.4988460372772992e-05,-2.5649216032211852e-10,7.4988455672608324e-05,2.5653522146992092e-10
4.3023110555902564e+00,7.1836174238998698e-05,-2.5775290573643505e-10,7.1836153285139364e-05,2.5860321853485411e-10
4.3123048094940666e+00,6.8809529139310653e-05,-2.5797336518357380e-10,6.8809492066733495e-05,2.6062354675149317e-10
4.3222985633978768e+00,6.5903823200706924e-05,-2.5715489647767801e-10,6.5903770208476881e-05,2.6255821683463829e-10
4.3322923173016861e+00,6.3114517406865812e-05,-2.5530363979446363e-10,6.3114448757353766e-05,2.6437228295809109e-10
4.3422860712054963e+00,6.0437230496441687e-05,-2.5242914795456915e-10,6.0437146513928618e-05,2.6603296269155660e-10
4.3522798251093064e+00,5.7867733999689364e-05,-2.4854496929064347e-10,5.7867635068635517e-05,2.6751066366572986e-10
4.3622735790131166e+00,5.5401947410500549e-05,-2.4366911105229514e-10,5.5401833973714089e-05,2.6877972431608091e-10
4.3722673329169268e+00,5.3035933490205819e-05,-2.3782336858987939e-10,5.3035806047872562e-05,2.6981753640830987e-10
4.3822610868207370e+00,5.0765893704195168e-05,-2.3103329064986427e-10,5.0765752810788112e-05,2.7060549429048805e-10
4.3922548407245472e+00,4.8588163780866883e-05,-2.2332875041733858e-10,4.8588010044588103e-05,2.7112833525123554e-10
4.4022485946283574e+00,4.6499209401551440e-05,-2.1474227039316226e-10,4.6499043479492816e-05,2.7137496611096380e-10
4.4122423485321676e+00,4.4495622003953247e-05,-2.0531004871668346e-10,4.4495444600833993e-05,2.7133758093005556e-10
4.4222361024359778e+00,4.2574114710677198e-05,-1.9507134483307074e-10,4.2573926574701989e-05,2.7101286822412180e-10
4.4322298563397879e+00,4.0731518368885726e-05,-1.8406873221067503e-10,4.0731320289508843e-05,2.7040106827390415e-10
4.4422236102435981e+00,3.8964777706263926e-05,-1.7234769734885617e-10,3.8964570510793462e-05,2.6950638538281558e-10
4.4522173641474074e+00,3.7270947596772439e-05,-1.5995665914454423e-10,3.7270732146633780e-05,2.6833727853794561e-10
4.4622111180512176e+00,3.5647189433724315e-05,-1.4694638352132213e-10,3.5646966621065089e-05,2.6690582747734227e-10
4.4722048719550278e+00,3.4090767609003183e-05,-1.3337006451758383e-10,3.4090538352950253e-05,2.6522803757239580e-10
4.4821986258588380e+00,3.2599046095922060e-05,-1.1928235966169698e-10,3.2598811337776072e-05,2.6332426480283178e-10
4.4921923797626482e+00,3.1169485129664528e-05,-1.0474090882405017e-10,3.1169245829899093e-05,2.6121836788107324e-10
4.5021861336664584e+00,2.9799637988706688e-05,-8.9804363496645296e-11,2.9799395122797640e-05,2.5893758607192369e-10
4.5121798875702686e+00,2.8487147870295371e-05,-7.4533720170340246e-11,2.8486902424928829e-05,2.5651257941788601e-10
4.5221736414740787e+00,2.7229744860036314e-05,-5.8990589234979903e-11,2.7229497828828687e-05,2.5397698155519098e-10
4.5321673953778889e+00,2.6025242991812973e-05,-4.3237890166440999e-11,2.6024995371133841e-05,2.5136729278091939e-10
4.5421611492816991e+00,2.4871537396539601e-05,-2.7339061570152978e-11,2.4871290181242512e-05,2.4872239023086636e-10
4.5521549031855093e+00,2.3766601536628142e-05,-1.1358335421567198e-11,2.3766355716373067e-05,2.4608252597171452e-10
4.5621486570893195e+00,2.2708484525789174e-05,4.6399818327282592e-12,2.2708241080818564e-05,2.4348918486603732e-10
4.5721424109931297e+00,2.1695308528672565e-05,2.0590936257219774e-11,2.1695068427235166e-05,2.4098275228163573e-10
4.5821361648969390e+00,2.0725266244422087e-05,3.6430068343077564e-11,2.0725030437842350e-05,2.3860405052498474e-10
4.5921299188007492e+00,1.9796618464045884e-05,5.2093639331971062e-11,1.9796387883452684e-05,2.3639195675683434e-10
4.6021236727045594e+00,1.8907691705924398e-05,6.7518906744028196e-11,1.8907467258289234e-05,2.3438332640878500e-10
4.6121174266083695e+00,1.8056875924061539e-05,8.2643993787377776e-11,1.8056658488586078e-05,2.3261172734428703e-10
4.6221111805121797e+00,1.7242622287438954e-05,9.7408237246439399e-11,1.7242412713009129e-05,2.3110561724009200e-10
4.6321049344159899e+00,1.6463441031512513e-05,1.1175277433176029e-10,1.6463240132971723e-05,2.2988889982495256e-10
4.6420986883198001e+00,1.5717899375295580e-05,1.2561999521212830e-10,1.5717707930959228e-05,2.2897885736173254e-10
4.6520924422236103e+00,1.5004619507083745e-05,1.3895516639810809e-10,1.5004438255014555e-05,2.2838750152879361e-10
4.6620861961274205e+00,1.4322276632130700e-05,1.5170567764674175e-10,1.4322106267575547e-05,2.2811991206925012e-10
4.6720799500312307e+00,1.3669597084201889e-05,1.6382132982061378e-10,1.3669438256892374e-05,2.2817436830598097e-10
4.6820737039350409e+00,1.3045356497715684e-05,1.7525492065602680e-10,1.3045209809291073e-05,2.2854273370424879e-10
4.6920674578388510e+00,1.2448378038396394e-05,1.8596179201711504e-10,1.2448244040586382e-05,2.2920994999798996e-10
4.7020612117426612e+00,1.1877530692696505e-05,1.9590020704149922e-10,1.1877409884983879e-05,2.3015515320923965e-10
4.7120549656464705e+00,1.1331727611878182e-05,2.0503173388263413e-10,1.1331620439848111e-05,2.3135223346365725e-10
4.7220487195502807e+00,1.0809924511421335e-05,2.1332163351537312e-10,1.0809831364748754e-05,2.3277117935527826e-10
4.7320424734540909e+00,1.0311118122979309e-05,2.2073878137356210e-10,1.0311039333233932e-05,2.3437882493686379e-10
4.7420362273579011e+00,9.8343446952550806e-06,2.2725481780563954e-10,9.8342805358130375e-06,2.3613806601045415e-10
4.7520299812617113e+00,9.3786785483196111e-06,2.3284579251371765e-10,9.3786292326680443e-06,2.3801091693617890e-10
4.7620237351655215e+00,8.9432306727407511e-06,2.3749093389856631e-10,8.9431963546455749e-06,2.3995765322351286e-10
4.7720174890693317e+00,8.5271473788633483e-06,2.4117299275085467e-10,8.5271281511161564e-06,2.4193825388821515e-10
4.7820112429731418e+00,8.1296089889266592e-06,2.4387933454079422e-10,8.1296048833207130e-06,2.4391389016668516e-10
4.7920049968769520e+00,7.7498285750016279e-06,2.4560107027847870e-10,7.7498395618568727e-06,2.4584669351061762e-10
4.8019987507807622e+00,7.3870507379839858e-06,2.4633283976154094e-10,7.3870767269906885e-06,2.4770001294787822e-10
4.8119925046845724e+00,7.0405504296600568e-06,2.4607332289421487e-10,7.0405912705107235e-06,2.4943948228653554e-10
4.8219862585883826e+00,6.7096318147242764e-06,2.4482509266443862e-10,6.7096872978736267e-06,2.5103327639972522e-10
4.8319800124921928e+00,6.3936271714995077e-06,2.4259439843343970e-10,6.3936970294207242e-06,2.5245231491903708e-10
4.8419737663960021e+00,6.0918958309561286e-06,2.3939172011466393e-10,6.0919797394761475e-06,2.5367111658839628e-10
4.8519675202998123e+00,5.8038231528758638e-06,2.3523155699279165e-10,5.8039207321665342e-06,2.5466763314757454e-10
4.8619612742036225e+00,5.5288195361007394e-06,2.3013199281297686e-10,5.5289303528324925e-06,2.5542333909122471e-10
4.8719550281074326e+00,5.2663194645879960e-06,2.2411496279273725e-10,5.2664430339301233e-06,2.5592361919399415e-10
4.8819487820112428e+00,5.0157805864748382e-06,2.1720609985328702e-10,5.0159163743502735e-06,2.5615783596978572e-10
4.8919425359150530e+00,4.7766828254717213e-06,2.0943435402603436e-10,4.7768302511105542e-06,2.5611924494575312e-10
4.9019362898188632e+00,4.5485275240330979e-06,2.0083225561428318e-10,4.5486859624028640e-06,2.5580522259966543e-10
4.9119300437226734e+00,4.3308366170373536e-06,1.9143620873673616e-10,4.3310054010060310e-06,2.5521726058007474e-10
4.9219237976264836e+00,4.1231518340726747e-06,1.8128565968005399e-10,4.1233302570997254e-06,2.5436050595078483e-10
4.9319175515302938e+00,3.9250339299720417e-06,1.7042278022245895e-10,3.9252212495415857e-06,2.5324404267996055e-10
4.9419113054341040e+00,3.7360619438584253e-06,1.5889293479400473e-10,3.7362573846949945e-06,2.5188109362611549e-10
4.9519050593379141e+00,3.5558324846197490e-06,1.4674335857578309e-10,3.5560352419199237e-06,2.5028810611018253e-10
4.9618988132417243e+00,3.3839590428656622e-06,1.3402466343027167e-10,3.3841682848635411e-06,2.4848505806979886e-10
4.9718925671455336e+00,3.2200713258350169e-06,1.2078919425359335e-10,3.2202861977113350e-06,2.4649534007948632e-10
4.9818863210493438e+00,3.0638146189546397e-06,1.0709162862317391e-10,3.0640342455827022e-06,2.4434498700661922e-10
4.9918800749531540e+00,2.9148491687123277e-06,9.2988312353546211e-11,2.9150726582783617e-06,2.4206282729990198e-10
5.0018738288569642e+00,2.7728495884053551e-06,7.8536870550044021e-11,2.7730760366086420e-06,2.3968068092286698e-10
5.0118675827607744e+00,2.6375042874123675e-06,6.3796150558168387e-11,2.6377327805543514e-06,2.3723209049300613e-10
5.0218613366645846e+00,2.5085149197077945e-06,4.8825885161900233e-11,2.5087445385329809e-06,2.3475257600676094e-10
5.0318550905683948e+00,2.3855958537565814e-06,3.3686975557926273e-11,2.3858256770641775e-06,2.3227906715123029e-10
5.0418488444722049e+00,2.2684736624685108e-06,1.8440887937414208e-11,2.2687027701488026e-06,2.2984863609908342e-10
5.0518425983760151e+00,2.1568866302951317e-06,3.1487979840065413e-12,2.1571141076961134e-06,2.2749919315484698e-10
5.0618363522798253e+00,2.0505842810631094e-06,-1.2127661072420181e-11,2.0508092223529842e-06,2.2526798275299862e-10
5.0718301061836355e+00,1.9493269218648882e-06,-2.7327429184949656e-11,1.9495484341084226e-06,2.2319153752212820e-10
5.0818238600874457e+00,1.8528852055589491e-06,-4.2390042025466778e-11,1.8531024120652147e-06,2.2130427475997736e-10
5.0918176139912559e+00,1.7610397085991820e-06,-5.7255398194804508e-11,1.7612517527887148e-06,2.1963815455669773e-10
5.1018113678950652e+00,1.6735805265351175e-06,-7.1864212318666807e-11,1.6737865746607594e-06,2.1822074853846001e-10
5.1118051217988754e+00,1.5903068833490205e-06,-8.6158383741906453e-11,1.5905061276838431e-06,2.1707503782776611e-10
5.1217988757026855e+00,1.5110267552034423e-06,-1.0008140567720231e-10,1.5112184181978963e-06,2.1621977524130108e-10
5.1317926296064957e+00,1.4355565109723907e-06,-1.1357795543413047e-10,1.4357398479881731e-06,2.1566736729644972e-10
5.1417863835103059e+00,1.3637205649889106e-06,-1.2659501811456556e-10,1.3638948672792078e-06,2.1542420248032264e-10
5.1517801374141161e+00,1.2953510436163627e-06,-1.3908123799286035e-10,1.2955156411252946e-06,2.1548997820832551e-10
5.1617738913179263e+00,1.2302874650892947e-06,-1.5098697327758454e-10,1.2304417287232521e-06,2.1585720942619073e-10
5.1717676452217365e+00,1.1683764314895832e-06,-1.6226529033455197e-10,1.1685197751882238e-06,2.1651198670588066e-10
5.1817613991255467e+00,1.1094713320564043e-06,-1.7287176975576859e-10,1.1096032153476906e-06,2.1743470582913138e-10
5.1917551530293569e+00,1.0534320586975697e-06,-1.8276464863354491e-10,1.0535519891230364e-06,2.1860060325340964e-10
5.2017489069331670e+00,1.0001247336920765e-06,-1.9190538732051131e-10,1.0002322680817803e-06,2.1998027786963335e-10
5.2117426608369772e+00,9.4942144626699605e-07,-2.0025838698415238e-10,9.4951619275694395e-07,2.2154078386369788e-10
5.2217364147407874e+00,9.0120000157747366e-07,-2.0779089203597004e-10,9.0128162034307363e-07,2.2324577870850608e-10
5.2317301686445967e+00,8.5534367821705540e-07,-2.1447346985229898e-10,8.5541188239110053e-07,2.2505705638273714e-10
5.2417239225484069e+00,8.1174099498555083e-07,-2.2028079580269515e-10,8.1179555213655279e-07,2.2693636051747859e-10
5.2517176764522171e+00,7.7028548849360669e-07,-2.2519037485000180e-10,7.7032622110763681e-07,2.2884459961032721e-10
5.2617114303560273e+00,7.3087549861160344e-07,-2.2918416353220489e-10,7.3090228467131404e-07,2.3074417394330126e-10
5.2717051842598375e+00,6.9341396298613676e-07,-2.3224756729914614e-10,6.9342673618685790e-07,2.3259855367786375e-10
5.2816989381636477e+00,6.5780821926441302e-07,-2.3436980195074606e-10,6.5780696944739375e-07,2.3437313435847030e-10
5.2916926920674578e+00,6.2396981725166076e-07,-2.3554370431831100e-10,6.2395458910057118e-07,2.3603544909525548e-10
5.3016864459712680e+00,5.9181433500976301e-07,-2.3576650009873520e-10,5.9178522874995554e-07,2.3755634474538234e-10
5.3116801998750782e+00,5.6126120613955494e-07,-2.3503887758241538e-10,5.6121837644875814e-07,2.3890930578140217e-10
5.3216739537788884e+00,5.3223355124692441e-07,-2.3336573582289470e-10,5.3217720730736049e-07,2.4007125230177813e-10
5.3316677076826986e+00,5.0465801890210912e-07,-2.3075591914746150e-10,5.0458842294557754e-07,2.4102259517965483e-10
5.3416614615865088e+00,4.7846463109906630e-07,-2.2722175791557884e-10,4.7838209752980271e-07,2.4174680416839951e-10
5.3516552154903190e+00,4.5358663642530848e-07,-2.2277930609415609e-10,4.5349153014417428e-07,2.4223093100380519e-10
5.3616489693941283e+00,4.2996036865987321e-07,-2.1744819727722102e-10,4.2985310325354892e-07,2.4246563858210837e-10
5.3716427232979385e+00,4.0752511021365352e-07,-2.1125161247129804e-10,4.0740614702448314e-07,2.4244480639789320e-10
5.3816364772017486e+00,3.8622296356796754e-07,-2.0421611168188544e-10,3.8609280927864844e-07,2.4216597469221195e-10
5.3916302311055588e+00,3.6599872564041223e-07,-1.9637197227201585e-10,3.6585793086091971e-07,2.4163013352301231e-10
5.4016239850093690e+00,3.4679976974710859e-07,-1.8775198139611423e-10,3.4664892621214535e-07,2.4084139710268730e-10
5.4116177389131792e+00,3.2857593108537627e-07,-1.7839216038410953e-10,3.2841566894398517e-07,2.3980766636988695e-10
5.4216114928169894e+00,3.1127939695627478e-07,-1.6833117759188064e-10,3.1111038222043058e-07,2.3854007269630050e-10
5.4316052467207996e+00,2.9486460189079241e-07,-1.5761052582681252e-10,2.9468753375758224e-07,2.3705316207538451e-10
5.4415990006246098e+00,2.7928812700743202e-07,-1.4627419587803146e-10,2.7910373526004092e-07,2.3536451917336261e-10
5.4515927545284200e+00,2.6450860440157646e-07,-1.3436896791471778e-10,2.6431764611878246e-07,2.3349536463514955e-10
5.4615865084322301e+00,2.5048662441957486e-07,-1.2194351181903408e-10,2.5028988120175419e-07,2.3146946630860448e-10
5.4715802623360403e+00,2.3718464855857628e-07,-1.0904803406272184e-10,2.3698292257453533e-07,2.2931385996104508e-10
5.4815740162398505e+00,2.2456692432453264e-07,-9.5735090033217680e-11,2.2436103499435847e-07,2.2705863503341648e-10
5.4915677701436598e+00,2.1259940406675622e-07,-8.2058532367273754e-11,2.1239018502651811e-07,2.2473586614607929e-10
5.5015615240474700e+00,2.0124966816404222e-07,-6.8073889039717665e-11,2.0103796363774739e-07,2.2237999195680825e-10
5.5115552779512802e+00,1.9048685011255709e-07,-5.3837978401801019e-11,1.9027351212653706e-07,2.2002641704457403e-10
5.5215490318550904e+00,1.8028156713374962e-07,-3.9408491382648178e-11,1.8006745125552442e-07,2.1771228376277762e-10
5.5315427857589006e+00,1.7060585079579759e-07,-2.4843882856777852e-11,1.7039181345614918e-07,2.1547436339196188e-10
5.5415365396627108e+00,1.6143308431549166e-07,-1.0202586950094076e-11,1.6121997798059332e-07,2.1335042243754431e-10
5.5515302935665209e+00,1.5273793768359239e-07,4.4557250395306359e-12,1.5252660888073661e-07,2.1137577061263917e-10
5.5615240474703311e+00,1.4449631053102312e-07,1.9072276965498097e-11,1.4428759569837619e-07,2.0958442956356764e-10
5.5715178013741413e+00,1.3668527388676699e-07,3.3587629748465206e-11,1.3647999675535439e-07,2.0800680169914329e-10
5.5815115552779515e+00,1.2928301647560623e-07,4.7943015508570939e-11,1.2908198493646259e-07,2.0666933121901791e-10
5.5915053091817617e+00,1.2226879303365859e-07,6.2080702283225361e-11,1.2207279586207173e-07,2.0559402925674743e-10
5.6014990630855719e+00,1.1562287502122132e-07,7.5943834375295697e-11,1.1543267835139712e-07,2.0479804489262095e-10
5.6114928169893821e+00,1.0932650229931844e-07,8.9476798921616008e-11,1.0914284708110183e-07,2.0429228258417280e-10
5.6214865708931914e+00,1.0336183820583477e-07,1.0262541752786523e-10,1.0318543734763212e-07,2.0408145211507912e-10
5.6314803247970016e+00,9.7711925499180287e-08,1.1533689415952376e-10,9.7543461845210827e-08,2.0416317460087395e-10
5.6414740787008117e+00,9.2360646853908779e-08,1.2756069257294725e-10,9.2200769374862334e-08,2.0453004325999729e-10
5.6514678326046219e+00,8.7292682343483637e-08,1.3924807597412234e-10,8.7142005403115690e-08,2.0516716847766012e-10
5.6614615865084321e+00,8.2493475421704854e-08,1.5035305176355459e-10,8.2352574392246068e-08,2.0605615806658106e-10
5.6714553404122423e+00,7.7949193359452729e-08,1.6083196857658309e-10,7.7818603826969654e-08,2.0717274943960888e-10
5.6814490943160525e+00,7.3646695225187656e-08,1.7064372720097013e-10,7.3526909865476039e-08,2.0848936192113169e-10
5.6914428482198627e+00,6.9573496878159882e-08,1.7975020410191792e-10,6.9464964545540102e-08,2.0997476776644350e-10
5.7014366021236729e+00,6.5717740217157321e-08,1.8811579509599219e-10,6.5620864479199915e-08,2.1159504003966903e-10
5.7114303560274831e+00,6.2068164647064717e-08,1.9570825077562844e-10,6.1983300972152243e-08,2.1331564110797484e-10
5.7214241099312932e+00,5.8614075612652338e-08,2.0249858600705960e-10,5.8541531506561194e-08,2.1510073143395353e-10
5.7314178638351034e+00,5.5345320792524120e-08,2.0846124958631695e-10,5.5285352528448968e-08,2.1691538736400405e-10
5.7414116177389136e+00,5.2252259617441395e-08,2.1357359328228512e-10,5.2205073483199021e-08,2.1872405220333289e-10
5.7514053716427229e+00,4.9325742283647238e-08,2.1781682556274979e-10,4.9291492044998492e-08,2.2049319342267560e-10
5.7613991255465331e+00,4.6557082405562615e-08,2.2117523802729475e-10,4.6535870488231550e-08,2.2219007933139237e-10
5.7713928794503433e+00,4.3938037209605319e-08,2.2363663942297389e-10,4.3929913150972796e-08,2.2378415230097486e-10
5.7813866333541535e+00,4.1460783910937464e-08,2.2519285334086318e-10,4.1465744942743078e-08,2.2524749284370698e-10
5.7913803872579637e+00,3.9117900526220900e-08,2.2583905569568510e-10,3.9135890850677815e-08,2.2655447656487345e-10
5.8013741411617739e+00,3.6902344418325160e-08,2.2557407767163883e-10,3.6933256400125374e-08,2.2768226794422815e-10
5.8113678950655840e+00,3.4807434710293561e-08,2.2440017866289040e-10,3.4851109027520151e-08,2.2861077439426581e-10
5.8213616489693942e+00,3.2826833637172061e-08,2.2232349548164418e-10,3.2883060325120127e-08,2.2932330252459274e-10
5.8313554028732044e+00,3.0954528766799502e-08,2.1935334010053684e-10,3.1023049118874448e-08,2.2980628029219838e-10
5.8413491567770146e+00,2.9184819087595262e-08,2.1550293984144250e-10,2.9265325342309058e-08,2.3004950364725198e-10
5.8513429106808248e+00,2.7512296613046432e-08,2.1078923794826222e-10,2.7604434670866366e-08,2.3004678770554185e-10
5.8613366645846350e+00,2.5931834383072441e-08,2.0523235564597054e-10,2.6035203882631118e-08,2.2979463275500045e-10
5.8713304184884443e+00,2.4438569036802823e-08,1.9885583550422410e-10,2.4552726912808738e-08,2.2929383761511102e-10
5.8813241723922545e+00,2.3027890759622308e-08,1.9168680259340519e-10,2.3152351570702501e-08,2.2854829639098739e-10
5.8913179262960647e+00,2.1695427087953725e-08,1.8375504517934263e-10,2.1829666889261633e-08,2.2756590448494025e-10
5.9013116801998748e+00,2.0437033820908367e-08,1.7509393761166925e-10,2.0580491078542328e-08,2.2635784005908864e-10
5.9113054341036850e+00,1.9248781613390349e-08,1.6573988324205973e-10,1.9400860055652028e-08,2.2493901728653109e-10
5.9212991880074952e+00,1.8126946421463335e-08,1.5573191432271215e-10,1.8287016524917013e-08,2.2332681692597443e-10
5.9312929419113054e+00,1.7067996500155263e-08,1.4511175160346880e-10,1.7235399583143548e-08,2.2154280093789869e-10
5.9412866958151156e+00,1.6068585538039547e-08,1.3392351169139577e-10,1.6242634825924560e-08,2.1961024929869641e-10
5.9512804497189258e+00,1.5125539938452215e-08,1.2221346135510076e-10,1.5305524931984342e-08,2.1755626406324042e-10
5.9612742036227360e+00,1.4235851798342510e-08,1.1003005912767284e-10,1.4421040703548911e-08,2.1541017738998428e-10
5.9712679575265462e+00,1.3396670953798335e-08,9.7423715901875814e-11,1.3586312541690196e-08,2.1320251470908103e-10
5.9812617114303563e+00,1.2605294826631752e-08,8.4446348055535913e-11,1.2798622336507014e-08,2.1096613892870605e-10
5.9912554653341665e+00,1.1859162565601118e-08,7.1151291939518367e-11,1.2055395752890097e-08,2.0873420931475053e-10
6.0012492192379758e+00,1.1155845031205299e-08,5.7593072363228779e-11,1.1354194893460965e-08,2.0654207765266098e-10
6.0112429731417860e+00,1.0493041457758713e-08,4.3827022849171718e-11,1.0692711321086679e-08,2.0442324293785761e-10
6.0212367270455962e+00,9.8685681618935910e-09,2.9908901994832916e-11,1.0068759424148307e-08,2.0241315150373282e-10
6.0312304809494064e+00,9.2803575687772001e-09,1.5895579215109073e-11,9.4802701084869422e-09,2.0054349396523189e-10
6.0412242348532166e+00,8.7264473339659122e-09,1.8436829262530778e-12,8.9252848006642313e-09,1.9884601411579195e-10
6.0512179887570268e+00,8.2049786424831007e-09,-1.2189966069457973e-11,8.4019497478601378e-09,1.9734794558400238e-10
6.0612117426608370e+00,7.7141874388506011e-09,-2.6148855821146252e-11,7.9085106003852819e-09,1.9607461276154226e-10
6.0712054965646471e+00,7.2524006972447157e-09,-3.9977004463760209e-11,7.4433072634144794e-09,1.9504737345738819e-10
6.0811992504684573e+00,6.8180328586611749e-09,-5.3619133026218887e-11,7.0047690051496134e-09,1.9428175372853449e-10
6.0911930043722675e+00,6.4095781130047445e-09,-6.7020630973803501e-11,6.5914098091973534e-09,1.9378991386655803e-10
6.1011867582760777e+00,6.0256106485882157e-09,-8.0127748519884699e-11,6.2018239594982850e-09,1.9357579142226084e-10
6.1111805121798879e+00,5.6647755714573325e-09,-9.2888513732542765e-11,5.8346818466743883e-09,1.9363991928725522e-10
6.1211742660836981e+00,5.3257891242076183e-09,-1.0525196794671119e-10,5.4887259851664868e-09,1.9397524949277724e-10
6.1311680199875074e+00,5.0074314707573290e-09,-1.1716883487149646e-10,5.1627672310193895e-09,1.9457064085143043e-10
6.1411617738913176e+00,4.7085467089816698e-09,-1.2859206526837034e-10,4.8556811906350489e-09,1.9540848226572300e-10
6.1511555277951278e+00,4.4280361362822311e-09,-1.3947623709650984e-10,4.5664048112593138e-09,1.9646758238833039e-10
6.1611492816989379e+00,4.1648591899823541e-09,-1.4977799089205826e-10,4.2939331443909814e-09,1.9772084427885159e-10
6.1711430356027481e+00,3.9180267675664386e-09,-1.5945652919556958e-10,4.0373162737099427e-09,1.9913907446570759e-10
6.1811367895065583e+00,3.6866011726144765e-09,-1.6847364087787212e-10,3.7956563995084316e-09,2.0068983577535322e-10
6.1911305434103685e+00,3.4696915180287285e-09,-1.7679352162255668e-10,3.5681050719822310e-09,2.0233926185855369e-10
6.2011242973141787e+00,3.2664516369563057e-09,-1.8438376196183123e-10,3.3538605660934875e-09,2.0405316113235321e-10
6.2111180512179889e+00,3.0760801157976178e-09,-1.9121441515367850e-10,3.1521653910570212e-09,2.0579582520999426e-10
6.2211118051217991e+00,2.8978143541440852e-09,-1.9725880855573962e-10,2.9623039278268794e-09,2.0753299175460868e-10
6.2311055590256093e+00,2.7309329347881468e-09,-2.0249350854064941e-10,2.7836001882704001e-09,2.0923063970285513e-10
6.2410993129294194e+00,2.5747485677586930e-09,-2.0689840142417163e-10,2.6154156900141163e-09,2.1085721079539872e-10
6.2510930668332296e+00,2.4286115294602749e-09,-2.1045679004505538e-10,2.4571474412290470e-09,2.1238257634877598e-10
6.2610868207370389e+00,2.2919028560572232e-09,-2.1315570625692091e-10,2.3082260298944525e-09,2.1377979585079401e-10
6.2710805746408491e+00,2.1640368762060741e-09,-2.1498566548391898e-10,2.1681138123375302e-09,2.1502431902411290e-10
6.2810743285446593e+00,2.0444566583468372e-09,-2.1594051190481009e-10,2.0363031960941953e-09,2.1609438592526342e-10
6.2910680824484695e+00,1.9326357016242323e-09,-2.1601790086508296e-10,1.9123150123718442e-09,2.1697157395808541e-10
6.3010618363522797e+00,1.8280728286877618e-09,-2.1521915665767312e-10,1.7956969736209251e-09,2.1764071628201571e-10
6.3110555902560899e+00,1.7302948014401712e-09,-2.1354913043455613e-10,1.6860222119369977e-09,2.1809010360553176e-10
6.3210493441599001e+00,1.6388510170513840e-09,-2.1101619461808985e-10,1.5828878942207666e-09,2.1831102928632429e-10
6.3310430980637102e+00,1.5533151162394317e-09,-2.0763252382714145e-10,1.4859139102196311e-09,2.1829839102419441e-10
6.3410368519675204e+00,1.4732840436265508e-09,-2.0341346323770644e-10,1.3947416297614261e-09,2.1805033318506596e-10
6.3510306058713306e+00,1.3983752262557537e-09,-1.9837758156523196e-10,1.3090327256697163e-09,2.1756779926872532e-10
6.3610243597751408e+00,1.3282282801521097e-09,-1.9254691311444772e-10,1.2284680590203942e-09,2.1685574806804511e-10
6.3710181136789510e+00,1.2625004974672037e-09,-1.8594664610564374e-10,1.1527466235618466e-09,2.1592143949865317e-10
6.3810118675827612e+00,1.2008698211349859e-09,-1.7860479060405756e-10,1.0815845462760983e-09,2.1477580875154354e-10
6.3910056214865705e+00,1.1430303144975382e-09,-1.7055259785873545e-10,1.0147141412060218e-09,2.1343202422444012e-10
6.4009993753903807e+00,1.0886952649201999e-09,-1.6182386563914795e-10,9.5188301381486371e-10,2.1190695019962552e-10
6.4109931292941909e+00,1.0375932346766319e-09,-1.5245476119749059e-10,8.9285321327864958e-10,2.1021923795426589e-10
6.4209868831980010e+00,9.8947021311890559e-10,-1.4248429563372262e-10,8.3740043024012482e-10,2.0839144264349627e-10
6.4309806371018112e+00,9.4408703852461961e-10,-1.3195361729046675e-10,7.8531323767506652e-10,2.0644824279284267e-10
6.4409743910056214e+00,9.0121811721782807e-10,-1.2090608044728723e-10,7.3639237263817282e-10,2.0441576838728378e-10
6.4509681449094316e+00,8.6065376929076176e-10,-1.0938714635755323e-10,6.9045005676653753e-10,2.0232363071395672e-10
6.4609618988132418e+00,8.2219614263282923e-10,-9.7444068302635062e-11,6.4730935352444000e-10,2.0020173688559950e-10
6.4709556527170520e+00,7.8566253611725711e-10,-8.5125516696604741e-11,6.0680356027378701e-10,1.9808303014806430e-10
6.4809494066208622e+00,7.5088119820677848e-10,-7.2481935899250045e-11,5.6877563335035119e-10,1.9600017291671311e-10
6.4909431605246724e+00,7.1769412685402288e-10,-5.9564720818853111e-11,5.3307764441725957e-10,1.9398763247576288e-10
6.5009369144284825e+00,6.8595293142208200e-10,-4.6426696632003438e-11,4.9957026645407382e-10,1.9207794241072259e-10
6.5109306683322927e+00,6.5552226505412086e-10,-3.3121420472403678e-11,4.6812228782254930e-10,1.9030444020175489e-10
6.5209244222361020e+00,6.2627534001694609e-10,-1.9703193699062248e-11,4.3861015292890339e-10,1.8869668329552812e-10
6.5309181761399122e+00,5.9809791877321719e-10,-6.2265325478563784e-12,4.1091752807741059e-10,1.8728392447993052e-10
6.5409119300437224e+00,5.7088376740195333e-10,7.2536652802625338e-12,3.8493489118146419e-10,1.8609030127242225e-10
6.5509056839475326e+00,5.4453773594145624e-10,2.0682503804253470e-11,3.6055914406610353e-10,1.8513748467571486e-10
6.5608994378513428e+00,5.1897195902604039e-10,3.4005292213464572e-11,3.3769324616062242e-10,1.8444059107654628e-10
6.5708931917551530e+00,4.9410756255841623e-10,4.7167972564850410e-11,3.1624586844127691e-10,1.8400978199567900e-10
6.5808869456589631e+00,4.6987433841515023e-10,6.0116738315646705e-11,2.9613106654254825e-10,1.8384979398059937e-10
6.5908806995627733e+00,4.4620857039295183e-10,7.2799200599259810e-11,2.7726797201097251e-10,1.8395828165525059e-10
6.6008744534665835e+00,4.2305603097358608e-10,8.5164087263063733e-11,2.5958050072840817e-10,1.8432897425063920e-10
6.6108682073703937e+00,4.0036725901202440e-10,9.7161312468650225e-11,2.4299707758179792e-10,1.8494781600227963e-10
6.6208619612742039e+00,3.7810207811682555e-10,1.0874246722194842e-10,2.2745037650428664e-10,1.8579789927840945e-10
6.6308557151780141e+00,3.5622391127188881e-10,1.1986116988243223e-10,2.1287707505789850e-10,1.8685560066036512e-10
6.6408494690818243e+00,3.3470409965029839e-10,1.3047269390017619e-10,1.9921762277113204e-10,1.8809494748849036e-10
6.6508432229856336e+00,3.1351791597571861e-10,1.4053459640211925e-10,1.8641602248580664e-10,1.8948578868777329e-10
6.6608369768894438e+00,2.9264814765975855e-10,1.5000706755916784e-10,1.7441962400643895e-10,1.9099765475770715e-10
6.6708307307932539e+00,2.7208105775434688e-10,1.5885268600279612e-10,1.6317892938242281e-10,1.9259763605568468e-10
6.6808244846970641e+00,2.5180898833061100e-10,1.6703653397465400e-10,1.5264740918839520e-10,1.9425298571770697e-10
6.6908182386008743e+00,2.3182741830545113e-10,1.7452665999671695e-10,1.4278132920158092e-10,1.9593050052073064e-10
6.7008119925046845e+00,2.1213565937592995e-10,1.8129387013048389e-10,1.3353958690655735e-10,1.9759759602409040e-10
6.7108057464084947e+00,1.9273827702486919e-10,1.8731187218663709e-10,1.2488355728798344e-10,1.9922349372660440e-10
6.7207995003123049e+00,1.7364178308535574e-10,1.9255781093907651e-10,1.1677694740039118e-10,2.0077878396665110e-10
6.7307932542161151e+00,1.5485787666604173e-10,1.9701166202020959e-10,1.0918565923124380e-10,2.0223636274759480e-10
6.7407870081199253e+00,1.3639889279503642e-10,2.0065674000508441e-10,1.0207766039920161e-10,2.0357080906317816e-10
6.7507807620237354e+00,1.1828169822083553e-10,2.0347969330794508e-10,9.5422862253934202e-11,2.0475964438935981e-10
6.7607745159275456e+00,1.0052328465877066e-10,2.0547033460536134e-10,8.9193004967001155e-11,2.0578249109371009e-10
6.7707682698313558e+00,8.3144203568524375e-11,2.0662168656374138e-10,8.3361549225284274e-11,2.0662180087681818e-10
6.7807620237351651e+00,6.6165427720585136e-11,2.0693044526093991e-10,7.7903574159307805e-11,2.0726310153451759e-10
6.7907557776389753e+00,4.9610729704212535e-11,2.0639667177814346e-10,7.2795681158547948e-11,2.0769479554152187e-10
6.8007495315427855e+00,3.3503520937192548e-11,2.0502349028216161e-10,6.8015903244591926e-11,2.0790799912464097e-10
6.8107432854465957e+00,1.7868654325005192e-11,2.0281759631360729e-10,6.3543619690769802e-11,2.0789704143059170e-10
6.8207370393504059e+00,2.7316730586358895e-12,1.9978912718564516e-10,5.9359475593745413e-11,2.0765934450815656e-10
6.8307307932542161e+00,-1.1883257108471129e-11,1.9595112527126243e-10,5.5445306118530307e-11,2.0719550893126597e-10
6.8407245471580262e+00,-2.5950243794411662e-11,1.9132035042272393e-10,5.1784065153520077e-11,2.0650932006446194e-10
6.8507183010618364e+00,-3.9444712650766176e-11,1.8591660470876267e-10,4.8359758126508574e-11,2.0560790110039938e-10
6.8607120549656466e+00,-5.2341512437985379e-11,1.7976299011416596e-10,4.5157378746231026e-11,2.0450126258030143e-10
6.8707058088694568e+00,-6.4617443922142843e-11,1.7288538340597946e-10,4.2162849446869821e-11,2.0320282194744474e-10
6.8806995627732670e+00,-7.6249270430498292e-11,1.6531303202485560e-10,3.9362965325164194e-11,2.0172899547083909e-10
6.8906933166770772e+00,-8.7215905509845183e-11,1.5707744866885492e-10,3.6745341371318399e-11,2.0009926438807701e-10
6.9006870705808874e+00,-9.7496411301973697e-11,1.4821362536659548e-10,3.4298362805858654e-11,1.9833593024574259e-10
6.9106808244846967e+00,-1.0707233433643041e-10,1.3875868329949978e-10,3.2011138344949682e-11,1.9646420682690035e-10
6.9206745783885069e+00,-1.1592482389157270e-10,1.2875225920088245e-10,2.9873456226500108e-11,1.9451036665103289e-10
6.9306683322923170e+00,-1.2403865652933605e-10,1.1823620674465853e-10,2.7875742838678671e-11,1.9250398780469538e-10
6.9406620861961272e+00,-1.3139980254490767e-10,1.0725456760124684e-10,2.6009023801257626e-11,1.9047593255581569e-10
6.9506558400999374e+00,-1.3799576163786623e-10,9.5853042812728768e-11,2.4264887358524078e-11,1.8845775131097314e-10
6.9606495940037476e+00,-1.4381707366422100e-10,8.4079116335149676e-11,2.2635449950381302e-11,1.8648254722994687e-10
6.9706433479075578e+00,-1.4885512698886121e-10,7.1981639401224178e-11,2.1113323835710884e-11,1.8458231412189212e-10
6.9806371018113680e+00,-1.5310451308096003e-10,5.9610976919920907e-11,1.9691586649123985e-11,1.8278938878194345e-10
6.9906308557151782e+00,-1.5656035541933133e-10,4.7018226916874934e-11,1.8363752778897162e-11,1.8113298233991592e-10
7.0006246096189884e+00,-1.5922259315131761e-10,3.4255163337424135e-11,1.7123746460199836e-11,1.7964255539725061e-10
7.0106183635227985e+00,-1.6109160366553834e-10,2.1374435175216196e-11,1.5965876483686688e-11,1.7834297787087871e-10
7.0206121174266087e+00,-1.6217227825819761e-10,8.4287283334551353e-12,1.4884812425172008e-11,1.7725760018283607e-10
7.0306058713304189e+00,-1.6246982073877246e-10,-4.5288775620840257e-12,1.3875562307435314e-11,1.7640352846155344e-10
7.0405996252342282e+00,-1.6199346847548181e-10,-1.7445395386220360e-11,1.2933451610253815e-11,1.7579467907437614e-10
7.0505933791380384e+00,-1.6075365316448998e-10,-3.0268368257486284e-11,1.2054103549521408e-11,1.7543857870348742e-10
7.0605871330418486e+00,-1.5876453702227957e-10,-4.2945737162952828e-11,1.1233420550821416e-11,1.7533864924623797e-10
7.0705808869456588e+00,-1.5604305659995319e-10,-5.5425996723181687e-11,1.0467566847075356e-11,1.7549310195411179e-10
7.0805746408494690e+00,-1.5260755670566094e-10,-6.7658941315596059e-11,9.7529521339152064e-12,1.7589390885017409e-10
7.0905683947532792e+00,-1.4848029005343658e-10,-7.9594958769963818e-11,9.0862162202242213e-12,1.7652920823727678e-10
7.1005621486570893e+00,-1.4368397624210419e-10,-9.1185916914021877e-11,8.4642146148838006e-12,1.7738078651450767e-10
7.1105559025608995e+00,-1.3824535436401024e-10,-1.0238522847612540e-10,7.8840049941521348e-12,1.7842792571942137e-10
7.1205496564647097e+00,-1.3219204246739501e-10,-1.1314776497852392e-10,7.3428344973043463e-12,1.7964520202106447e-10
7.1305434103685199e+00,-1.2555515353029232e-10,-1.2343005770380493e-10,6.8381278011859573e-12,1.8100541452255114e-10
7.1405371642723301e+00,-1.1836695334580918e-10,-1.3319114078032703e-10,6.3674759271867981e-12,1.8247892434038766e-10
7.1505309181761403e+00,-1.1066219140878677e-10,-1.4239158439772064e-10,5.9286257368371193e-12,1.8403473028202450e-10
7.1605246720799505e+00,-1.0247655369213388e-10,-1.5099434466192041e-10,5.5194700747711272e-12,1.8564060242669092e-10
7.1705184259837598e+00,-9.3847748092384051e-11,-1.5896504892703217e-10,5.1380385202041075e-12,1.8726471299122685e-10
7.1805121798875700e+00,-8.4814507639348187e-11,-1.6627179844236319e-10,4.7824887103340964e-12,1.8887544232150147e-10
7.1905059337913801e+00,-7.5416801719966132e-11,-1.7288523132914254e-10,4.4510982012171725e-12,1.9044207688835806e-10
7.2004996876951903e+00,-6.5697079734292343e-11,-1.7877912132741174e-10,4.1422568336811696e-12,1.9193620595097761e-10
7.2104934415990005e+00,-5.5697366070009663e-11,-1.8393029078755039e-10,3.8544595737454415e-12,1.9333073166648145e-10
7.2204871955028107e+00,-4.5461289628730605e-11,-1.8831814168140221e-10,3.5862997988078955e-12,1.9460058713937392e-10
7.2304809494066209e+00,-3.5031993614923664e-11,-1.9192593440836270e-10,3.3364630025528512e-12,1.9572353655534205e-10
7.2404747033104311e+00,-2.4454014823718791e-11,-1.9473952451661829e-10,3.1037208931280740e-12,1.9667971732438032e-10
7.2504684572142413e+00,-1.3771742657582652e-11,-1.9674856090110273e-10,2.8869258606442523e-12,1.9745254481382379e-10
7.2604622111180515e+00,-3.0305206660328701e-12,-1.9794584863766051e-10,2.6850057914673574e-12,1.9802834705054220e-10
7.2704559650218616e+00,7.7249852721259318e-12,-1.9832789004776196e-10,2.4969592081116237e-12,1.9839678482103276e-10
7.2804497189256718e+00,1.8449886932652432e-11,-1.9789415507935519e-10,2.3218507147999582e-12,1.9855027113256793e-10
7.2904434728294811e+00,2.9100336955956693e-11,-1.9664778287719442e-10,2.1588067299461243e-12,1.9848475145822976e-10
7.3004372267332913e+00,3.9632209768046788e-11,-1.9459537556266035e-10,2.0070114879310124e-12,1.9819943424740359e-10
7.3104309806371015e+00,5.0002211614960135e-11,-1.9174669827631635e-10,1.8657032935996362e-12,1.9769653444924396e-10
7.3204247345409117e+00,6.0167816346136264e-11,-1.8811479178325266e-10,1.7341710138975304e-12,1.9698138438560728e-10
7.3304184884447219e+00,7.0086935307306369e-11,-1.8371632938911021e-10,1.6117507920004511e-12,1.9606259352210261e-10
7.3404122423485321e+00,7.9718956689281554e-11,-1.7857055619287998e-10,1.4978229701717689e-12,1.9495124851956544e-10
7.3504059962523423e+00,8.9024600853486235e-11,-1.7269991166797237e-10,1.3918092084108470e-12,1.9366147180488601e-10
7.3603997501561524e+00,9.7966023575171532e-11,-1.6612997608520049e-10,1.2931697867364052e-12,1.9221032650112597e-10
7.3703935040599626e+00,1.0650687228810971e-10,-1.5888887703257194e-10,1.2014010796838011e-12,1.9061720150894145e-10
7.3803872579637728e+00,1.1461254580988165e-10,-1.5100737382152172e-10,1.1160331922866764e-12,1.8890390500153430e-10
7.3903810118675830e+00,1.2224930538187604e-10,-1.4251908469220232e-10,1.0366277474646992e-12,1.8709410124535423e-10
7.4003747657713932e+00,1.2938664798571804e-10,-1.3345958818429544e-10,9.6277581535161011e-13,1.8521380245962325e-10
7.4103685196752034e+00,1.3599531704912450e-10,-1.2386697977633646e-10,8.9409597567428407e-13,1.8329039422307055e-10
7.4203622735790127e+00,1.4204939972068694e-10,-1.1378130584668614e-10,8.3023250483596738e-13,1.8135335328941567e-10
7.4303560274828229e+00,1.4752468234598677e-10,-1.0324477817269974e-10,7.7085367986694321e-13,1.7943291350277639e-10
7.4403497813866331e+00,1.5239887454785952e-10,-9.2300916138098287e-11,7.1565019188586599e-13,1.7755917230871768e-10
7.4503435352904432e+00,1.5665319051378508e-10,-8.0995470317050652e-11,6.6433366216619037e-13,1.7576344805947307e-10
7.4603372891942534e+00,1.6027022900763995e-10,-6.9375231872420494e-11,6.1663525432673083e-13,1.7407525038241386e-10
7.4703310430980636e+00,1.6323660739154603e-10,-5.7488243810717722e-11,5.7230437656422176e-13,1.7252412483994912e-10
7.4803247970018738e+00,1.6554104827757766e-10,-4.5383744590348882e-11,5.3110746822106899e-13,1.7113726899465642e-10
7.4903185509056840e+00,1.6717570996031100e-10,-3.3111972046126477e-11,4.9282686533402310e-13,1.6993994883380783e-10
7.5003123048094942e+00,1.6813432442550908e-10,-2.0723508592021904e-11,4.5725974014099964e-13,1.6895283907015211e-10
7.5103060587133044e+00,1.6841444689881165e-10,-8.2699522220518911e-12,4.2421710983478068e-13,1.6819366639177670e-10
7.5202998126171146e+00,1.6801534089549563e-10,4.1973084182088233e-12,3.9352291014497281e-13,1.6767436077907555e-10
7.5302935665209247e+00,1.6694009083795700e-10,1.6626541312833308e-11,3.6501312960464998e-13,1.6740280281276946e-10
7.5402873204247349e+00,1.6519395091251830e-10,2.8966290719450750e-11,3.3853500061644401e-13,1.6738086555377196e-10
7.5502810743285442e+00,1.6278550247810811e-10,4.1165235353558611e-11,3.1394624367549573e-13,1.6760543901363185e-10
7.5602748282323544e+00,1.5972535175444087e-10,5.3172929361166417e-11,2.9111436133460375e-13,1.6806735694348548e-10
7.5702685821361646e+00,1.5602663934686695e-10,6.4939604104885172e-11,2.6991597871097737e-13,1.6875221200234231e-10
7.5802623360399748e+00,1.5170502580866084e-10,7.6416241817831146e-11,2.5023622753488579e-13,1.6964078312901173e-10
7.5902560899437850e+00,1.4677840597099758e-10,8.7555572732129737e-11,2.3196817092928187e-13,1.7070980273065910e-10
7.6002498438475952e+00,1.4126778985911162e-10,9.8311482916996048e-11,2.1501226628651278e-13,1.7193322465419473e-10
7.6102435977514054e+00,1.3519606768132007e-10,1.0863939190714892e-10,1.9927586377454890e-13,1.7328199928147417e-10
7.6202373516552155e+00,1.2858854258688531e-10,1.1849699646232412e-10,1.8467273816115346e-13,1.7472576216093649e-10
7.6302311055590257e+00,1.2147215329688938e-10,1.2784371419419694e-10,1.7112265179085519e-13,1.7623267374278429e-10
7.6402248594628359e+00,1.1387603513635398e-10,1.3664112300999267e-10,1.5855094668696374e-13,1.7777081511839652e-10
7.6502186133666461e+00,1.0583096215824610e-10,1.4485334596137467e-10,1.4688816387975826e-13,1.7930871515978357e-10
7.6602123672704563e+00,9.7370348070083384e-11,1.5244704741200637e-10,1.3606968818288179e-13,1.8081650134068914e-10
7.6702061211742665e+00,8.8528842786220742e-11,1.5939138934544942e-10,1.2603541675338782e-13,1.8226538713720661e-10
7.6801998750780758e+00,7.9342912259377857e-11,1.6565825484749781e-10,1.1672944987721665e-13,1.8362855290417922e-10
7.6901936289818860e+00,6.9849848531800128e-11,1.7122255610422709e-10,1.0809980252162782e-13,1.8488124630335822e-10
7.7001873828856962e+00,6.0088582674261676e-11,1.7606182895019838e-10,1.0009813528961628e-13,1.8600103733735305e-10
7.7101811367895063e+00,5.0098912827440559e-11,1.8015708956823577e-10,9.2679503498981038e-14,1.8696844731918221e-10
7.7201748906933165e+00,3.9921795360825604e-11,1.8349198944372805e-10,8.5802123190910688e-14,1.8776638822549173e-10
7.7301686445971267e+00,2.9599465183746258e-11,1.8605348219815732e-10,7.9427152949953021e-14,1.8838081346941812e-10
7.7401623985009369e+00,1.9174297211246628e-11,1.8783176906952240e-10,7.3518490489403922e-14,1.8880045873759344e-10
7.7501561524047471e+00,8.6893056626275221e-12,1.8881999279293580e-10,6.8042583023795025e-14,1.8901670787370112e-10
7.7601499063085573e+00,-1.8127568564534804e-12,1.8901473170762936e-10,6.2968250513512409e-14,1.8902403854320755e-10
7.7701436602123675e+00,-1.2288792225093362e-11,1.8841566378523128e-10,5.8266520925938131e-14,1.8881978767943513e-10
7.7801374141161777e+00,-2.2695895658292974e-11,1.8702579439541326e-10,5.3910476713120044e-14,1.8840435623524143e-10
7.7901311680199878e+00,-3.2990934536733114e-11,1.8485124861713033e-10,4.9875111758034166e-14,1.8778093411616620e-10
7.8001249219237980e+00,-4.3131637612860486e-11,1.8190128522222119e-10,4.6137198090283918e-14,1.8695560382914720e-10
7.8101186758276073e+00,-5.3076751342670068e-11,1.7818847391068170e-10,4.2675161717741347e-14,1.8593763929547118e-10
7.8201124297314175e+00,-6.2785422380216726e-11,1.7372850649645807e-10,3.9468966963380393e-14,1.8473917002702720e-10
7.8301061836352277e+00,-7.2218591851062304e-11,1.6853998635667123e-10,3.6500008736589032e-14,1.8337536721374247e-10
7.8400999375390379e+00,-8.1337826590100425e-11,1.6264468891159947e-10,3.3751012205690315e-14,1.8186431335652165e-10
7.8500936914428481e+00,-9.0106026279150690e-11,1.5606740732183361e-10,3.1205939373477196e-14,1.8022695764001366e-10
7.8600874453466583e+00,-9.8487395022409579e-11,1.4883568742439825e-10,2.8849902090367548e-14,1.7848672882070880e-10
7.8700811992504685e+00,-1.0644817803578140e-10,1.4097964410360798e-10,2.6669081070486066e-14,1.7666961572420129e-10
7.8800749531542786e+00,-1.1395610986417038e-10,1.3253254796734007e-10,2.4650650504703224e-14,1.7480414765736827e-10
7.8900687070580888e+00,-1.2098139049053785e-10,1.2352962206702354e-10,2.2782707891523904e-14,1.7292072593953902e-10
7.9000624609618990e+00,-1.2749566147686765e-10,1.1400890153457754e-10,2.1054208731854237e-14,1.7105128590093388e-10
7.9100562148657092e+00,-1.3347268618012850e-10,1.0401042169545054e-10,1.9454905757173327e-14,1.6922860146251714e-10
7.9200499687695194e+00,-1.3888791805515831e-10,9.3576196789399619e-11,1.7975292382616972e-14,1.6748537790579469e-10
7.9300437226733296e+00,-1.4371964896422368e-10,8.2750175301492990e-11,1.6606550097028690e-14,1.6585446229060559e-10
7.9400374765771389e+00,-1.4794836234523217e-10,7.1578021596166272e-11,1.5340499521247043e-14,1.6436748624698176e-10
7.9500312304809491e+00,-1.5155700985454469e-10,6.0106626318967737e-11,1.4169554883853541e-14,1.6305406758193185e-10
7.9600249843847593e+00,-1.5453114829818367e-10,4.8384224678650356e-11,1.3086681680397272e-14,1.6194120464929719e-10
7.9700187382885694e+00,-1.5685867501882886e-10,3.6460307115649452e-11,1.2085357297792242e-14,1.6105213272711300e-10
7.9800124921923796e+00,-1.5852943890743483e-10,2.4384695376607901e-11,1.1159534400249766e-14,1.6040490866212657e-10
7.9900062460961898e+00,-1.5953669047373403e-10,1.2208136855524795e-11,1.0303606886800393e-14,1.6001338045815069e-10
