x,numerical_real,numerical_imag,exact,error_abs
-8.0000000000000000e+00,-1.5987303196279557e-10,-6.9110832969994221e-15,9.5123782432575298e-15,1.5988254449040808e-10
-7.9900062460961898e+00,-1.5953453260912432e-10,-1.2231832490778827e-11,1.0303606886800393e-14,1.6001303849773084e-10
-7.9800124921923796e+00,-1.5852791384851303e-10,-2.4405265042825337e-11,1.1159534400249766e-14,1.6040652963929902e-10
-7.9700187382885694e+00,-1.5685730763504676e-10,-3.6476455331970536e-11,1.2085357297792242e-14,1.6105445740920018e-10
-7.9600249843847593e+00,-1.5452997142884584e-10,-4.8395044627537797e-11,1.3086681680397272e-14,1.6194331463402515e-10
-7.9500312304809491e+00,-1.5155557311337747e-10,-6.0111077023070372e-11,1.4169554883853541e-14,1.6305437275153480e-10
-7.9400374765771389e+00,-1.4794610908741411e-10,-7.1575510042326812e-11,1.5340499521247043e-14,1.6436436414772650e-10
-7.9300437226733296e+00,-1.4371633886545055e-10,-8.2740631188533848e-11,1.6606550097028690e-14,1.6584683188805797e-10
-7.9200499687695194e+00,-1.3888335900884481e-10,-9.3559787779609415e-11,1.7975292382616972e-14,1.6747242925337557e-10
-7.9100562148657092e+00,-1.3346674452606993e-10,-1.0398790275308103e-10,1.9454905757173327e-14,1.6921007463427750e-10
-7.9000624609618990e+00,-1.2748862135005018e-10,-1.1398156130511637e-10,2.1054208731854237e-14,1.7102781551156485e-10
-7.8900687070580888e+00,-1.2097323112146572e-10,-1.2349880950904324e-10,2.2782707891523904e-14,1.7289300538987967e-10
-7.8800749531542786e+00,-1.1394697720717193e-10,-1.3249965043496708e-10,2.4650650504703224e-14,1.7477325116251975e-10
-7.8700811992504685e+00,-1.0643828132713036e-10,-1.4094649058129240e-10,2.6669081070486066e-14,1.7663719560897421e-10
-7.8600874453466583e+00,-9.8477343182999173e-11,-1.4880384190684788e-10,2.8849902090367548e-14,1.7845462572417428e-10
-7.8500936914428481e+00,-9.0096416610818951e-11,-1.5603866655744126e-10,3.1205939373477196e-14,1.8019726359624413e-10
-7.8400999375390379e+00,-8.1329555170075055e-11,-1.6262060553014629e-10,3.3751012205690315e-14,1.8183907428246278e-10
-7.8301061836352277e+00,-7.2212238779612766e-11,-1.6852162801810640e-10,3.6500008736589032e-14,1.8335599081126354e-10
-7.8201124297314175e+00,-6.2781378008686685e-11,-1.7371652548061517e-10,3.9468966963380393e-14,1.8472652771000506e-10
-7.8101186758276073e+00,-5.3074952814490944e-11,-1.7818310159671075e-10,4.2675161717741347e-14,1.8593197706807363e-10
-7.8001249219237980e+00,-4.3132489486224538e-11,-1.8190237569619294e-10,4.6137198090283918e-14,1.8695686156507428e-10
-7.7901311680199878e+00,-3.2994344314209604e-11,-1.8485828449142734e-10,4.9875111758034166e-14,1.8778846019546831e-10
-7.7801374141161777e+00,-2.2701786269466253e-11,-1.8703811307280058e-10,5.3910476713120044e-14,1.8841729611752158e-10
-7.7701436602123675e+00,-1.2297158777168768e-11,-1.8843222592414314e-10,5.8266520925938131e-14,1.8883686160552478e-10
-7.7601499063085573e+00,-1.8228640457136055e-12,-1.8903401934343778e-10,6.2968250513512409e-14,1.8904342578514785e-10
-7.7501561524047471e+00,8.6779957193722266e-12,-1.8884046872051193e-10,6.8042583023795025e-14,1.8903664702801085e-10
-7.7401623985009369e+00,1.9162424047146741e-11,-1.8785187087891108e-10,7.3518490489403922e-14,1.8881925671937717e-10
-7.7301686445971267e+00,2.9587349112626217e-11,-1.8607174565993653e-10,7.9427152949953021e-14,1.8839695324318400e-10
-7.7201748906933165e+00,3.9909910692351524e-11,-1.8350709875861107e-10,8.5802123190910688e-14,1.8777863275178817e-10
-7.7101811367895063e+00,5.0087677631301447e-11,-1.8016805680207457e-10,9.2679503498981038e-14,1.8697601057257196e-10
-7.7001873828856962e+00,6.0078575892757435e-11,-1.7606774741875356e-10,1.0009813528961628e-13,1.8600341253648296e-10
-7.6901936289818860e+00,6.9841764270968715e-11,-1.7122256777245659e-10,1.0809980252162782e-13,1.8487820767951925e-10
-7.6801998750780758e+00,7.9337208357198003e-11,-1.6565234972263840e-10,1.1672944987721665e-13,1.8362076474880653e-10
-7.6702061211742665e+00,8.8525979736521439e-11,-1.5937966203352325e-10,1.2603541675338782e-13,1.8225374296748525e-10
-7.6602123672704563e+00,9.7370415896812815e-11,-1.5243017060653548e-10,1.3606968818288179e-13,1.8080230914940554e-10
-7.6502186133666461e+00,1.0583373099556311e-10,-1.4483244874667446e-10,1.4688816387975826e-13,1.7929346602061945e-10
-7.6402248594628359e+00,1.1388133984054439e-10,-1.3661740558015608e-10,1.5855094668696374e-13,1.7775597942474318e-10
-7.6302311055590257e+00,1.2148007601227835e-10,-1.2781851254008625e-10,1.7112265179085519e-13,1.7621984653658373e-10
-7.6202373516552155e+00,1.2859864256224452e-10,-1.1847192892561144e-10,1.8467273816115346e-13,1.7471618582528557e-10
-7.6102435977514054e+00,1.3520774331560726e-10,-1.0861601543988639e-10,1.9927586377454890e-13,1.7327644125422882e-10
-7.6002498438475952e+00,1.4128013290144786e-10,-9.8291184036478745e-11,2.1501226628651278e-13,1.7193174552451201e-10
-7.5902560899437850e+00,1.4679064518086699e-10,-8.7539901138564168e-11,2.3196817092928187e-13,1.7071227284015883e-10
-7.5802623360399748e+00,1.5171622916787931e-10,-7.6406220862194922e-11,2.5023622753488579e-13,1.6964627200102860e-10
-7.5702685821361646e+00,1.5603669192392597e-10,-6.4935581215152468e-11,2.6991597871097737e-13,1.6875994251040877e-10
-7.5602748282323544e+00,1.5973375705422760e-10,-5.3175198811919710e-11,2.9111436133460375e-13,1.6807604849466426e-10
-7.5502810743285442e+00,1.6279195491373743e-10,-4.1173498981271153e-11,3.1394624367549573e-13,1.6761372354240405e-10
-7.5402873204247349e+00,1.6519830996782353e-10,-2.8979870346101301e-11,3.3853500061644401e-13,1.6738750935334155e-10
-7.5302935665209247e+00,1.6694212617442023e-10,-1.6644735366479753e-11,3.6501312960464998e-13,1.6740663608640312e-10
-7.5202998126171146e+00,1.6801538701645747e-10,-4.2189791379648644e-12,3.9352291014497281e-13,1.6767495075723647e-10
-7.5103060587133044e+00,1.6841270972777371e-10,8.2462895203684333e-12,4.2421710983478068e-13,1.6819076949375392e-10
-7.5003123048094942e+00,1.6813164600534131e-10,2.0699477059530317e-11,4.5725974014099964e-13,1.6894723483960790e-10
-7.4903185509056840e+00,1.6717236029192175e-10,3.3089029413110361e-11,4.9282686533402310e-13,1.6993219450947681e-10
-7.4803247970018738e+00,1.6553769398544416e-10,4.5363475536762561e-11,5.3110746822106899e-13,1.7112866068207363e-10
-7.4703310430980636e+00,1.6323327563189906e-10,5.7471862062795105e-11,5.7230437656422176e-13,1.7251552538451089e-10
-7.4603372891942534e+00,1.6026719350986359e-10,6.9363688755565890e-11,6.1663525432673083e-13,1.7406786627371401e-10
-7.4503435352904432e+00,1.5665079284629553e-10,8.0989756536305727e-11,6.6433366216619037e-13,1.7575868716115323e-10
-7.4403497813866331e+00,1.5239800434495497e-10,9.2301637181280032e-11,7.1565019188586599e-13,1.7755880374614415e-10
-7.4303560274828229e+00,1.4752541947790089e-10,1.0325194933485580e-10,7.7085367986694321e-13,1.7943764271751094e-10
-7.4203622735790127e+00,1.4205222279150079e-10,1.1379486750589960e-10,8.3023250483596738e-13,1.8136406041774676e-10
-7.4103685196752034e+00,1.3600008642707359e-10,1.2388607303959052e-10,8.9409597567428407e-13,1.8330681315495163e-10
-7.4003747657713932e+00,1.2939297763237199e-10,1.3348304351701644e-10,9.6277581535161011e-13,1.8523509290986492e-10
-7.3903810118675830e+00,1.2225729924705044e-10,1.4254557543842204e-10,1.0366277474646992e-12,1.8711945990698387e-10
-7.3803872579637728e+00,1.1462160348735935e-10,1.5103551515828068e-10,1.1160331922866764e-12,1.8893184307346635e-10
-7.3703935040599626e+00,1.0651690746943242e-10,1.5891691284818491e-10,1.2014010796838011e-12,1.9064611476588444e-10
-7.3603997501561524e+00,9.7975880791216603e-11,1.6615634144875642e-10,1.2931697867364052e-12,1.9223807221986900e-10
-7.3504059962523423e+00,8.9033469190968119e-11,1.7272304961303916e-10,1.3918092084108470e-12,1.9368611832582781e-10
-7.3404122423485321e+00,7.9726015950617957e-11,1.7858883085753231e-10,1.4978229701717689e-12,1.9497082008353509e-10
-7.3304184884447219e+00,7.0091500577232287e-11,1.8372875530477581e-10,1.6117507920004511e-12,1.9607583139308666e-10
-7.3204247345409117e+00,6.0169449754856628e-11,1.8812089184071587e-10,1.7341710138975304e-12,1.9698769440876227e-10
-7.3104309806371015e+00,5.0000790525371467e-11,1.9174604358879045e-10,1.8657032935996362e-12,1.9769555345218214e-10
-7.3004372267332913e+00,3.9627608366752592e-11,1.9458830373481657e-10,2.0070114879310124e-12,1.9819161753190276e-10
-7.2904434728294811e+00,2.9092703251026374e-11,1.9663481448512969e-10,2.1588067299461243e-12,1.9847086700422715e-10
-7.2804497189256718e+00,1.8439230211367243e-11,1.9787594326351861e-10,2.3218507147999582e-12,1.9853125407417243e-10
-7.2704559650218616e+00,7.7114422366099902e-12,1.9830548651237302e-10,2.4969592081116237e-12,1.9837403261052959e-10
-7.2604622111180515e+00,-3.0461066304027002e-12,1.9792076670847563e-10,2.6850057914673574e-12,1.9800372608631119e-10
-7.2504684572142413e+00,-1.3788742098578176e-11,1.9672220231723525e-10,2.8869258606442523e-12,1.9742771534521053e-10
-7.2404747033104311e+00,-2.4471399949183133e-11,1.9471349065852405e-10,3.1037208931280740e-12,1.9665637730288636e-10
-7.2304809494066209e+00,-3.5049311969437177e-11,1.9190171268067833e-10,3.3364630025528512e-12,1.9570318099095344e-10
-7.2204871955028107e+00,-4.5477905151787959e-11,1.8829710136679570e-10,3.5862997988078955e-12,1.9458441507626301e-10
-7.2104934415990005e+00,-5.5712953862139061e-11,1.8391323849684995e-10,3.8544595737454415e-12,1.9331931108360801e-10
-7.2004996876951903e+00,-6.5710621074923579e-11,1.7876715416350196e-10,4.1422568336811696e-12,1.9192998713028591e-10
-7.1905059337913801e+00,-7.5427849187887727e-11,1.7287889679614201e-10,4.4510982012171725e-12,1.9044095986274199e-10
-7.1805121798875700e+00,-8.4822218866171424e-11,1.6627131393421860e-10,4.7824887103340964e-12,1.8887867390810044e-10
-7.1705184259837598e+00,-9.3852212143690438e-11,1.5897034623565719e-10,5.1380385202041075e-12,1.8727156940866758e-10
-7.1605246720799505e+00,-1.0247774900266225e-10,1.5100474611470982e-10,5.5194700747711272e-12,1.8564975808663774e-10
-7.1505309181761403e+00,-1.1066002785220441e-10,1.4240593095771531e-10,5.9286257368371193e-12,1.8404446016557820e-10
-7.1405371642723301e+00,-1.1836185646332537e-10,1.3320836610986486e-10,6.3674759271867981e-12,1.8248801374403378e-10
-7.1305434103685199e+00,-1.2554719184001089e-10,1.2344884207102559e-10,6.8381278011859573e-12,1.8101240141266256e-10
-7.1205496564647097e+00,-1.3218184363842096e-10,1.1316639494446708e-10,7.3428344973043463e-12,1.7964901545403706e-10
-7.1105559025608995e+00,-1.3823345763097461e-10,1.0240239263595279e-10,7.8840049941521348e-12,1.7842803283557533e-10
-7.1005621486570893e+00,-1.4367152590858876e-10,9.1200190497315097e-11,8.4642146148838006e-12,1.7737744583619399e-10
-7.0905683947532792e+00,-1.4846801697756424e-10,7.9604921526857510e-11,9.0862162202242213e-12,1.7652274621090691e-10
-7.0805746408494690e+00,-1.5259696576925012e-10,6.7663676895875692e-11,9.7529521339152064e-12,1.7588595456782212e-10
-7.0705808869456588e+00,-1.5603407849567404e-10,5.5425166501376888e-11,1.0467566847075356e-11,1.7548432119009394e-10
-7.0605871330418486e+00,-1.5875818181231613e-10,4.2939141235109983e-11,1.1233420550821416e-11,1.7533087213607247e-10
-7.0505933791380384e+00,-1.6074947030347233e-10,3.0256374059609525e-11,1.2054103549521408e-11,1.7543238956248094e-10
-7.0405996252342282e+00,-1.6199170198924752e-10,1.7428536016474168e-11,1.2933451610253815e-11,1.7579124901281826e-10
-7.0306058713304189e+00,-1.6247071183117487e-10,4.5079669232547500e-12,1.3875562307435314e-11,1.7640388365438846e-10
-7.0206121174266087e+00,-1.6217536189140279e-10,-8.4525489928729264e-12,1.4884812425172008e-11,1.7726181459494533e-10
-7.0106183635227985e+00,-1.6109659395276367e-10,-2.1399643098304602e-11,1.5965876483686688e-11,1.7835095503471150e-10
-7.0006246096189884e+00,-1.5922825611235832e-10,-3.4280305284818808e-11,1.7123746460199836e-11,1.7965291019566573e-10
-6.9906308557151782e+00,-1.5656667446064268e-10,-4.7041736005136941e-11,1.8363752778897162e-11,1.8114518845551748e-10
-6.9806371018113680e+00,-1.5311055041623102e-10,-5.9631486618772881e-11,1.9691586649123985e-11,1.8280178546917596e-10
-6.9706433479075578e+00,-1.4886098468479395e-10,-7.1997805578024832e-11,2.1113323835710884e-11,1.8459401280939431e-10
-6.9606495940037476e+00,-1.4382189460256804e-10,-8.4089868932371690e-11,2.2635449950381302e-11,1.8649169850876134e-10
-6.9506558400999374e+00,-1.3799929418124381e-10,-9.5857614578108773e-11,2.4264887358524078e-11,1.8846311809841202e-10
-6.9406620861961272e+00,-1.3140113106704820e-10,-1.0725233657395776e-10,2.6009023801257626e-11,1.9047577419776392e-10
-6.9306683322923170e+00,-1.2403753795936646e-10,-1.1822711057801059e-10,2.7875742838678671e-11,1.9249751831764184e-10
-6.9206745783885069e+00,-1.1592075453999048e-10,-1.2873643346513864e-10,2.9873456226500108e-11,1.9449684109092349e-10
-6.9106808244846967e+00,-1.0706539183833052e-10,-1.3873697248537236e-10,3.2011138344949682e-11,1.9644395837548126e-10
-6.9006870705808874e+00,-9.7487527881220029e-11,-1.4818720699011445e-10,3.4298362805858654e-11,1.9831028541081190e-10
-6.8906933166770772e+00,-8.7204973713171809e-11,-1.5704763881129589e-10,3.6745341371318399e-11,2.0006909173020117e-10
-6.8806995627732670e+00,-7.6236950694440029e-11,-1.6528111334317424e-10,3.9362965325164194e-11,2.0169577836855871e-10
-6.8707058088694568e+00,-6.4604103482514367e-11,-1.7285324826828212e-10,4.2162849446869821e-11,2.0316847116302694e-10
-6.8607120549656466e+00,-5.2328366019946758e-11,-1.7973207273489646e-10,4.5157378746231026e-11,2.0446781752197208e-10
-6.8507183010618364e+00,-3.9432530678514750e-11,-1.8588853005466512e-10,4.8359758126508574e-11,2.0557731290078865e-10
-6.8407245471580262e+00,-2.5940273942972986e-11,-1.9129649511840059e-10,5.1784065153520077e-11,2.0648346648720061e-10
-6.8307307932542161e+00,-1.1876108667780150e-11,-1.9593260704666041e-10,5.5445306118530307e-11,2.0717567278262064e-10
-6.8207370393504059e+00,2.7349231084214563e-12,-1.9977636833542782e-10,5.9359475593745413e-11,2.0764618293976833e-10
-6.8107432854465957e+00,1.7868415470674488e-11,-2.0281101187470011e-10,6.3543619690769802e-11,2.0789067034907353e-10
-6.8007495315427855e+00,3.3499192983333396e-11,-2.0502282689326218e-10,6.8015903244591926e-11,2.0790806341882035e-10
-6.7907557776389753e+00,4.9602339555550198e-11,-2.0640142112420070e-10,7.2795681158547948e-11,2.0770045194173985e-10
-6.7807620237351651e+00,6.6153617439828346e-11,-2.0694002907973147e-10,7.7903574159307805e-11,2.0727333914044456e-10
-6.7707682698313558e+00,8.3129022619526567e-11,-2.0663501118314047e-10,8.3361549225284274e-11,2.0663514201432188e-10
-6.7607745159275456e+00,1.0050579995258989e-10,-2.0548601275935248e-10,8.9193004967001155e-11,2.0579718358160962e-10
-6.7507807620237354e+00,1.1826260441780483e-10,-2.0349643958936897e-10,9.5422862253934202e-11,2.0477415546807117e-10
-6.7407870081199253e+00,1.3637954160961235e-10,-2.0067302552518501e-10,1.0207766039920161e-10,2.0358360009589349e-10
-6.7307932542161151e+00,1.5483870326323166e-10,-1.9702596426736025e-10,1.0918565923124380e-10,2.0224596664672879e-10
-6.7207995003123049e+00,1.7362375638444554e-10,-1.9256897800869768e-10,1.1677694740039118e-10,2.0078438929105981e-10
-6.7108057464084947e+00,1.9272165368418900e-10,-1.8731901995503318e-10,1.2488355728798344e-10,1.9922455310421705e-10
-6.7008119925046845e+00,2.1212153501498290e-10,-1.8129601442922818e-10,1.3353958690655735e-10,1.9759394579905074e-10
-6.6908182386008743e+00,2.3181630456851466e-10,-1.7452334711087072e-10,1.4278132920158092e-10,1.9592249877278507e-10
-6.6808244846970641e+00,2.5180193674389638e-10,-1.6702759335279449e-10,1.5264740918839520e-10,1.9424169808766890e-10
-6.6708307307932539e+00,2.7207833095992435e-10,-1.5883820849553929e-10,1.6317892938242281e-10,1.9258415340315608e-10
-6.6608369768894438e+00,2.9264919875273920e-10,-1.4998783688243923e-10,1.7441962400643895e-10,1.9098320229110253e-10
-6.6508432229856336e+00,3.1352293153467444e-10,-1.4051167845264775e-10,1.8641602248580664e-10,1.8947215655482845e-10
-6.6408494690818243e+00,3.3471219074353964e-10,-1.3044724924960755e-10,1.9921762277113204e-10,1.8808312733155683e-10
-6.6308557151780141e+00,3.5623548693957770e-10,-1.1983467540838541e-10,2.1287707505789850e-10,1.8684748777404065e-10
-6.6208619612742039e+00,3.7811582264462502e-10,-1.0871638365191987e-10,2.2745037650428664e-10,1.8579378013006420e-10
-6.6108682073703937e+00,4.0038261088634958e-10,-9.7137000133986315e-11,2.4299707758179792e-10,1.8494810863749917e-10
-6.6008744534665835e+00,4.2307097008910513e-10,-8.5142996215759672e-11,2.5958050072840817e-10,1.8433248052467005e-10
-6.5908806995627733e+00,4.4622284107278927e-10,-7.2782665910364415e-11,2.7726797201097251e-10,1.8396484511100312e-10
-6.5808869456589631e+00,4.6988644065502962e-10,-6.0105596551808662e-11,2.9613106654254825e-10,1.8385758828456647e-10
-6.5708931917551530e+00,4.9411734015931890e-10,-4.7162567358712596e-11,3.1624586844127691e-10,1.8401784753389363e-10
-6.5608994378513428e+00,5.1897880004404523e-10,-3.4005854929880002e-11,3.3769324616062242e-10,1.8444741856781688e-10
-6.5509056839475326e+00,5.4454167103604822e-10,-2.0688700393716278e-11,3.6055914406610353e-10,1.8514208747399221e-10
-6.5409119300437224e+00,5.7088481428828898e-10,-7.2648895297954506e-12,3.8493489118146419e-10,1.8609178521179860e-10
-6.5309181761399122e+00,5.9809579097257797e-10,6.2111149438199359e-12,4.1091752807741059e-10,1.8728128590251013e-10
-6.5209244222361020e+00,6.2627075236591841e-10,1.9684578752091803e-11,4.3861015292890339e-10,1.8869017786230184e-10
-6.5109306683322927e+00,6.5551524431476042e-10,3.3101079052166401e-11,4.6812228782254930e-10,1.9029398723372606e-10
-6.5009369144284825e+00,6.8594506915610130e-10,4.6406129065199041e-11,4.9957026645407382e-10,1.9206534277957484e-10
-6.4909431605246724e+00,7.1768571078685654e-10,5.9545395613076596e-11,5.3307764441725957e-10,1.9397368972992013e-10
-6.4809494066208622e+00,7.5087331335586210e-10,7.2465235279088068e-11,5.6877563335035119e-10,1.9598667145355327e-10
-6.4709556527170520e+00,7.8565550849300649e-10,8.5112790425303687e-11,6.0680356027378701e-10,1.9807121566697173e-10
-6.4609618988132418e+00,8.2219082201311831e-10,9.7436134286865622e-11,6.4730935352444000e-10,2.0019322737176874e-10
-6.4509681449094316e+00,8.6065045327346973e-10,1.0938499761708620e-10,6.9045005676653753e-10,2.0231967940565468e-10
-6.4409743910056214e+00,9.0121785955512158e-10,1.2091020941285371e-10,7.3639237263817282e-10,2.0441800282183902e-10
-6.4309806371018112e+00,9.4408982732259778e-10,1.3196406338656730e-10,7.8531323767506652e-10,2.0645706441193648e-10
-6.4209868831980010e+00,9.8947673286015367e-10,1.4250088462880954e-10,8.3740043024012482e-10,2.0840754290229486e-10
-6.4109931292941909e+00,1.0376028007992398e-09,1.5247676999157603e-10,8.9285321327864958e-10,2.1024178574785027e-10
-6.4009993753903807e+00,1.0887074349251390e-09,1.6185000307864841e-10,9.5188301381486371e-10,2.1193476757889548e-10
-6.3910056214865705e+00,1.1430448552245467e-09,1.7058167797389958e-10,1.0147141412060218e-09,2.1346400404024936e-10
-6.3810118675827612e+00,1.2008858631373701e-09,1.7863537401169630e-10,1.0815845462760983e-09,2.1481015118735005e-10
-6.3710181136789510e+00,1.2625177186266733e-09,1.8597702742795092e-10,1.1527466235618466e-09,2.1595635680078516e-10
-6.3610243597751408e+00,1.3282451666488573e-09,1.9257573987472437e-10,1.2284680590203942e-09,2.1688911174837571e-10
-6.3510306058713306e+00,1.3983910303101543e-09,1.9840321330788414e-10,1.3090327256697163e-09,2.1759766004970528e-10
-6.3410368519675204e+00,1.4732970117415556e-09,2.0343457049860853e-10,1.3947416297614261e-09,2.1807469479973454e-10
-6.3310430980637102e+00,1.5533245559192908e-09,2.0764817591757779e-10,1.4859139102196311e-09,2.1831619297601905e-10
-6.3210493441599001e+00,1.6388560695188110e-09,2.1102583983644230e-10,1.5828878942207666e-09,2.1832164740324864e-10
-6.3110555902560899e+00,1.7302954673824124e-09,2.1355249900578256e-10,1.6860222119369977e-09,2.1809353722508537e-10
-6.3010618363522797e+00,1.8280692116567705e-09,2.1521650885504500e-10,1.7956969736209251e-09,2.1763755989994718e-10
-6.2910680824484695e+00,1.9326272490753458e-09,2.1600975414645955e-10,1.9123150123718442e-09,2.1696267155046043e-10
-6.2810743285446593e+00,2.0444440847878877e-09,2.1592746978942127e-10,2.0363031960941953e-09,2.1608087902076046e-10
-6.2710805746408491e+00,2.1640203552982381e-09,2.1496873003305322e-10,2.1681138123375302e-09,2.1500770051920522e-10
-6.2610868207370389e+00,2.2918838023380849e-09,2.1313628398693577e-10,2.3082260298944525e-09,2.1376188610990463e-10
-6.2510930668332296e+00,2.4285907042997990e-09,2.1043621399521274e-10,2.4571474412290470e-09,2.1236498624934677e-10
-6.2410993129294194e+00,2.5747274508641885e-09,2.0687799105444355e-10,2.6154156900141163e-09,2.1084125779326053e-10
-6.2311055590256093e+00,2.7309117316317181e-09,2.0247480089543881e-10,2.7836001882704001e-09,2.0921787318633622e-10
-6.2211118051217991e+00,2.8977947231521162e-09,1.9724299484835958e-10,2.9623039278268794e-09,2.0752406247112767e-10
-6.2111180512179889e+00,3.0760621775998461e-09,1.9120243063090080e-10,3.1521653910570212e-09,2.0579132289208112e-10
-6.2011242973141787e+00,3.2664368658311578e-09,1.8437641926319855e-10,3.3538605660934875e-09,2.0405285429975349e-10
-6.1911305434103685e+00,3.4696803078042994e-09,1.7679145120573585e-10,3.5681050719822310e-09,2.0234290554133970e-10
-6.1811367895065583e+00,3.6865947395723826e-09,1.6847682796039022e-10,3.7956563995084316e-09,2.0069600700462708e-10
-6.1711430356027481e+00,3.9180254234524768e-09,1.5946487131155805e-10,4.0373162737099427e-09,1.9914655944193695e-10
-6.1611492816989379e+00,4.1648623087826401e-09,1.4979075219906637e-10,4.2939331443909814e-09,1.9772847556433938e-10
-6.1511555277951278e+00,4.4280438578933775e-09,1.3949235555414731e-10,4.5664048112593138e-09,1.9647358772714323e-10
-6.1411617738913176e+00,4.7085578742864544e-09,1.2861047444300054e-10,4.8556811906350489e-09,1.9541219089366537e-10
-6.1311680199875074e+00,5.0074461418694016e-09,1.1718813906350227e-10,5.1627672310193895e-09,1.9457055448321371e-10
-6.1211742660836981e+00,5.3258060335349718e-09,1.0527073267839731e-10,5.4887259851664868e-09,1.9397122930543531e-10
-6.1111805121798879e+00,5.6647939637336047e-09,9.2905400791564515e-11,5.8346818466743883e-09,1.9363188339305753e-10
-6.1011867582760777e+00,6.0256287734915195e-09,8.0141389338731845e-11,6.2018239594982850e-09,1.9356493963809895e-10
-6.0911930043722675e+00,6.4095951959297709e-09,6.7029777585176769e-11,6.5914098091973534e-09,1.9377704890094403e-10
-6.0811992504684573e+00,6.8180470347230167e-09,5.3623158845855448e-11,7.0047690051496134e-09,1.9426923947089182e-10
-6.0712054965646471e+00,7.2524120603111529e-09,3.9975563658102729e-11,7.4433072634144794e-09,1.9503595631996494e-10
-6.0612117426608370e+00,7.7141950057227644e-09,2.6141724212653724e-11,7.9085106003852819e-09,1.9606616249077308e-10
-6.0512179887570268e+00,8.2049826170288785e-09,1.2177522039159617e-11,8.4019497478601378e-09,1.9734321034915952e-10
-6.0412242348532166e+00,8.7264475671336479e-09,-1.8608074774888594e-12,8.9252848006642313e-09,1.9884594047293007e-10
-6.0312304809494064e+00,9.2803539646670824e-09,-1.5916516441111135e-11,9.4802701084869422e-09,2.0054874732947847e-10
-6.0212367270455962e+00,9.8685615852682026e-09,-2.9932579703629908e-11,1.0068759424148307e-08,2.0242315583939133e-10
-6.0112429731417860e+00,1.0493032245108303e-08,-4.3852037216699984e-11,1.0692711321086679e-08,2.0443760552215655e-10
-6.0012492192379758e+00,1.1155834944722462e-08,-5.7618037926793400e-11,1.1354194893460965e-08,2.0655872665679064e-10
-5.9912554653341665e+00,1.1859151909454108e-08,-7.1174730424018005e-11,1.2055395752890097e-08,2.0875221756297730e-10
-5.9812617114303563e+00,1.2605285222804497e-08,-8.4466716739204485e-11,1.2798622336507014e-08,2.1098309356799411e-10
-5.9712679575265462e+00,1.3396662495517274e-08,-9.7439782382012239e-11,1.3586312541690196e-08,2.1321738016410705e-10
-5.9612742036227360e+00,1.4235845459412624e-08,-1.1004098540220138e-10,1.4421040703548911e-08,2.1542120814577755e-10
-5.9512804497189258e+00,1.5125536155914807e-08,-1.2221823934573450e-10,1.5305524931984342e-08,2.1756207743947540e-10
-5.9412866958151156e+00,1.6068585590862669e-08,-1.3392180820475243e-10,1.6242634825924560e-08,2.1960916861201386e-10
-5.9312929419113054e+00,1.7068000849411986e-08,-1.4510348617077734e-10,1.7235399583143548e-08,2.2153410065685926e-10
-5.9212991880074952e+00,1.8126954766268941e-08,-1.5571741153915378e-10,1.8287016524917013e-08,2.2331072262201831e-10
-5.9113054341036850e+00,1.9248794023544257e-08,-1.6571968973384780e-10,1.9400860055652028e-08,2.2491574797351237e-10
-5.9013116801998748e+00,2.0437049448234492e-08,-1.7506929179083717e-10,2.0580491078542328e-08,2.2632887185137330e-10
-5.8913179262960647e+00,2.1695445396903380e-08,-1.8372714224173496e-10,2.1829666889261633e-08,2.2753257306854189e-10
-5.8813241723922545e+00,2.3027910856028325e-08,-1.9165710681986431e-10,2.3152351570702501e-08,2.2851244618878086e-10
-5.8713304184884443e+00,2.4438590424374700e-08,-1.9882598785727832e-10,2.4552726912808738e-08,2.2925730400464029e-10
-5.8613366645846350e+00,2.5931855118293333e-08,-2.0520376723185302e-10,2.6035203882631118e-08,2.2975977275470037e-10
-5.8513429106808248e+00,2.7512315720680162e-08,-2.1076334302015284e-10,2.7604434670866366e-08,2.3001540762400889e-10
-5.8413491567770146e+00,2.9184834735255118e-08,-2.1548109563512352e-10,2.9265325342309058e-08,2.3002356487982943e-10
-5.8313554028732044e+00,3.0954540159778499e-08,-2.1933628805526530e-10,3.1023049118874448e-08,2.2978660695147751e-10
-5.8213616489693942e+00,3.2826839719626829e-08,-2.2231187482648978e-10,3.2883060325120127e-08,2.2931054526755176e-10
-5.8113678950655840e+00,3.4807435750990136e-08,-2.2439430066868289e-10,3.4851109027520151e-08,2.2860480584505298e-10
-5.8013741411617739e+00,3.6902340010607365e-08,-2.2557358885199133e-10,3.6933256400125374e-08,2.2768238212122712e-10
-5.7913803872579637e+00,3.9117890678599603e-08,-2.2584365590136255e-10,3.9135890850677815e-08,2.2655984442468676e-10
-5.7813866333541535e+00,4.1460769113082861e-08,-2.2520170731435463e-10,4.1465744942743078e-08,2.2525667106238550e-10
-5.7713928794503433e+00,4.3938017926320996e-08,-2.2364888551888631e-10,4.3929913150972796e-08,2.2379569114995202e-10
-5.7613991255465331e+00,4.6557059833500154e-08,-2.2118956907774871e-10,4.6535870488231550e-08,2.2220219130717920e-10
-5.7514053716427229e+00,4.9325717570374702e-08,-2.1783197173670349e-10,4.9291492044998492e-08,2.2050431854722843e-10
-5.7414116177389136e+00,5.2252234516301626e-08,-2.1358825565993014e-10,5.2205073483199021e-08,2.1873295590549844e-10
-5.7314178638351034e+00,5.5345295957608931e-08,-2.0847398550493263e-10,5.5285352528448968e-08,2.1692076279546498e-10
-5.7214241099312932e+00,5.8614052726348157e-08,-2.0250844258172172e-10,5.8541531506561194e-08,2.1510229342399770e-10
-5.7114303560274831e+00,6.2068143935995507e-08,-1.9571414911446140e-10,6.1983300972152243e-08,2.1331281414229900e-10
-5.7014366021236729e+00,6.5717723227971183e-08,-1.8811694758048826e-10,6.5620864479199915e-08,2.1158828696441512e-10
-5.6914428482198627e+00,6.9573484124415898e-08,-1.7974625491262728e-10,6.9464964545540102e-08,2.0996479503596617e-10
-5.6814490943160525e+00,7.3646687896236298e-08,-1.7063470218357288e-10,7.3526909865476039e-08,2.0847776438287630e-10
-5.6714553404122423e+00,7.7949191518669266e-08,-1.6081795865046256e-10,7.7818603826969654e-08,2.0716071308994574e-10
-5.6614615865084321e+00,8.2493478820451369e-08,-1.5033483106498185e-10,8.2352574392246068e-08,2.0604518756622154e-10
-5.6514678326046219e+00,8.7292690720279205e-08,-1.3922665837026617e-10,8.7142005403115690e-08,2.0515878535812142e-10
-5.6414740787008117e+00,9.2360659265247397e-08,-1.2753729275231060e-10,9.2200769374862334e-08,2.0452515270727991e-10
-5.6314803247970016e+00,9.7711941540497752e-08,-1.1531290181992658e-10,9.7543461845210827e-08,2.0416285913482625e-10
-5.6214865708931914e+00,1.0336185652207428e-07,-1.0260216335196305e-10,1.0318543734763212e-07,2.0408559242473742e-10
-5.6114928169893821e+00,1.0932652191806058e-07,-8.9455845603671260e-11,1.0914284708110183e-07,2.0430074411145059e-10
-5.6014990630855719e+00,1.1562289422226739e-07,-7.5926226359572461e-11,1.1543267835139712e-07,2.0480934885922660e-10
-5.5915053091817617e+00,1.2226881034768746e-07,-6.2067547883564123e-11,1.2207279586207173e-07,2.0560656378499946e-10
-5.5815115552779515e+00,1.2928303044893062e-07,-4.7935095742053708e-11,1.2908198493646259e-07,2.0668108642866321e-10
-5.5715178013741413e+00,1.3668528394354354e-07,-3.3585224189711463e-11,1.3647999675535439e-07,2.0801633810468130e-10
-5.5615240474703311e+00,1.4449631637695434e-07,-1.9075619356783353e-11,1.4428759569837619e-07,2.0959055541690579e-10
-5.5515302935665209e+00,1.5273793902337283e-07,-4.4645545688092832e-12,1.5252660888073661e-07,2.1137729640182624e-10
-5.5415365396627108e+00,1.6143308098273513e-07,1.0189192296475740e-11,1.6121997798059332e-07,2.1334645336050522e-10
-5.5315427857589006e+00,1.7060584337685883e-07,2.4826532636931703e-11,1.7039181345614918e-07,2.1546499409823351e-10
-5.5215490318550904e+00,1.8028155579752120e-07,3.9388434448597643e-11,1.8006745125552442e-07,2.1769750497413237e-10
-5.5115552779512802e+00,1.9048683627661255e-07,5.3816492067034606e-11,1.9027351212653706e-07,2.2000774491783078e-10
-5.5015615240474700e+00,2.0124965287542754e-07,6.8052269247763572e-11,2.0103796363774739e-07,2.2235881970224650e-10
-5.4915677701436598e+00,2.1259938885974494e-07,8.2038155137455093e-11,2.1239018502651811e-07,2.2471426909557381e-10
-5.4815740162398505e+00,2.2456691011228464e-07,9.5717397806577324e-11,2.2436103499435847e-07,2.2703828845368012e-10
-5.4715802623360403e+00,2.3718463641708529e-07,1.0903428872864560e-10,2.3698292257453533e-07,2.2929664279014092e-10
-5.4615865084322301e+00,2.5048661492936086e-07,1.2193465191731785e-10,2.5028988120175419e-07,2.3145673227671150e-10
-5.4515927545284200e+00,2.6450859831034517e-07,1.3436588948497493e-10,2.6431764611878246e-07,2.3348861154174255e-10
-5.4415990006246098e+00,2.7928812540477961e-07,1.4627722536039389e-10,2.7910373526004092e-07,2.3536514639150093e-10
-5.4316052467207996e+00,2.9486460535955523e-07,1.5761949666401695e-10,2.9468753375758224e-07,2.3706171760513466e-10
-5.4216114928169894e+00,3.1127940561228531e-07,1.6834600576391663e-10,3.1111038222043058e-07,2.3855666968404901e-10
-5.4116177389131792e+00,3.2857594462390700e-07,1.7841207126662148e-10,3.2841566894398517e-07,2.3983152575933666e-10
-5.4016239850093690e+00,3.4679978731708554e-07,1.8777591886482775e-10,3.4664892621214535e-07,2.4087106237426373e-10
-5.3916302311055588e+00,3.6599874632485860e-07,1.9639862292043551e-10,3.6585793086091971e-07,2.4166384497762186e-10
-5.3816364772017486e+00,3.8622298652471320e-07,2.0424413499410719e-10,3.8609280927864844e-07,2.4220194481567715e-10
-5.3716427232979385e+00,4.0752513438772422e-07,2.1127926675498821e-10,4.0740614702448314e-07,2.4248076453935911e-10
-5.3616489693941283e+00,4.2996039246302517e-07,2.1747427186418455e-10,4.2985310325354892e-07,2.4249955338700548e-10
-5.3516552154903190e+00,4.5358665837302619e-07,2.2280245976705963e-10,4.5349153014417428e-07,2.4226084290027774e-10
-5.3416614615865088e+00,4.7846464930309606e-07,2.2724070822182617e-10,4.7838209752980271e-07,2.4177083105088350e-10
-5.3316677076826986e+00,5.0465803202202331e-07,2.3076975939536467e-10,5.0458842294557754e-07,2.4103963444841824e-10
-5.3216739537788884e+00,5.3223355847262505e-07,2.3337410876238508e-10,5.3217720730736049e-07,2.4008108727534358e-10
-5.3116801998750782e+00,5.6126120723559048e-07,2.3504147111714938e-10,5.6121837644875814e-07,2.3891205378881899e-10
-5.3016864459712680e+00,5.9181432986339094e-07,2.3576352427911945e-10,5.9178522874995554e-07,2.3755276084207210e-10
-5.2916926920674578e+00,6.2396980599441120e-07,2.3553584652648468e-10,6.2395458910057118e-07,2.3602688164081270e-10
-5.2816989381636477e+00,6.5780820243098611e-07,2.3435747121104464e-10,6.5780696944739375e-07,2.3436071462805931e-10
-5.2717051842598375e+00,6.9341394106121217e-07,2.3223184155035697e-10,6.9342673618685790e-07,2.3258405678412292e-10
-5.2617114303560273e+00,7.3087547318825332e-07,2.2916616758818333e-10,7.3090228467131404e-07,2.3072925256882998e-10
-5.2517176764522171e+00,7.7028546098318825e-07,2.2517138055075578e-10,7.7032622110763681e-07,2.2883080728825785e-10
-5.2417239225484069e+00,8.1174096689478586e-07,2.2026199743648998e-10,8.1179555213655279e-07,2.2692486891803381e-10
-5.2317301686445967e+00,8.5534365092971029e-07,2.1445638833428939e-10,8.5541188239110053e-07,2.2504904981100414e-10
-5.2217364147407874e+00,9.0119997655481332e-07,2.0777642643906056e-10,9.0128162034307363e-07,2.2324146466389455e-10
-5.2117426608369772e+00,9.4942142430111817e-07,2.0024754635426147e-10,9.4951619275694395e-07,2.2154038015789780e-10
-5.2017489069331670e+00,1.0001247158756408e-06,1.9189895388668947e-10,1.0002322680817803e-06,2.1998337561798978e-10
-5.1917551530293569e+00,1.0534320464550176e-06,1.8276294998260812e-10,1.0535519891230364e-06,2.1860589996113173e-10
-5.1817613991255467e+00,1.1094713259908543e-06,1.7287465517953852e-10,1.1096032153476906e-06,2.1744067892217976e-10
-5.1717676452217365e+00,1.1683764321048527e-06,1.6227264544133497e-10,1.1685197751882238e-06,2.1651709172458214e-10
-5.1617738913179263e+00,1.2302874720115647e-06,1.5099818462605613e-10,1.2304417287232521e-06,2.1586010483865917e-10
-5.1517801374141161e+00,1.2953510560152684e-06,1.3909517025581869e-10,1.2955156411252946e-06,2.1548950051179248e-10
-5.1417863835103059e+00,1.3637205821590472e-06,1.2661059647483088e-10,1.3638948672792078e-06,2.1541946580818357e-10
-5.1317926296064957e+00,1.4355565319530684e-06,1.1359387248975770e-10,1.4357398479881731e-06,2.1565791567602538e-10
-5.1217988757026855e+00,1.5110267789344886e-06,1.0009608355441206e-10,1.5112184181978963e-06,2.1620553467094518e-10
-5.1118051217988754e+00,1.5903069084473066e-06,8.6170786151527235e-11,1.5905061276838431e-06,2.1705692477359723e-10
-5.1018113678950652e+00,1.6735805512946154e-06,7.1873078139654414e-11,1.6737865746607594e-06,2.1820029046391779e-10
-5.0918176139912559e+00,1.7610397309547170e-06,5.7259842826341713e-11,1.7612517527887148e-06,2.1961773082406013e-10
-5.0818238600874457e+00,1.8528852240193232e-06,4.2389315516572891e-11,1.8531024120652147e-06,2.2128601706419290e-10
-5.0718301061836355e+00,1.9493269357482999e-06,2.7321386487849904e-11,1.9495484341084226e-06,2.2317701874669144e-10
-5.0618363522798253e+00,2.0505842898618069e-06,1.2116171472196052e-11,2.0508092223529842e-06,2.2525857852335986e-10
-5.0518425983760151e+00,2.1568866338641423e-06,-3.1654082218045901e-12,2.1571141076961134e-06,2.2749585499697216e-10
-5.0418488444722049e+00,2.2684736609067290e-06,-1.8461715959944181e-11,2.2687027701488026e-06,2.2985186481671528e-10
-5.0318550905683948e+00,2.3855958474830857e-06,-3.3711422454713887e-11,2.3858256770641775e-06,2.3228882097243384e-10
-5.0218613366645846e+00,2.5085149091769320e-06,-4.8852687459108451e-11,2.5087445385329809e-06,2.3476845237677060e-10
-5.0118675827607744e+00,2.6375042739865468e-06,-6.3823993902279219e-11,2.6377327805543514e-06,2.3725251047665269e-10
-5.0018738288569642e+00,2.7728495735062395e-06,-7.8564483114099143e-11,2.7730760366086420e-06,2.3970380630421273e-10
-4.9918800749531540e+00,2.9148491538571719e-06,-9.3014281482783609e-11,2.9150726582783617e-06,2.4208651935032707e-10
-4.9818863210493438e+00,3.0638146057192518e-06,-1.0711447076114463e-10,3.0640342455827022e-06,2.4436689518617011e-10
-4.9718925671455336e+00,3.2200713150913010e-06,-1.2080785761121706e-10,3.2202861977113350e-06,2.4651385124026804e-10
-4.9618988132417243e+00,3.3839590356187574e-06,-1.3403803677290171e-10,3.3841682848635411e-06,2.4849837372597277e-10
-4.9519050593379141e+00,3.5558324818701429e-06,-1.4675080614425911e-10,3.5560352419199237e-06,2.5029470008595257e-10
-4.9419113054341040e+00,3.7360619464794574e-06,-1.5889391981084256e-10,3.7362573846949945e-06,2.5187968128683850e-10
-4.9319175515302938e+00,3.9250339388699755e-06,-1.7041755485111399e-10,3.9252212495415857e-06,2.5323394460559905e-10
-4.9219237976264836e+00,4.1231518493597085e-06,-1.8127432850209605e-10,4.1233302570997254e-06,2.5434170690588412e-10
-4.9119300437226734e+00,4.3308366382890511e-06,-1.9141955749698481e-10,4.3310054010060310e-06,2.5519071620023085e-10
-4.9019362898188632e+00,4.5485275500150966e-06,-2.0081124825264365e-10,4.5486859624028640e-06,2.5577263736167322e-10
-4.8919425359150530e+00,4.7766828551498203e-06,-2.0941023675974147e-10,4.7768302511105542e-06,2.5608244082801081e-10
-4.8819487820112428e+00,5.0157806188410081e-06,-2.1718032291434305e-10,5.0159163743502735e-06,2.5611882195007949e-10
-4.8719550281074326e+00,5.2663194982744405e-06,-2.2408916655891213e-10,5.2664430339301233e-06,2.5588476467749834e-10
-4.8619612742036225e+00,5.5288195693218578e-06,-2.3010735127945291e-10,5.5289303528324925e-06,2.5538672506885914e-10
-4.8519675202998123e+00,5.8038231837221627e-06,-2.3520933742567829e-10,5.8039207321665342e-06,2.5463529097814451e-10
-4.8419737663960021e+00,6.0918958575431681e-06,-2.3937305497033010e-10,6.0919797394761475e-06,2.5364470845294768e-10
-4.8319800124921928e+00,6.3936271920696410e-06,-2.4258001382727954e-10,6.3936970294207242e-06,2.5243280039402572e-10
-4.8219862585883826e+00,6.7096318285507204e-06,-2.4481539103504027e-10,6.7096872978736267e-06,2.5102075904458323e-10
-4.8119925046845724e+00,7.0405504360655444e-06,-2.4606862737681264e-10,7.0405912705107235e-06,2.4943380142271690e-10
-4.8019987507807622e+00,7.3870507370884153e-06,-2.4633287414514937e-10,7.3870767269906885e-06,2.4770014110771172e-10
-4.7920049968769520e+00,7.7498285670425760e-06,-2.4560530958457081e-10,7.7498395618568727e-06,2.4585128439272238e-10
-4.7820112429731418e+00,8.1296089744270746e-06,-2.4388725330634020e-10,8.1296048833207130e-06,2.4392156418933747e-10
-4.7720174890693317e+00,8.5271473584570777e-06,-2.4118354759812898e-10,8.5271281511161564e-06,2.4194715451372360e-10
-4.7620237351655215e+00,8.9432306479424369e-06,-2.3750292224195418e-10,8.9431963546455749e-06,2.3996597317771947e-10
-4.7520299812617113e+00,9.3786785210087007e-06,-2.3285826148392858e-10,9.3786292326680443e-06,2.3801745832181735e-10
-4.7420362273579011e+00,9.8343446675655482e-06,-2.2726670180176808e-10,9.8342805358130375e-06,2.3614198150253047e-10
-4.7320424734540909e+00,1.0311118096307674e-05,-2.2074845507194314e-10,1.0311039333233932e-05,2.3437897133055774e-10
-4.7220487195502807e+00,1.0809924487297264e-05,-2.1332840360408097e-10,1.0809831364748754e-05,2.3276773149460301e-10
-4.7120549656464705e+00,1.1331727591112412e-05,-2.0503452612738003e-10,1.1331620439848111e-05,2.3134508930547194e-10
-4.7020612117426612e+00,1.1877530676812838e-05,-1.9589837131379121e-10,1.1877409884983879e-05,2.3014525375647119e-10
-4.6920674578388510e+00,1.2448378028734416e-05,-1.8595511330060406e-10,1.2448244040586382e-05,2.2919888301676848e-10
-4.6820737039350409e+00,1.3045356495256734e-05,-1.7524352705110537e-10,1.3045209809291073e-05,2.2853241847746080e-10
-4.6720799500312307e+00,1.3669597089017647e-05,-1.6380553351588592e-10,1.3669438256892374e-05,2.2816637970820920e-10
-4.6620861961274205e+00,1.4322276644107688e-05,-1.5168602074054086e-10,1.4322106267575547e-05,2.2811578549572740e-10
-4.6520924422236103e+00,1.5004619525319352e-05,-1.3893292393167076e-10,1.5004438255014555e-05,2.2838844268773817e-10
-4.6420986883198001e+00,1.5717899398779461e-05,-1.2559625386498663e-10,1.5717707930959228e-05,2.2898546934174607e-10
-4.6321049344159899e+00,1.6463441058907975e-05,-1.1172880414723297e-10,1.6463240132971723e-05,2.2990119080801536e-10
-4.6221111805121797e+00,1.7242622317644335e-05,-9.7385549195779067e-11,1.7242412713009129e-05,2.3112344816590666e-10
-4.6121174266083695e+00,1.8056875955154916e-05,-8.2623727527580455e-11,1.8056658488586078e-05,2.3263359368889662e-10
-4.6021236727045594e+00,1.8907691736150768e-05,-6.7502039192496787e-11,1.8907467258289234e-05,2.3440741373551679e-10
-4.5921299188007492e+00,1.9796618491125246e-05,-5.2081331177529673e-11,1.9796387883452684e-05,2.3641565874905150e-10
-4.5821361648969390e+00,2.0725266266656553e-05,-3.6422621506808595e-11,2.0725030437842350e-05,2.3862488756604412e-10
-4.5721424109931297e+00,2.1695308545217792e-05,-2.0588605175962118e-11,2.1695068427235166e-05,2.4099903784775376e-10
-4.5621486570893195e+00,2.2708484536006624e-05,-4.6428268236980909e-12,2.2708241080818564e-05,2.4349945468998500e-10
-4.5521549031855093e+00,2.3766601540845824e-05,1.1350518666951922e-11,2.3766355716373067e-05,2.4608637849378587e-10
-4.5421611492816991e+00,2.4871537394540126e-05,2.7327265896055666e-11,2.4871290181242512e-05,2.4871910658033434e-10
-4.5321673953778889e+00,2.6025242983982557e-05,4.3222895977350242e-11,2.6024995371133841e-05,2.5135700027229992e-10
-4.5221736414740787e+00,2.7229744847052918e-05,5.8973343539141720e-11,2.7229497828828687e-05,2.5396034798878363e-10
-4.5121798875702686e+00,2.8487147853737700e-05,7.4515622782873599e-11,2.8486902424928829e-05,2.5649147795328037e-10
-4.5021861336664584e+00,2.9799637970439386e-05,8.9786679330813835e-11,2.9799395122797640e-05,2.5891431958607432e-10
-4.4921923797626482e+00,3.1169485111466025e-05,1.0472475062788374e-10,3.1169245829899093e-05,2.6119521754328640e-10
-4.4821986258588380e+00,3.2599046079348281e-05,1.1926930997395598e-10,3.2598811337776072e-05,2.6330357769089671e-10
-4.4722048719550278e+00,3.4090767595584114e-05,1.3336101098729237e-10,3.4090538352950253e-05,2.6521188591630051e-10
-4.4622111180512176e+00,3.5647189424324153e-05,1.4694251275439494e-10,3.5646966621065089e-05,2.6689584917024897e-10
-4.4522173641474074e+00,3.7270947592846313e-05,1.5995851345297873e-10,3.7270732146633780e-05,2.6833523160589281e-10
-4.4422236102435981e+00,3.8964777708850507e-05,1.7235564061123025e-10,3.8964570510793462e-05,2.6951345364126270e-10
-4.4322298563397879e+00,4.0731518378555325e-05,1.8408261553299612e-10,4.0731320289508843e-05,2.7041760238089515e-10
-4.4222361024359778e+00,4.2574114727667907e-05,1.9509085534847318e-10,4.2573926574701989e-05,2.7103870650585061e-10
-4.4122423485321676e+00,4.4495622027884801e-05,2.0533441020840955e-10,4.4495444600833993e-05,2.7137166096315501e-10
-4.4022485946283574e+00,4.6499209431110505e-05,2.1477049238408216e-10,4.6499043479492816e-05,2.7141537136363483e-10
-4.3922548407245472e+00,4.8588163814914524e-05,2.2335963757371010e-10,4.8588010044588103e-05,2.7117308307570027e-10
-4.3822610868207370e+00,5.0765893741005289e-05,2.3106548289766025e-10,5.0765752810788112e-05,2.7065214482806956e-10
-4.3722673329169268e+00,5.3035933528737382e-05,2.3785515777535336e-10,5.3035806047872562e-05,2.6986375632071887e-10
-4.3622735790131166e+00,5.5401947448222748e-05,2.4369936955605980e-10,5.5401833973714089e-05,2.6882307720404715e-10
-4.3522798251093064e+00,5.7867734034630516e-05,2.4857249265471771e-10,5.7867635068635517e-05,2.6754915860596265e-10
-4.3422860712054963e+00,6.0437230526242292e-05,2.5245284856493177e-10,6.0437146513928618e-05,2.6606485975664000e-10
-4.3322923173016861e+00,6.3114517429577110e-05,2.5532311352237814e-10,6.3114448757353766e-05,2.6439698666545718e-10
-4.3222985633978768e+00,6.5903823215426310e-05,2.5716975457906732e-10,6.5903770208476881e-05,2.6257574023137781e-10
-4.3123048094940666e+00,6.8809529145597183e-05,2.5798303529455855e-10,6.8809492066733495e-05,2.6063401280761652e-10
-4.3023110555902564e+00,7.1836174236585739e-05,2.5775785834146578e-10,7.1836153285139364e-05,2.5860795935542143e-10
-4.2923173016864462e+00,7.4988460361812169e-05,2.5649284830430114e-10,7.4988455672608324e-05,2.5653570875018396e-10
-4.2823235477826360e+00,7.8271257495271819e-05,2.5419110603515924e-10,7.8271269137859660e-05,2.5445759615111142e-10
-4.2723297938788258e+00,8.1689609099201615e-05,2.5086013840419272e-10,8.1689637077933969e-05,2.5241556708003295e-10
-4.2623360399750156e+00,8.5248737661136961e-05,2.4651174821074004e-10,8.5248781914362828e-05,2.5045237073249853e-10
-4.2523422860712055e+00,8.8954050379638587e-05,2.4116153655485712e-10,8.8954110780068010e-05,2.4861033483732839e-10
-4.2423485321673953e+00,9.2811145005135100e-05,2.3482925279236764e-10,9.2811221360090024e-05,2.4693087516252105e-10
-4.2323547782635851e+00,9.6825815837093515e-05,2.2753859939033045e-10,9.6825907889272613e-05,2.4545349435121657e-10
-4.2223610243597749e+00,1.0100405988192888e-04,2.1931727429393350e-10,1.0100416731005483e-04,2.4421480104453861e-10
-4.2123672704559647e+00,1.0535208317322551e-04,2.1019643796828128e-10,1.0535220559354221e-04,2.4324735656183840e-10
-4.2023735165521545e+00,1.0987630726013032e-04,2.0021172851656006e-10,1.0987644422705170e-04,2.4257921136763576e-10
-4.1923797626483452e+00,1.1458337586346958e-04,1.8940155120033902e-10,1.1458352687134172e-04,2.4223196536716486e-10
-4.1823860087445350e+00,1.1948016170590722e-04,1.7780750066347150e-10,1.1948032619076144e-04,2.4222050813073871e-10
-4.1723922548407248e+00,1.2457377351775666e-04,1.6547484821998523e-10,1.2457395085955749e-04,2.4255316884222483e-10
-4.1623985009369147e+00,1.2987156322290561e-04,1.5245130729847948e-10,1.2987175274760575e-04,2.4323037034367037e-10
-4.1524047470331045e+00,1.3538113330632224e-04,1.3878770234573758e-10,1.3538133428883146e-04,2.4424576831039895e-10
-4.1424109931292943e+00,1.4111034436909553e-04,1.2453795886392541e-10,1.4111055603560215e-04,2.4558585712642433e-10
-4.1324172392254841e+00,1.4706732287159816e-04,1.0975836685106922e-10,1.4706754440237533e-04,2.4723022535612545e-10
-4.1224234853216739e+00,1.5326046906948636e-04,9.4506730630698364e-11,1.5326069960189717e-04,2.4915199090252093e-10
-4.1124297314178637e+00,1.5969846514492513e-04,7.8843570693341641e-11,1.5969870377723853e-04,2.5131989503047578e-10
-4.1024359775140535e+00,1.6639028353871978e-04,6.2830757161332811e-11,1.6639052933296704e-04,2.5369768629552282e-10
-4.0924422236102433e+00,1.7334519548261806e-04,4.6531900918132460e-11,1.7334544746873859e-04,2.5624641020240050e-10
-4.0824484697064332e+00,1.8057277973933483e-04,3.0012118878557656e-11,1.8057303691859745e-04,2.5892450714078771e-10
-4.0724547158026230e+00,1.8808293155042516e-04,1.3337694108341534e-11,1.8808319289924917e-04,2.6168894110408494e-10
-4.0624609618988137e+00,1.9588587179645119e-04,-3.4247580493100907e-12,1.9588613627057980e-04,2.6449630180637440e-10
-4.0524672079950035e+00,2.0399215637311618e-04,-2.0208191206288941e-11,2.0399242291166056e-04,2.6730351032727506e-10
-4.0424734540911933e+00,2.1241268578542629e-04,-3.6944732554933290e-11,2.1241295331546063e-04,2.7006894034208485e-10
-4.0324797001873831e+00,2.2115871496467630e-04,-5.3567222956885183e-11,2.2115898240548912e-04,2.7275270069868808e-10
-4.0224859462835729e+00,2.3024186330978131e-04,-7.0007912109163991e-11,2.3024212957753134e-04,2.7531731232746249e-10
-4.0124921923797627e+00,2.3967412495770905e-04,-8.6200060429159325e-11,2.3967438896963978e-04,2.7772783436922355e-10
-4.0024984384759525e+00,2.4946787928477554e-04,-1.0207738320111787e-10,2.4946813996349379e-04,2.7995211431434928e-10
-3.9925046845721424e+00,2.5963590164198674e-04,-1.1757505778302096e-10,2.5963615792021097e-04,2.8196173929484618e-10
-3.9825109306683322e+00,2.7019137432891203e-04,-1.3262982118139198e-10,2.7019162515365007e-04,2.8373177241897042e-10
-3.9725171767645220e+00,2.8114789780705319e-04,-1.4717967387097974e-10,2.8114814214420157e-04,2.8524112340753343e-10
-3.9625234228607122e+00,2.9251950215739047e-04,-1.6116473727670420e-10,2.9251973899601248e-04,2.8647269576237091e-10
-3.9525296689569021e+00,3.0432065878450184e-04,-1.7452714018315009e-10,3.0432088714053824e-04,2.8741294684987232e-10
-3.9425359150530919e+00,3.1656629236864243e-04,-1.8721140162056412e-10,3.1656651128925296e-04,2.8805267333209708e-10
-3.9325421611492817e+00,3.2927179307110896e-04,-1.9916516209823399e-10,3.2927200163829467e-04,2.8838694968630130e-10
-3.9225484072454715e+00,3.4245302899298927e-04,-2.1033896182415766e-10,3.4245322632774571e-04,2.8841547282126394e-10
-3.9125546533416613e+00,3.5612635889221967e-04,-2.2068596514150879e-10,3.5612654415818093e-04,2.8814192963429788e-10
-3.9025608994378516e+00,3.7030864515994979e-04,-2.3016315052861239e-10,3.7030881756703688e-04,2.8757482424459908e-10
-3.8925671455340414e+00,3.8501726705954465e-04,-2.3873035885239651e-10,3.8501742586727236e-04,2.8672648747249632e-10
-3.8825733916302312e+00,4.0027013423047259e-04,-2.4635096125725934e-10,4.0027027875070290e-04,2.8561318786288164e-10
-3.8725796377264210e+00,4.1608570045844966e-04,-2.5299256416075550e-10,4.1608583005829690e-04,2.8425579664251356e-10
-3.8625858838226108e+00,4.3248297771452413e-04,-2.5862666653051316e-10,4.3248309181962650e-04,2.8267954830248312e-10
-3.8525921299188006e+00,4.4948155046703892e-04,-2.6322845363509944e-10,4.4948164856355302e-04,2.8091305573141287e-10
-3.8425983760149904e+00,4.6710159026488237e-04,-2.6677751285462351e-10,4.6710167190212214e-04,2.7898903254941811e-10
-3.8326046221111807e+00,4.8536387059717665e-04,-2.6925716255959183e-10,4.8536393538952576e-04,2.7694307735177118e-10
-3.8226108682073705e+00,5.0428978202955038e-04,-2.7065502063942232e-10,5.0428982965786899e-04,2.7481374952981003e-10
-3.8126171143035603e+00,5.2390134761815259e-04,-2.7096338471859372e-10,5.2390137783133134e-04,2.7264260860723438e-10
-3.8026233603997501e+00,5.4422123860360368e-04,-2.7017885210990286e-10,5.4422125122021413e-04,2.7047327222223828e-10
-3.7926296064959399e+00,5.6527279038699188e-04,-2.6830218723009145e-10,5.6527278529617891e-04,2.6835047987502276e-10
-3.7826358525921298e+00,5.8708001878729162e-04,-2.6533888298617848e-10,5.8707999594987130e-04,2.6631986518349894e-10
-3.7726420986883200e+00,6.0966763658310539e-04,-2.6129805663752028e-10,6.0966759603193999e-04,2.6442592803606710e-10
-3.7626483447845098e+00,6.3306107033814696e-04,-2.5619341156445270e-10,6.3306101217832581e-04,2.6271206467239694e-10
-3.7526545908806996e+00,6.5728647751196235e-04,-2.5004285947804409e-10,6.5728640192049231e-04,2.6121926023726023e-10
-3.7426608369768894e+00,6.8237076385538917e-04,-2.4286899807891490e-10,6.8237067108113528e-04,2.5998540807382291e-10
-3.7326670830730793e+00,7.0834160109305166e-04,-2.3469834617971010e-10,7.0834149145568011e-04,2.5904375487764127e-10
-3.7226733291692691e+00,7.3522744489038525e-04,-2.2556133581752829e-10,7.3522731877973012e-04,2.5842177452962733e-10
-3.7126795752654589e+00,7.6305755310760197e-04,-2.1549292270040248e-10,7.6305741098238054e-04,2.5814100468223529e-10
-3.7026858213616491e+00,7.9186200433928073e-04,-2.0453088169240709e-10,7.9186184672516333e-04,2.5821520398354393e-10
-3.6926920674578390e+00,8.2167171673862857e-04,-1.9271786471069651e-10,8.2167154422612331e-04,2.5865177333410496e-10
-3.6826983135540288e+00,8.5251846712579131e-04,-1.8009963121269189e-10,8.5251828036833328e-04,2.5944985120447038e-10
-3.6727045596502186e+00,8.8443491038040281e-04,-1.6672579639044789e-10,8.8443471009192691e-04,2.6060116032710687e-10
-3.6627108057464084e+00,9.1745459911640140e-04,-1.5264890717290366e-10,9.1745438606847824e-04,2.6208988233927205e-10
-3.6527170518425982e+00,9.5161200363706462e-04,-1.3792469458749103e-10,9.5161177865632214e-04,2.6389307657247702e-10
-3.6427232979387885e+00,9.8694253217013368e-04,-1.2261102747793302e-10,9.8694229613514265e-04,2.6598116672139668e-10
-3.6327295440349783e+00,1.0234825513809934e-03,-1.0676869417335262e-10,1.0234823052179341e-03,2.6832034182647060e-10
-3.6227357901311681e+00,1.0612694071584412e-03,-9.0461211113036788e-11,1.0612691518381001e-03,2.7087212345579718e-10
-3.6127420362273579e+00,1.1003414456753938e-03,-7.3753444324031747e-11,1.1003411822092626e-03,2.7359454103958937e-10
-3.6027482823235477e+00,1.1407380347188830e-03,-5.6712762144892764e-11,1.1407377641549979e-03,2.7644376156766549e-10
-3.5927545284197375e+00,1.1824995852862407e-03,-3.9407462969903717e-11,1.1824993087054642e-03,2.7937407552055344e-10
-3.5827607745159273e+00,1.2256675734465628e-03,-2.1907175102838308e-11,1.2256672919575629e-03,2.8234018729844745e-10
-3.5727670206121176e+00,1.2702845624599174e-03,-4.2820888707714028e-12,1.2702842771949671e-03,2.8529708756631878e-10
-3.5627732667083074e+00,1.3163942251538032e-03,1.3396282997832354e-11,1.3163939372640545e-03,2.8820126268573331e-10
-3.5527795128044972e+00,1.3640413665501944e-03,3.1056101456759452e-11,1.3640410772013979e-03,2.9101066550915425e-10
-3.5427857589006870e+00,1.4132719467405180e-03,4.8625837324777280e-11,1.4132716571082162e-03,2.9368578845372585e-10
-3.5327920049968768e+00,1.4641331040015707e-03,6.6034022786496185e-11,1.4641328152667544e-03,2.9618961201161976e-10
-3.5227982510930667e+00,1.5166731781488022e-03,8.3209954090902524e-11,1.5166728914932687e-03,2.9848834374660960e-10
-3.5128044971892569e+00,1.5709417341207943e-03,1.0008404752203694e-10,1.5709414507219046e-03,3.0055240344859885e-10
-3.5028107432854467e+00,1.6269895857874922e-03,1.1658744821885052e-10,1.6269893068134162e-03,3.0235602885884900e-10
-3.4928169893816365e+00,1.6848688199769355e-03,1.3265240327627742e-10,1.6848685465822152e-03,3.0387716789639424e-10
-3.4828232354778264e+00,1.7446328207141794e-03,1.4821322031548061e-10,1.7446325540349914e-03,3.0509825961929515e-10
-3.4728294815740162e+00,1.8063362936641947e-03,1.6320586310354657e-10,1.8063360348135982e-03,3.0600618472327456e-10
-3.4628357276702060e+00,1.8700352907710747e-03,1.7756824602279536e-10,1.8700350408346125e-03,3.0659210216262646e-10
-3.4528419737663958e+00,1.9357872350866656e-03,1.9124158436327129e-10,1.9357869951174909e-03,3.0685264935300946e-10
-3.4428482198625860e+00,2.0036509457788589e-03,2.0416840895882971e-10,2.0036507167928764e-03,3.0678872112106369e-10
-3.4328544659587759e+00,2.0736866633101533e-03,2.1629484396037610e-10,2.0736864462821444e-03,3.0640596623971383e-10
-3.4228607120549657e+00,2.1459560747794796e-03,2.2756927164089072e-10,2.1459558706388680e-03,3.0571418461078459e-10
-3.4128669581511555e+00,2.2205223394154393e-03,2.3794367653507190e-10,2.2205221490424103e-03,3.0472788412507305e-10
-3.4028732042473453e+00,2.2974501142117168e-03,2.4737399010720668e-10,2.2974499384334737e-03,3.0346644250266607e-10
-3.3928794503435351e+00,2.3768055796937518e-03,2.5581953807911340e-10,2.3768054192808375e-03,3.0195353803785395e-10
-3.3828856964397254e+00,2.4586564658058098e-03,2.6324367479683281e-10,2.4586563214682253e-03,3.0021753878901702e-10
-3.3728919425359152e+00,2.5430720779056658e-03,2.6961335638023276e-10,2.5430719502896508e-03,2.9829047791942433e-10
-3.3628981886321050e+00,2.6301233228552550e-03,2.7489987288473530e-10,2.6301232125410970e-03,2.9620795661715893e-10
-3.3529044347282948e+00,2.7198827351976184e-03,2.7907901510582089e-10,2.7198826426960369e-03,2.9400959040308075e-10
-3.3429106808244846e+00,2.8124245034012660e-03,2.8213082987459809e-10,2.8124244291516591e-03,2.9173756921258584e-10
-3.3329169269206744e+00,2.9078244961638893e-03,2.8404022412104393e-10,2.9078244405322329e-03,2.8943691905576978e-10
-3.3229231730168642e+00,3.0061602887594091e-03,2.8479681053782471e-10,3.0061602520355573e-03,2.8715477461695821e-10
-3.3129294191130545e+00,3.1075111894113671e-03,2.8439408326138421e-10,3.1075111718078664e-03,2.8493837549647308e-10
-3.3029356652092443e+00,3.2119582656808740e-03,2.8283095033750441e-10,3.2119582673321651e-03,2.8283577077706562e-10
-3.2929419113054341e+00,3.3195843708527456e-03,2.8011086912428304e-10,3.3195843918142347e-03,2.8089407794569258e-10
-3.2829481574016239e+00,3.4304741703026528e-03,2.7624187209614529e-10,3.4304742105503139e-03,2.7915846059852790e-10
-3.2729544034978137e+00,3.5447141678290363e-03,2.7123754918522217e-10,3.5447142272596647e-03,2.7767212261678966e-10
-3.2629606495940036e+00,3.6623927319341556e-03,2.6511584285326614e-10,3.6623928103648572e-03,2.7647384159410879e-10
-3.2529668956901938e+00,3.7836001220331954e-03,2.5789941915984466e-10,3.7836002192019676e-03,2.7559731618096415e-10
-3.2429731417863836e+00,3.9084285145756853e-03,2.4961522692573679e-10,3.9084286301424940e-03,2.7506989801230725e-10
-3.2329793878825734e+00,4.0369720290600025e-03,2.4029490214034360e-10,4.0369721626080032e-03,2.7491218326545623e-10
-3.2229856339787633e+00,4.1693267539214089e-03,2.2997404523251996e-10,4.1693269049582421e-03,2.7513666870827408e-10
-3.2129918800749531e+00,4.3055907722728791e-03,2.1869271259362943e-10,4.3055909402327126e-03,2.7574808834295703e-10
-3.2029981261711429e+00,4.4458641874800982e-03,2.0649525785034623e-10,4.4458643717252191e-03,2.7674276158320535e-10
-3.1930043722673331e+00,4.5902491485475174e-03,1.9342953107293059e-10,4.5902493483703337e-03,2.7810814694477254e-10
-3.1830106183635229e+00,4.7388498752940307e-03,1.7954661672356376e-10,4.7388500899202476e-03,2.7982387422948944e-10
-3.1730168644597128e+00,4.8917726832984629e-03,1.6490081424912900e-10,4.8917729118896740e-03,2.8186205902144401e-10
-3.1630231105559026e+00,5.0491260085891131e-03,1.4955012976689691e-10,5.0491262502463099e-03,2.8418909568509314e-10
-3.1530293566520924e+00,5.2110204320562009e-03,1.3355557469413998e-10,5.2110206858234000e-03,2.8676625127130161e-10
-3.1430356027482822e+00,5.3775687035629693e-03,1.1698090217858448e-10,5.3775689684306934e-03,2.8955041486499294e-10
-3.1330418488444720e+00,5.5488857657306047e-03,9.9892629107714570e-11,5.5488860406393255e-03,2.9249502921440213e-10
-3.1230480949406623e+00,5.7250887773713736e-03,8.2358828849653232e-11,5.7250890612157469e-03,2.9555135759032143e-10
-3.1130543410368521e+00,5.9062971365455028e-03,6.4450355534255432e-11,5.9062974281792668e-03,2.9867055536304363e-10
-3.1030605871330419e+00,6.0926325032171153e-03,4.6238933688880213e-11,6.0926328014569838e-03,3.0180301222901032e-10
-3.0930668332292317e+00,6.2842188214788201e-03,2.7798237453233177e-11,6.2842191251098198e-03,3.0490084613543918e-10
-3.0830730793254215e+00,6.4811823413221375e-03,9.2034628616094460e-12,6.4811826491023095e-03,3.0791774552650143e-10
-3.0730793254216113e+00,6.6836516399240336e-03,-9.4694444343138007e-12,6.6836519505886543e-03,3.1080890748607372e-10
-3.0630855715178016e+00,6.8917576424195352e-03,-2.8144703473169386e-11,6.8917579546867776e-03,3.1353302065057436e-10
-3.0530918176139914e+00,7.1056336421355558e-03,-4.6745474678588916e-11,7.1056339547118062e-03,3.1605229276632386e-10
-3.0430980637101812e+00,7.3254153202540230e-03,-6.5195470224689578e-11,7.3254156318396085e-03,3.1833320028391626e-10
-3.0331043098063710e+00,7.5512407648766176e-03,-8.3418569361143335e-11,7.5512410741708988e-03,3.2034607859603032e-10
-3.0231105559025608e+00,7.7832504894577801e-03,-1.0133880106594217e-10,7.7832507951654806e-03,3.2206637628038758e-10
-3.0131168019987506e+00,8.0215874505805002e-03,-1.1888115795596899e-10,8.0215877514161534e-03,3.2347305914320152e-10
-3.0031230480949405e+00,8.2663970650372811e-03,-1.3597206780652238e-10,8.2663973597309082e-03,3.2455005330512354e-10
-2.9931292941911307e+00,8.5178272261886758e-03,-1.5253968053963174e-10,8.5178275134918952e-03,3.2528678734648948e-10
-2.9831355402873205e+00,8.7760283195683284e-03,-1.6851411455479082e-10,8.7760285982591002e-03,3.2567706876272917e-10
-2.9731417863835103e+00,9.0411532376977466e-03,-1.8382756167972802e-10,9.0411535065859829e-03,3.2571990431882103e-10
-2.9631480324797002e+00,9.3133573940814510e-03,-1.9841483534302484e-10,9.3133576520143934e-03,3.2541949794328044e-10
-2.9531542785758900e+00,9.5927987363483725e-03,-2.1221309171731706e-10,9.5927989822150814e-03,3.2478428973639095e-10
-2.9431605246720798e+00,9.8796377585044400e-03,-2.2516335128862364e-10,9.8796379912402896e-03,3.2382790258751521e-10
-2.9331667707682700e+00,1.0174037512262302e-02,-2.3721003004732732e-10,1.0174037730853937e-02,3.2256921888876825e-10
-2.9231730168644598e+00,1.0476163617414909e-02,-2.4830094729443031e-10,1.0476163820905113e-02,3.2103212221180595e-10
-2.9131792629606497e+00,1.0786184271218252e-02,-2.5838826499431644e-10,1.0786184458709771e-02,3.1924530556147736e-10
-2.9031855090568395e+00,1.1104270256745263e-02,-2.6742803978241358e-10,1.1104270427405437e-02,3.1724225960379328e-10
-2.8931917551530293e+00,1.1430594950179378e-02,-2.7537961451093440e-10,1.1430595103243419e-02,3.1505956994782661e-10
-2.8831980012492191e+00,1.1765334327008395e-02,-2.8220740241197140e-10,1.1765334461782500e-02,3.1273803314225267e-10
-2.8732042473454089e+00,1.2108666967083436e-02,-2.8788119067410523e-10,1.2108667082948060e-02,3.1032272058522588e-10
-2.8632104934415992e+00,1.2460774058506983e-02,-2.9237423636654936e-10,1.2460774154920223e-02,3.0786069412031839e-10
-2.8532167395377890e+00,1.2821839400314821e-02,-2.9566586180231058e-10,1.2821839476814334e-02,3.0540215679278942e-10
-2.8432229856339788e+00,1.3192049403910956e-02,-2.9773943662110558e-10,1.3192049460116810e-02,3.0299813558269177e-10
-2.8332292317301686e+00,1.3571593093222957e-02,-2.9858347218303383e-10,1.3571593128839481e-02,3.0070022716253294e-10
-2.8232354778263584e+00,1.3960662103538808e-02,-2.9819132341298016e-10,1.3960662118355121e-02,2.9855918758743289e-10
-2.8132417239225482e+00,1.4359450678984894e-02,-2.9656217022042131e-10,1.4359450672876714e-02,2.9662506749759558e-10
-2.8032479700187385e+00,1.4768155668612275e-02,-2.9369992744256168e-10,1.4768155641543070e-02,2.9494472230053115e-10
-2.7932542161149283e+00,1.5186976521051840e-02,-2.8961373663843881e-10,1.5186976473073268e-02,2.9356099854916680e-10
-2.7832604622111181e+00,1.5616115277699712e-02,-2.8431774729692494e-10,1.5616115208952045e-02,2.9251123599718089e-10
-2.7732667083073079e+00,1.6055776564396312e-02,-2.7783082345161914e-10,1.6055776475108804e-02,2.9182567661951710e-10
-2.7632729544034977e+00,1.6506167581563220e-02,-2.7017640945661836e-10,1.6506167472052292e-02,2.9152690373439659e-10
-2.7532792004996876e+00,1.6967498092754316e-02,-2.6138323276636566e-10,1.6967497963423530e-02,2.9162929635399356e-10
-2.7432854465958774e+00,1.7439980411590658e-02,-2.5148497086874277e-10,1.7439980262929165e-02,2.9213854594302386e-10
-2.7332916926920676e+00,1.7923829387036818e-02,-2.4051961724363968e-10,1.7923829219618034e-02,2.9305073863374912e-10
-2.7232979387882574e+00,1.8419262386984565e-02,-2.2853071952183557e-10,1.8419262201463438e-02,2.9435417110381037e-10
-2.7133041848844472e+00,1.8926499280101920e-02,-2.1556509442050009e-10,1.8926499077213780e-02,2.9602686941120951e-10
-2.7033104309806371e+00,1.9445762415918468e-02,-2.0167430312550971e-10,1.9445762196474894e-02,2.9804027730606506e-10
-2.6933166770768269e+00,1.9977276603101321e-02,-1.8691362129938383e-10,1.9977276367986997e-02,3.0035886386708443e-10
-2.6833229231730167e+00,2.0521269085890245e-02,-1.7134365844564958e-10,2.0521268836059842e-02,3.0294203983476352e-10
-2.6733291692692069e+00,2.1077969518655461e-02,-1.5502769077149758e-10,2.1077969255129895e-02,3.0574386145330691e-10
-2.6633354153653968e+00,2.1647609938541285e-02,-1.3803247217100689e-10,2.1647609662403689e-02,3.0871497369369864e-10
-2.6533416614615866e+00,2.2230424736160184e-02,-1.2042874336648524e-10,2.2230424448551549e-02,3.1180411968822870e-10
-2.6433479075577764e+00,2.2826650624302364e-02,-1.0228836397688235e-10,2.2826650326417126e-02,3.1495797181926074e-10
-2.6333541536539662e+00,2.3436526604628014e-02,-8.3686585872905228e-11,2.3436526297707681e-02,3.1812503108323634e-10
-2.6233603997501560e+00,2.4060293932302204e-02,-6.4701678476747349e-11,2.4060293617631175e-02,3.2125404833950818e-10
-2.6133666458463458e+00,2.4698196078546529e-02,-4.5412638927100346e-11,2.4698195757446501e-02,3.2429544567257620e-10
-2.6033728919425361e+00,2.5350478691069447e-02,-2.5900890807117882e-11,2.5350478364893930e-02,3.2720226792234202e-10
-2.5933791380387259e+00,2.6017389552344748e-02,-6.2492918825873822e-12,2.6017389222473382e-02,3.2993055629298872e-10
-2.5833853841349157e+00,2.6699178535705841e-02,1.3460088512523560e-11,2.6699178203538482e-02,3.3243996263969290e-10
-2.5733916302311055e+00,2.7396097559226340e-02,3.3143651018141540e-11,2.7396097226175947e-02,3.3469548213324562e-10
-2.5633978763272953e+00,2.8108400537352252e-02,5.2717574663269096e-11,2.8108400204839529e-02,3.3666578845335113e-10
-2.5534041224234851e+00,2.8836343330261704e-02,7.2097881918115059e-11,2.8836342999709299e-02,3.3832380489296342e-10
-2.5434103685196754e+00,2.9580183690921604e-02,9.1201989970562947e-11,2.9580183363747483e-02,3.3964791845506396e-10
-2.5334166146158652e+00,3.0340181209811169e-02,1.0994787198737033e-10,3.0340180887423386e-02,3.4062063541406717e-10
-2.5234228607120550e+00,3.1116597257289675e-02,1.2825546440858870e-10,3.1116596941080075e-02,3.4123009156698578e-10
-2.5134291068082448e+00,3.1909694923579805e-02,1.4604681613378245e-10,3.1909694614917480e-02,3.4147050135337089e-10
-2.5034353529044346e+00,3.2719738956341560e-02,1.6324556290081560e-10,3.2719738656566938e-02,3.4134137996683412e-10
-2.4934415990006245e+00,3.3546995695813923e-02,1.7977756956721880e-10,3.3546995406233196e-02,3.4084743248493927e-10
-2.4834478450968147e+00,3.4391733007502152e-02,1.9557119118607247e-10,3.4391732729381522e-02,3.3999878828995210e-10
-2.4734540911930045e+00,3.5254220212388485e-02,2.1055812302051002e-10,3.5254219946948488e-02,3.3881132632169803e-10
-2.4634603372891943e+00,3.6134728014645033e-02,2.2467307875251308e-10,3.6134727763055659e-02,3.3730580426935615e-10
-2.4534665833853841e+00,3.7033528426833412e-02,2.3785532137637899e-10,3.7033528190207908e-02,3.3550973608712581e-10
-2.4434728294815740e+00,3.7950894692568779e-02,2.5004676194179121e-10,3.7950894471958069e-02,3.3345534729098465e-10
-2.4334790755777638e+00,3.8887101206632906e-02,2.6119331524021572e-10,3.8887101003021819e-02,3.3117883748884240e-10
-2.4234853216739536e+00,3.9842423432525559e-02,2.7124448867543727e-10,3.9842423246827796e-02,3.2872059825464696e-10
-2.4134915677701438e+00,4.0817137817435324e-02,2.8015498948485984e-10,4.0817137650489478e-02,3.2612533425360882e-10
-2.4034978138663337e+00,4.1811521704620762e-02,2.8788472040269797e-10,4.1811521557186711e-02,3.2344151195978586e-10
-2.3935040599625235e+00,4.2825853243191409e-02,2.9439797648300736e-10,4.2825853115946312e-02,3.2072025679112505e-10
-2.3835103060587133e+00,4.3860411295278942e-02,2.9966493869659772e-10,4.3860411188813148e-02,3.1801578716392024e-10
-2.3735165521549031e+00,4.4915475340589386e-02,3.0365933031961667e-10,4.4915475255404153e-02,3.1538153553925741e-10
-2.3635227982510929e+00,4.5991325378334690e-02,3.0636183173671228e-10,4.5991325314839661e-02,3.1287248298957111e-10
-2.3535290443472832e+00,4.7088241826538049e-02,3.0775763361357011e-10,4.7088241785048432e-02,3.1054170314291665e-10
-2.3435352904434730e+00,4.8206505418708197e-02,3.0783773880688203e-10,4.8206505399443995e-02,3.0843991779146222e-10
-2.3335415365396628e+00,4.9346397097887879e-02,3.0659959120160618e-10,4.9346397100971981e-02,3.0661510238850936e-10
-2.3235477826358526e+00,5.0508197908073850e-02,3.0404575298431658e-10,5.0508197933530265e-02,3.0510956877804454e-10
-2.3135540287320424e+00,5.1692188883011289e-02,3.0018454562352748e-10,5.1692188930765076e-02,3.0395918411435617e-10
-2.3035602748282322e+00,5.2898650932370700e-02,2.9502955981031143e-10,5.2898651002248574e-02,3.0319194989540711e-10
-2.2935665209244220e+00,5.4127864725315056e-02,2.8860099293009922e-10,5.4127864817045297e-02,3.0282828520174407e-10
-2.2835727670206123e+00,5.5380110571462679e-02,2.8092382153149797e-10,5.5380110684676603e-02,3.0287883083799946e-10
-2.2735790131168021e+00,5.6655668299261046e-02,2.7202991335212312e-10,5.6655668433495010e-02,3.0334638766446060e-10
-2.2635852592129919e+00,5.7954817131785623e-02,2.6195667510164888e-10,5.7954817286481282e-02,3.0422367850386846e-10
-2.2535915053091817e+00,5.9277835559973499e-02,2.5074604892427743e-10,5.9277835734480595e-02,3.0549354772380951e-10
-2.2435977514053715e+00,6.0625001213315620e-02,2.3844554629393055e-10,6.0625001406895300e-02,3.0713086963191580e-10
-2.2336039975015614e+00,6.1996590728026831e-02,2.2510775361805901e-10,6.1996590939854268e-02,3.0910251379059125e-10
-2.2236102435977516e+00,6.3392879612713199e-02,2.1078940502794463e-10,6.3392879841881258e-02,3.1136822699228600e-10
-2.2136164896939414e+00,6.4814142111563541e-02,1.9555239198776331e-10,6.4814142357087032e-02,3.1388297558778071e-10
-2.2036227357901312e+00,6.6260651065092116e-02,1.7946271552160553e-10,6.6260651325911274e-02,3.1659674573469525e-10
-2.1936289818863210e+00,6.7732677768460425e-02,1.6258994324502840e-10,6.7732678043444863e-02,3.1945567890622806e-10
-2.1836352279825109e+00,6.9230491827408383e-02,1.4500673578554668e-10,6.9230492115362877e-02,3.2240462744478996e-10
-2.1736414740787007e+00,7.0754361011833300e-02,1.2678913995090024e-10,7.0754361311502811e-02,3.2538792554241103e-10
-2.1636477201748905e+00,7.2304551107049767e-02,1.0801593820775057e-10,7.2304551417124663e-02,3.2835024627902478e-10
-2.1536539662710807e+00,7.3881325762767971e-02,8.8768227143876111e-11,7.3881326081890825e-02,3.3123887686738064e-10
-2.1436602123672706e+00,7.5484946339837447e-02,6.9130727184396612e-11,7.5484946666608557e-02,3.3400361657204415e-10
-2.1336664584634604e+00,7.7115671754794363e-02,4.9189114587067095e-11,7.7115672087776838e-02,3.3659604513727276e-10
-2.1236727045596502e+00,7.8773758322259607e-02,2.9029823683801581e-11,7.8773758659986107e-02,3.3897185599608558e-10
-2.1136789506558400e+00,8.0459459595238078e-02,8.7411831245498561e-12,8.0459459936217850e-02,3.4109179604445438e-10
-2.1036851967520298e+00,8.2173026203371330e-02,-1.1587914655608600e-11,8.2173026546096747e-02,3.4292126145809305e-10
-2.0936914428482201e+00,8.3914705689195193e-02,-3.1869371724946305e-11,8.3914706032148179e-02,3.4443055480971487e-10
-2.0836976889444099e+00,8.5684742342459305e-02,-5.2012507148480047e-11,8.5684742684118853e-02,3.4559593104435015e-10
-2.0737039350405997e+00,8.7483377032570808e-02,-7.1929320138996999e-11,8.7483377371418092e-02,3.4639761643985451e-10
-2.0637101811367895e+00,8.9310847039217142e-02,-9.1532085730317014e-11,8.9310847373742869e-02,3.4682212220588269e-10
-2.0537164272329793e+00,9.1167385881237434e-02,-1.1073417703622024e-10,9.1167386209949977e-02,3.4686307685314687e-10
-2.0437226733291691e+00,9.3053223143810884e-02,-1.2945101587891195e-10,9.3053223465242182e-02,3.4651932847007116e-10
-2.0337289194253589e+00,9.4968584304025896e-02,-1.4759990625556885e-10,9.4968584616738475e-02,3.4579602195528647e-10
-2.0237351655215492e+00,9.6913690554904203e-02,-1.6509929361141484e-10,9.6913690857499166e-02,3.4470492942376804e-10
-2.0137414116177390e+00,9.8888758627960205e-02,-1.8187003639202892e-10,9.8888758919082026e-02,3.4326174394263201e-10
-2.0037476577139288e+00,1.0089400061436148e-01,-1.9783694474306834e-10,1.0089400089270491e-01,3.4148868596273852e-10
-1.9937539038101186e+00,1.0292962378477916e-01,-2.1292847519893687e-10,1.0292962404909574e-01,3.3941389385280637e-10
-1.9837601499063087e+00,1.0499583040800881e-01,-2.2707603158922396e-10,1.0499583065711229e-01,3.3706983219347078e-10
-1.9737663960024985e+00,1.0709281756844247e-01,-2.4021545516617060e-10,1.0709281780121550e-01,3.3449477071357356e-10
-1.9637726420986883e+00,1.0922077698248538e-01,-2.5228735420212978e-10,1.0922077719788435e-01,3.3173125891107838e-10
-1.9537788881948781e+00,1.1137989481400290e-01,-2.6323587927479242e-10,1.1137989501106256e-01,3.2882463082606651e-10
-1.9437851342910681e+00,1.1357035148889114e-01,-2.7301143290525687e-10,1.1357035166672860e-01,3.2582419670272667e-10
-1.9337913803872580e+00,1.1579232150886465e-01,-2.8156996526029765e-10,1.1579232166668434e-01,3.2278274305987411e-10
-1.9237976264834478e+00,1.1804597326456140e-01,-2.8887277118971877e-10,1.1804597340165934e-01,3.1975510037149780e-10
-1.9138038725796378e+00,1.2033146884806381e-01,-2.9488734024085694e-10,1.2033146896383050e-01,3.1679720557836607e-10
-1.9038101186758276e+00,1.2264896386493487e-01,-2.9958683450681534e-10,1.2264896395885931e-01,3.1396507990824432e-10
-1.8938163647720174e+00,1.2499860724587919e-01,-3.0294988045964644e-10,1.2499860731755036e-01,3.1131236168242571e-10
-1.8838226108682075e+00,1.2738054105812954e-01,-3.0496084824083169e-10,1.2738054110723829e-01,3.0888960451973015e-10
-1.8738288569643973e+00,1.2979490031667162e-01,-3.0561209465873596e-10,1.2979490034301222e-01,3.0674513756352623e-10
-1.8638351030605871e+00,1.3224181279541575e-01,-3.0490118416159895e-10,1.3224181279888780e-01,3.0492095250383530e-10
-1.8538413491567771e+00,1.3472139883843309e-01,-3.0283273805276067e-10,1.3472139881904108e-01,3.0345299061336110e-10
-1.8438475952529669e+00,1.3723377117136543e-01,-2.9941711957026662e-10,1.3723377112921942e-01,3.0236881049205633e-10
-1.8338538413491567e+00,1.3977903471313036e-01,-2.9467077736211600e-10,1.3977903464844582e-01,3.0168685116322010e-10
-1.8238600874453466e+00,1.4235728638804243e-01,-2.8861614140285319e-10,1.4235728630113767e-01,3.0141618170138109e-10
-1.8138663335415366e+00,1.4496861493846477e-01,-2.8128204973554283e-10,1.4496861482975973e-01,3.0155659220846703e-10
-1.8038725796377264e+00,1.4761310073812037e-01,-2.7270417868319186e-10,1.4761310060813601e-01,3.0209849724056240e-10
-1.7938788257339162e+00,1.5029081560618895e-01,-2.6292320057241803e-10,1.5029081545554385e-01,3.0302237180245309e-10
-1.7838850718301063e+00,1.5300182262231055e-01,-2.5198520353653109e-10,1.5300182245171851e-01,3.0429950226900855e-10
-1.7738913179262961e+00,1.5574617594262846e-01,-2.3994100456503631e-10,1.5574617575289659e-01,3.0589192180510754e-10
-1.7638975640224859e+00,1.5852392061700316e-01,-2.2684560826990996e-10,1.5852392040902663e-01,3.0775504040875979e-10
-1.7539038101186759e+00,1.6133509240752356e-01,-2.1276039957607296e-10,1.6133509218228093e-01,3.0984065266440587e-10
-1.7439100562148657e+00,1.6417971760844990e-01,-1.9775012530254266e-10,1.6417971736699996e-01,3.1209483688719616e-10
-1.7339163023110555e+00,1.6705781286772742e-01,-1.8188442765798563e-10,1.6705781261120409e-01,3.1446170520597745e-10
-1.7239225484072456e+00,1.6996938501020228e-01,-1.6523699422621441e-10,1.6996938473980860e-01,3.1688484701193628e-10
-1.7139287945034354e+00,1.7291443086267480e-01,-1.4788407651233904e-10,1.7291443057967923e-01,3.1930579939912888e-10
-1.7039350405996252e+00,1.7589293708093673e-01,-1.2990565567694290e-10,1.7589293678666462e-01,3.2166994287328685e-10
-1.6939412866958150e+00,1.7890487997891913e-01,-1.1138428721024773e-10,1.7890487967474697e-01,3.2392462419967694e-10
-1.6839475327920050e+00,1.8195022536010000e-01,-9.2406870350059123e-11,1.8195022504744895e-01,3.2602101920999213e-10
-1.6739537788881949e+00,1.8502892835130882e-01,-7.3061803135265890e-11,1.8502892803163895e-01,3.2791287769740955e-10
-1.6639600249843847e+00,1.8814093323907247e-01,-5.3438680563955288e-11,1.8814093291387474e-01,3.2955918449306984e-10
-1.6539662710805747e+00,1.9128617330863851e-01,-3.3629911355692599e-11,1.9128617297942913e-01,3.3092263162209230e-10
-1.6439725171767645e+00,1.9446457068582793e-01,-1.3726856457063619e-11,1.9446457035413972e-01,3.3197212490212034e-10
-1.6339787632729543e+00,1.9767603618184973e-01,6.1784952154475548e-12,1.9767603584922486e-01,3.3268224980634407e-10
-1.6239850093691444e+00,2.0092046914122827e-01,2.5992218793957633e-11,2.0092046880921086e-01,3.3303326912859322e-10
-1.6139912554653342e+00,2.0419775729298439e-01,4.5622439853731933e-11,2.0419775696311301e-01,3.3301131287201711e-10
-1.6039975015615240e+00,2.0750777660521338e-01,6.4977259683907107e-11,2.0750777627901340e-01,3.3260858923992966e-10
-1.5940037476577140e+00,2.1085039114320425e-01,8.3965723263190739e-11,2.1085039082218085e-01,3.3182264466258594e-10
-1.5840099937539038e+00,2.1422545293124481e-01,1.0250052542848387e-10,2.1422545261687551e-01,3.3065755662573410e-10
-1.5740162398500936e+00,2.1763280181825301e-01,1.2049564124261281e-10,2.1763280151198017e-01,3.2912346063273899e-10
-1.5640224859462837e+00,2.2107226534738164e-01,1.3786686375860668e-10,2.2107226505060362e-01,3.2723762708676624e-10
-1.5540287320424735e+00,2.2454365862972947e-01,1.5453372609330884e-10,2.2454365834379633e-01,3.2502066405934054e-10
-1.5440349781386633e+00,2.2804678422231436e-01,1.7041904346037917e-10,2.2804678394852060e-01,3.2249911064421787e-10
-1.5340412242348531e+00,2.3158143201043882e-01,1.8544926705388320e-10,2.3158143175001680e-01,3.1970464140698990e-10
-1.5240474703310432e+00,2.3514737909458958e-01,1.9955634367185837e-10,2.3514737884870485e-01,3.1667338753855592e-10
-1.5140537164272330e+00,2.3874438968201606e-01,2.1267787184142684e-10,2.3874438945176080e-01,3.1344754203532674e-10
-1.5040599625234228e+00,2.4237221498311831e-01,2.2475497851726089e-10,2.4237221476950557e-01,3.1007289862906202e-10
-1.4940662086196128e+00,2.4603059311278350e-01,2.3573450830260967e-10,2.4603059291674331e-01,3.0659829122355237e-10
-1.4840724547158026e+00,2.4971924899680936e-01,2.4556871813796732e-10,2.4971924881918434e-01,3.0307531261720380e-10
-1.4740787008119924e+00,2.5343789428354491e-01,2.5421593996544090e-10,2.5343789412508599e-01,2.9955795955584471e-10
-1.4640849469081825e+00,2.5718622726087997e-01,2.6164039684806184e-10,2.5718622712224409e-01,2.9610066639506027e-10
-1.4540911930043723e+00,2.6096393277871988e-01,2.6781308420931182e-10,2.6096393266046591e-01,2.9275902658074218e-10
-1.4440974391005621e+00,2.6477068217706518e-01,2.7271072899903714e-10,2.6477068207965065e-01,2.8958717269977678e-10
-1.4341036851967521e+00,2.6860613321982707e-01,2.7631488069834731e-10,2.6860613314360704e-01,2.8663462162191271e-10
-1.4241099312929419e+00,2.7246993003450443e-01,2.7861423584907286e-10,2.7246992997972952e-01,2.8394750014090527e-10
-1.4141161773891318e+00,2.7636170305784064e-01,2.7960344456401387e-10,2.7636170302465679e-01,2.8156571835348758e-10
-1.4041224234853216e+00,2.8028106898758176e-01,2.7928309664915218e-10,2.8028106897603067e-01,2.7952187004423146e-10
-1.3941286695815116e+00,2.8422763074045498e-01,2.7766175469956522e-10,2.8422763075047341e-01,2.7784243551538019e-10
-1.3841349156777014e+00,2.8820097741647749e-01,2.7475369202001332e-10,2.8820097744789686e-01,2.7654433262697380e-10
-1.3741411617738912e+00,2.9220068426970641e-01,2.7057847629130549e-10,2.9220068432225499e-01,2.7563393248099268e-10
-1.3641474078700813e+00,2.9622631268554411e-01,2.6516198958770332e-10,2.9622631275884792e-01,2.7510784959991417e-10
-1.3541536539662711e+00,3.0027741016469806e-01,2.5853590795987813e-10,3.0027741025828386e-01,2.7495293914877902e-10
-1.3441599000624609e+00,3.0435351031390129e-01,2.5073749326809391e-10,3.0435351042719888e-01,2.7514657044904502e-10
-1.3341661461586509e+00,3.0845413284348999e-01,2.4181033564385501e-10,3.0845413297583540e-01,2.7565838751859441e-10
-1.3241723922548407e+00,3.1257878357193508e-01,2.3180437430658785e-10,3.1257878372257392e-01,2.7645130941871207e-10
-1.3141786383510305e+00,3.1672695443741827e-01,2.2077271955023292e-10,3.1672695460550815e-01,2.7747936841043725e-10
-1.3041848844472206e+00,3.2089812351653751e-01,2.0877334583335738e-10,3.2089812370115434e-01,2.7869280728621563e-10
-1.2941911305434104e+00,3.2509175505023352e-01,1.9586916116809405e-10,3.2509175525037642e-01,2.8003912158533068e-10
-1.2841973766396002e+00,3.2930729947701159e-01,1.8212716057508516e-10,3.2930729969160805e-01,2.8146392257239762e-10
-1.2742036227357900e+00,3.3354419347353526e-01,1.6761921711738736e-10,3.3354419370144772e-01,2.8291393464069271e-10
-1.2642098688319801e+00,3.3780186000266749e-01,1.5242179740582174e-10,3.3780186024269854e-01,2.8433661314074504e-10
-1.2542161149281699e+00,3.4207970836902202e-01,1.3661418524213431e-10,3.4207970861992082e-01,2.8568101848262421e-10
-1.2442223610243597e+00,3.4637713428209083e-01,1.2027708690132144e-10,3.4637713454255908e-01,2.8689770144969756e-10
-1.2342286071205497e+00,3.5069351992700365e-01,1.0349564955047796e-10,3.5069352019570404e-01,2.8794314003404321e-10
-1.2242348532167395e+00,3.5502823404298012e-01,8.6355332606924406e-11,3.5502823431854286e-01,2.8877684594971157e-10
-1.2142410993129293e+00,3.5938063200951509e-01,6.8943857567393962e-11,3.5938063229054551e-01,2.8936370386012401e-10
-1.2042473454091194e+00,3.6375005594034870e-01,5.1350729224353131e-11,3.6375005622543455e-01,2.8967367111785581e-10
-1.1942535915053092e+00,3.6813583478525785e-01,3.3666611165550364e-11,3.6813583507297548e-01,2.8968064119301146e-10
-1.1842598376014990e+00,3.7253728443970052e-01,1.5978364464874772e-11,3.7253728472862263e-01,2.8936359979790409e-10
-1.1742660836976890e+00,3.7695370786234755e-01,-1.6248599687962439e-12,3.7695370815105106e-01,2.8870807796940013e-10
-1.1642723297938788e+00,3.8138439520052375e-01,-1.9057269651234776e-11,3.8138439548759800e-01,2.8770611117970402e-10
-1.1542785758900687e+00,3.8582862392357731e-01,-3.6233301081711744e-11,3.8582862420763175e-01,2.8635603845227928e-10
-1.1442848219862587e+00,3.9028565896419382e-01,-5.3068487104734885e-11,3.9028565924386355e-01,2.8466018902973668e-10
-1.1342910680824485e+00,3.9475475286765627e-01,-6.9481191633524730e-11,3.9475475314160996e-01,2.8262742601213183e-10
-1.1242973141786383e+00,3.9923514594906068e-01,-8.5391867188366888e-11,3.9923514621600720e-01,2.8027168205000651e-10
-1.1143035602748281e+00,4.0372606645848164e-01,-1.0072836315044853e-10,4.0372606671717598e-01,2.7761297991621252e-10
-1.1043098063710182e+00,4.0822673075407823e-01,-1.1541719663332728e-10,4.0822673100332807e-01,2.7467546943241313e-10
-1.0943160524672080e+00,4.1273634348312849e-01,-1.2939134486078530e-10,4.1273634372180062e-01,2.7148942777900801e-10
-1.0843222985633978e+00,4.1725409777097028e-01,-1.4258751124263114e-10,4.1725409799799612e-01,2.6808940963195840e-10
-1.0743285446595878e+00,4.2177917541782733e-01,-1.5494615313027538e-10,4.2177917563220668e-01,2.6451241001205686e-10
-1.0643347907557776e+00,4.2631074710348082e-01,-1.6641281408436015e-10,4.2631074730428692e-01,2.6079937129719819e-10
-1.0543410368519675e+00,4.3084797259975666e-01,-1.7694112147692564e-10,4.3084797278613957e-01,2.5699562112318623e-10
-1.0443472829481575e+00,4.3539000099077974e-01,-1.8648672883703199e-10,4.3539000116197163e-01,2.5314810803474776e-10
-1.0343535290443473e+00,4.3993597090095166e-01,-1.9501249226561157e-10,4.3993597105627075e-01,2.4930682330111326e-10
-1.0243597751405371e+00,4.4448501073059249e-01,-2.0248580590020993e-10,4.4448501086944558e-01,2.4552124912767904e-10
-1.0143660212367271e+00,4.4903623889918709e-01,-2.0887921947654320e-10,4.4903623902107204e-01,2.4183975796372337e-10
-1.0043722673329170e+00,4.5358876409616788e-01,-2.1417002199486390e-10,4.5358876420067495e-01,2.3830762877256987e-10
-9.9437851342910677e-01,4.5814168553916162e-01,-2.1834381525032143e-10,4.5814168562597463e-01,2.3496918700331497e-10
-9.8438475952529669e-01,4.6269409323961791e-01,-2.2139022559652943e-10,4.6269409330851741e-01,2.3186369424010134e-10
-9.7439100562148662e-01,4.6724506827574513e-01,-2.2330550603077981e-10,4.6724506832660628e-01,2.2902446477008896e-10
-9.6439725171767643e-01,4.7179368307264563e-01,-2.2409157168779004e-10,4.7179368310544034e-01,2.2647853230873687e-10
-9.5440349781386635e-01,4.7633900168956828e-01,-2.2375531288920669e-10,4.7633900170436444e-01,2.2424398882457351e-10
-9.4440974391005617e-01,4.8088008011417088e-01,-2.2230937923861660e-10,4.8088008011112904e-01,2.2233018894371920e-10
-9.3441599000624609e-01,4.8541596656367564e-01,-2.1977394903949232e-10,4.8541596654304831e-01,2.2073983679961470e-10
-9.2442223610243601e-01,4.8994570179281299e-01,-2.1617475864932345e-10,4.8994570175494340e-01,2.1946670044594026e-10
-9.1442848219862582e-01,4.9446831940843133e-01,-2.1154321350191907e-10,4.9446831935374991e-01,2.1849620027358867e-10
-9.0443472829481575e-01,4.9898284619063871e-01,-2.0591639504630166e-10,4.9898284611966154e-01,2.1780569370309138e-10
-8.9444097439100567e-01,5.0348830242035580e-01,-1.9933510397862619e-10,5.0348830233368080e-01,2.1736384103987957e-10
-8.8444722048719548e-01,5.0798370221313238e-01,-1.9184484556511450e-10,5.0798370211143529e-01,2.1713300978865605e-10
-8.7445346658338541e-01,5.1246805385908967e-01,-1.8349675945383837e-10,5.1246805374311699e-01,2.1707308052150033e-10
-8.6445971267957522e-01,5.1694036016883094e-01,-1.7434682864081452e-10,5.1694036003939781e-01,2.1713993650748888e-10
-8.5446595877576514e-01,5.2139961882517716e-01,-1.6445428352440672e-10,5.2139961868316120e-01,2.1728723551275465e-10
-8.4447220487195507e-01,5.2584482274055844e-01,-1.5388255947268448e-10,5.2584482258689513e-01,2.1746782106604668e-10
-8.3447845096814488e-01,5.3027496041990008e-01,-1.4269797843358134e-10,5.3027496025557719e-01,2.1763438325906814e-10
-8.2448469706433480e-01,5.3468901632883259e-01,-1.3096787543354083e-10,5.3468901615488140e-01,2.1774204871957838e-10
-8.1449094316052473e-01,5.3908597126704116e-01,-1.1876388761322687e-10,5.3908597108453193e-01,2.1774866249507767e-10
-8.0449718925671454e-01,5.4346480274658748e-01,-1.0615994194829170e-10,5.4346480255662100e-01,2.1761709365766974e-10
-7.9450343535290446e-01,5.4782448537500217e-01,-9.3231367070956139e-11,5.4782448517870508e-01,2.1731229884263363e-10
-7.8450968144909428e-01,5.5216399124297078e-01,-8.0054532447526583e-11,5.5216399104148850e-01,2.1680367946320015e-10
-7.7451592754528420e-01,5.5648229031640717e-01,-6.6706279389094902e-11,5.5648229011089778e-01,2.1606442551328751e-10
-7.6452217364147412e-01,5.6077835083272010e-01,-5.3260909571584136e-11,5.6077835062434778e-01,2.1507149504325899e-10
-7.5452841973766394e-01,5.6505113970106591e-01,-3.9793432438095522e-11,5.6505113949099117e-01,2.1381045744373174e-10
-7.4453466583385386e-01,5.6929962290636960e-01,-2.6378427220308254e-11,5.6929962269574541e-01,2.1226956594952309e-10
-7.3454091193004367e-01,5.7352276591691576e-01,-1.3089210271211016e-11,5.7352276570688121e-01,2.1044200543083336e-10
-7.2454715802623360e-01,5.7771953409528176e-01,3.4972025275692431e-15,5.7771953388695407e-01,2.0832768846283886e-10
-7.1455340412242352e-01,5.8188889311238912e-01,1.2830611573200201e-11,5.8188889290685908e-01,2.0593013592200065e-10
-7.0455965021861333e-01,5.8602980936445404e-01,2.5326893360322345e-11,5.8602980916278025e-01,2.0325788695193314e-10
-6.9456589631480325e-01,5.9014125039260590e-01,3.7429837007607603e-11,5.9014125019580765e-01,2.0032608837715149e-10
-6.8457214241099318e-01,5.9422218530493620e-01,4.9078810460123634e-11,5.9422218511398683e-01,1.9715575202800063e-10
-6.7457838850718299e-01,5.9827158520074231e-01,6.0215915587136237e-11,5.9827158501656641e-01,1.9376975366603608e-10
-6.6458463460337291e-01,6.0228842359673329e-01,7.0787389838677939e-11,6.0228842342020106e-01,1.9019590938170075e-10
-6.5459088069956273e-01,6.0627167685494610e-01,8.0742509900311177e-11,6.0627167668687099e-01,1.8646338863176257e-10
-6.4459712679575265e-01,6.1022032461213660e-01,9.0037047262292447e-11,6.1022032445326879e-01,1.8260791394196909e-10
-6.3460337289194257e-01,6.1413335021038296e-01,9.8630228984042390e-11,6.1413335006140835e-01,1.7866548805205124e-10
-6.2460961898813239e-01,6.1800974112866747e-01,1.0648516790556783e-10,6.1800974099020156e-01,1.7467655236005907e-10
-6.1461586508432231e-01,6.2184848941516835e-01,1.1357009777057669e-10,6.2184848928775427e-01,1.7068249678349128e-10
-6.0462211118051223e-01,6.2564859212001367e-01,1.1985727688124115e-10,6.2564859200412148e-01,1.6672361951646497e-10
-5.9462835727670205e-01,6.2940905172824524e-01,1.2532411219901007e-10,6.2940905162426841e-01,1.6284137583024149e-10
-5.8463460337289197e-01,6.3312887659272044e-01,1.2995415854533121e-10,6.3312887650097527e-01,1.5907626785468954e-10
-5.7464084946908178e-01,6.3680708136670428e-01,1.3373621654544365e-10,6.3680708128742847e-01,1.5546713277147093e-10
-5.6464709556527171e-01,6.4044268743588295e-01,1.3666391629474361e-10,6.4044268736923360e-01,1.5204986758564836e-10
-5.5465334166146163e-01,6.4403472334953393e-01,1.3873413529097434e-10,6.4403472329558875e-01,1.4885309173385656e-10
-5.4465958775765144e-01,6.4758222525059694e-01,1.3995021808099750e-10,6.4758222520935360e-01,1.4590091434403474e-10
-5.3466583385384137e-01,6.5108423730436960e-01,1.4032047745970999e-10,6.5108423727574904e-01,1.4320953982971314e-10
-5.2467207995003118e-01,6.5453981212557844e-01,1.3985691771356557e-10,6.5453981210942447e-01,1.4078674683323447e-10
-5.1467832604622110e-01,6.5794801120354018e-01,1.3858068859118333e-10,6.5794801119962310e-01,1.3863603729068774e-10
-5.0468457214241103e-01,6.6130790532516615e-01,1.3651589580998547e-10,6.6130790533318340e-01,1.3675111028043113e-10
-4.9469081823860089e-01,6.6461857499553045e-01,1.3369079454594868e-10,6.6461857501510913e-01,1.3511681221918626e-10
-4.8469706433479076e-01,6.6787911085574114e-01,1.3013902455671911e-10,6.6787911088644292e-01,1.3371149788752701e-10
-4.7470331043098063e-01,6.7108861409785370e-01,1.2589806974716566e-10,6.7108861413917797e-01,1.3250667856070099e-10
-4.6470955652717050e-01,6.7424619687655829e-01,1.2100970225858987e-10,6.7424619692794641e-01,1.3146895643143407e-10
-4.5471580262336042e-01,6.7735098271737693e-01,1.1552114820290171e-10,6.7735098277821726e-01,1.3056294180928753e-10
-4.4472204871955029e-01,6.8040210692111447e-01,1.0948204842708975e-10,6.8040210699074599e-01,1.2974925005969820e-10
-4.3472829481574016e-01,6.8339871696429544e-01,1.0294401442401124e-10,6.8339871704201138e-01,1.2898541847990899e-10
-4.2473454091193003e-01,6.8633997289532911e-01,9.5960892010360510e-11,6.8633997298038429e-01,1.2822978324381062e-10
-4.1474078700811995e-01,6.8922504772615245e-01,8.8589205415878780e-11,6.8922504781776883e-01,1.2744256985366508e-10
-4.0474703310430982e-01,6.9205312781908956e-01,8.0885298459065780e-11,6.9205312791646167e-01,1.2658498878478650e-10
-3.9475327920049968e-01,6.9482341326867347e-01,7.2909386861219616e-11,6.9482341337097553e-01,1.2562439769454088e-10
-3.8475952529668955e-01,6.9753511827818893e-01,6.4722477377543441e-11,6.9753511838457916e-01,1.2453063923650543e-10
-3.7476577139287948e-01,7.0018747153067629e-01,5.6384966140576864e-11,7.0018747164030271e-01,1.2327698958524843e-10
-3.6477201748906934e-01,7.0277971655415927e-01,4.7957068871617992e-11,7.0277971666616601e-01,1.2184165805290159e-10
-3.5477826358525921e-01,7.0531111208085207e-01,3.9498862514086852e-11,7.0531111219438603e-01,1.2020865283212562e-10
-3.4478450968144908e-01,7.0778093240011208e-01,3.1069091743773924e-11,7.0778093251432694e-01,1.1836520882049100e-10
-3.3479075577763895e-01,7.1018846770489241e-01,2.2726029391684222e-11,7.1018846781895706e-01,1.1630656051895376e-10
-3.2479700187382887e-01,7.1253302443147759e-01,1.4527407055098251e-11,7.1253302454457967e-01,1.1403125357665224e-10
-3.1480324797001874e-01,7.1481392559226309e-01,6.5281113847959205e-12,7.1481392570361302e-01,1.1154112689166981e-10
-3.0480949406620861e-01,7.1703051110135796e-01,-1.2202877597289330e-12,7.1703051121019401e-01,1.0884289210126183e-10
-2.9481574016239848e-01,7.1918213809279274e-01,-8.6686213762732223e-12,7.1918213819838761e-01,1.0595008617765442e-10
-2.8482198625858840e-01,7.2126818123112202e-01,-1.5770801331527196e-11,7.2126818133278658e-01,1.0288052334834496e-10
-2.7482823235477827e-01,7.2328803301420486e-01,-2.2483598316469511e-11,7.2328803311129219e-01,9.9656727951428878e-11
-2.6483447845096814e-01,7.2524110406795850e-01,-2.8765656523432881e-11,7.2524110415987042e-01,9.6308174606612173e-11
-2.5484072454715800e-01,7.2712682343289636e-01,-3.4578909180460471e-11,7.2712682351908309e-01,9.2864699574386251e-11
-2.4484697064334790e-01,7.2894463884223482e-01,-3.9889841429996409e-11,7.2894463892220029e-01,8.9362616514613022e-11
-2.3485321673953780e-01,7.3069401699139769e-01,-4.4668518883739239e-11,7.3069401706470283e-01,8.5842414289215192e-11
-2.2485946283572766e-01,7.3237444379872862e-01,-4.8889128856366426e-11,7.3237444386499195e-01,8.2346679221986022e-11
-2.1486570893191756e-01,7.3398542465722427e-01,-5.2529980365534357e-11,7.3398542471612704e-01,7.8923604411981385e-11
-2.0487195502810743e-01,7.3552648467713211e-01,-5.5572185742036595e-11,7.3552648472841964e-01,7.5621944823880515e-11
-1.9487820112429732e-01,7.3699716891923539e-01,-5.8000867997343164e-11,7.3699716896271594e-01,7.2489027676184763e-11
-1.8488444722048719e-01,7.3839704261866257e-01,-5.9807422903013219e-11,7.3839704265420936e-01,6.9573715960953739e-11
-1.7489069331667709e-01,7.3972569139907507e-01,-6.0987964678460571e-11,7.3972569142662603e-01,6.6922248287601308e-11
-1.6489693941286696e-01,7.4098272147707989e-01,-6.1543520279982999e-11,7.4098272149663924e-01,6.4576878390668530e-11
-1.5490318550905685e-01,7.4216775985673200e-01,-6.1480404101033059e-11,7.4216775986836847e-01,6.2571938697628765e-11
-1.4490943160524672e-01,7.4328045451398161e-01,-6.0808316715288413e-11,7.4328045451783031e-01,6.0929991521378394e-11
-1.3491567770143661e-01,7.4432047457095318e-01,-5.9540664065771409e-11,7.4432047456721251e-01,5.9658053292373629e-11
-1.2492192379762648e-01,7.4528751045992414e-01,-5.7696361577264099e-11,7.4528751044885166e-01,5.8749211654167820e-11
-1.1492816989381636e-01,7.4618127407688661e-01,-5.5299501089400849e-11,7.4618127405879964e-01,5.8182244152514097e-11
-1.0493441599000625e-01,7.4700149892460044e-01,-5.2377505110889899e-11,7.4700149889987255e-01,5.7921251779536577e-11
-9.4940662086196129e-02,7.4774794024502533e-01,-4.8962445209355110e-11,7.4774794021408242e-01,5.7920506068262647e-11
-8.4946908182386011e-02,7.4842037514104132e-01,-4.5090250977430912e-11,7.4842037510436032e-01,5.8125948390681627e-11
-7.4953154278575893e-02,7.4901860268738141e-01,-4.0798336931047174e-11,7.4901860264548559e-01,5.8478748636442020e-11
-6.4959400374765774e-02,7.4954244403069337e-01,-3.6127975611144336e-11,7.4954244398414360e-01,5.8924622648387094e-11
-5.4965646470955649e-02,7.4999174247864775e-01,-3.1125491073424882e-11,7.4999174242804312e-01,5.9410646634689573e-11
-4.4971892567145531e-02,7.5036636357805964e-01,-2.5838720052462349e-11,7.5036636352402986e-01,5.9890371938924015e-11
-3.4978138663335413e-02,7.5066619518194388e-01,-2.0318552396147993e-11,7.5066619512514388e-01,6.0324825816914104e-11
-2.4984384759525295e-02,7.5089114750546360e-01,-1.4617501653546583e-11,7.5089114744657071e-01,6.0679847672897586e-11
-1.4990630855715179e-02,7.5104115317074294e-01,-8.7876095289374234e-12,7.5104115311045128e-01,6.0928699423754296e-11
-4.9968769519050590e-03,7.5111616724050134e-01,-2.8814867158999391e-12,7.5111616717951468e-01,6.1054694200746583e-11
4.9968769519050590e-03,7.5111616724048813e-01,3.0462299349665045e-12,7.5111616717951468e-01,6.1049495823574478e-11
1.4990630855715179e-02,7.5104115317070441e-01,8.9419999182993593e-12,7.5104115311045128e-01,6.0913050637475298e-11
2.4984384759525295e-02,7.5089114750540276e-01,1.4752282728736077e-11,7.5089114744657071e-01,6.0653441726030454e-11
3.4978138663335413e-02,7.5066619518186417e-01,2.0424162361365461e-11,7.5066619512514388e-01,6.0285473270931323e-11
4.4971892567145531e-02,7.5036636357796427e-01,2.5907401224323223e-11,7.5036636352402986e-01,5.9834056264148694e-11
5.4965646470955649e-02,7.4999174247853995e-01,3.1154329116489521e-11,7.4999174242804312e-01,5.9333986514884819e-11
6.4959400374765774e-02,7.4954244403057924e-01,3.6117026036563971e-11,7.4954244398414360e-01,5.8827779089918639e-11
7.4953154278575893e-02,7.4901860268726839e-01,4.0749653651417361e-11,7.4901860264548559e-01,5.8363829569070353e-11
8.4946908182386011e-02,7.4842037514093440e-01,4.5008732851847810e-11,7.4842037510436032e-01,5.7995251087156433e-11
9.4940662086196129e-02,7.4774794024493352e-01,4.8852685785583105e-11,7.4774794021408242e-01,5.7778674663901283e-11
1.0493441599000625e-01,7.4700149892452905e-01,5.2243820380937223e-11,7.4700149889987255e-01,5.7769885875970907e-11
1.1492816989381636e-01,7.4618127407683832e-01,5.5149246280805642e-11,7.4618127405879964e-01,5.8024420732601055e-11
1.2492192379762648e-01,7.4528751045990116e-01,5.7537988262801321e-11,7.4528751044885166e-01,5.8589345664614630e-11
1.3491567770143661e-01,7.4432047457095507e-01,5.9382304629096438e-11,7.4432047456721251e-01,5.9500124974738281e-11
1.4490943160524672e-01,7.4328045451400793e-01,6.0659130496354408e-11,7.4328045451783031e-01,6.0779443513544411e-11
1.5490318550905685e-01,7.4216775985678130e-01,6.1348218172163627e-11,7.4216775986836847e-01,6.2432896078542262e-11
1.6489693941286696e-01,7.4098272147714817e-01,6.1434066167542767e-11,7.4098272149663924e-01,6.4451892966138672e-11
1.7489069331667709e-01,7.3972569139915456e-01,6.0907071053328821e-11,7.3972569142662603e-01,6.6815813571202517e-11
1.8488444722048719e-01,7.3839704261874706e-01,5.9761307014127851e-11,7.3839704265420936e-01,6.9490924015613280e-11
1.9487820112429732e-01,7.3699716891931799e-01,5.7993693181046524e-11,7.3699716896271594e-01,7.2433767524452360e-11
2.0487195502810743e-01,7.3552648467720727e-01,5.5606200199953548e-11,7.3552648472841964e-01,7.5596005873720111e-11
2.1486570893191756e-01,7.3398542465728711e-01,5.2604365308184242e-11,7.3398542471612704e-01,7.8926275448750711e-11
2.2485946283572766e-01,7.3237444379877681e-01,4.8998374801989542e-11,7.3237444386499195e-01,8.2372848023817798e-11
2.3485321673953780e-01,7.3069401699142622e-01,4.4804548959831436e-11,7.3069401706470283e-01,8.5888932590710062e-11
2.4484697064334790e-01,7.2894463884223948e-01,4.0044259574933960e-11,7.2894463892220029e-01,8.9427483357992818e-11
2.5484072454715800e-01,7.2712682343287649e-01,3.4742070331716945e-11,7.2712682351908309e-01,9.2944009430379628e-11
2.6483447845096814e-01,7.2524110406791342e-01,2.8927443773696382e-11,7.2524110415987042e-01,9.6399618286396524e-11
2.7482823235477827e-01,7.2328803301413669e-01,2.2634283336486760e-11,7.2328803311129219e-01,9.9757220799212354e-11
2.8482198625858840e-01,7.2126818123103353e-01,1.5899670469110561e-11,7.2126818133278658e-01,1.0298777982275467e-10
2.9481574016239848e-01,7.1918213809268594e-01,8.7666679471354314e-12,7.1918213819838761e-01,1.0606459084648129e-10
3.0480949406620861e-01,7.1703051110123606e-01,1.2825018824713652e-12,7.1703051121019401e-01,1.0896550142563003e-10
3.1480324797001874e-01,7.1481392559213142e-01,-6.5038391339200530e-12,7.1481392570361302e-01,1.1167115763381527e-10
3.2479700187382887e-01,7.1253302443134137e-01,-1.4540868509271831e-11,7.1253302454457967e-01,1.1416808297230173e-10
3.3479075577763895e-01,7.1018846770475885e-01,-2.2774393482194455e-11,7.1018846781895706e-01,1.1644699804691518e-10
3.4478450968144908e-01,7.0778093239998885e-01,-3.1149166579425014e-11,7.0778093251432694e-01,1.1850514943844594e-10
3.5477826358525921e-01,7.0531111208074526e-01,-3.9607372936956153e-11,7.0531111219438603e-01,1.2034519978845799e-10
3.6477201748906934e-01,7.0277971655407179e-01,-4.8088436011006763e-11,7.0277971666616601e-01,1.2197381875429092e-10
3.7476577139287948e-01,7.0018747153061178e-01,-5.6531640479917655e-11,7.0018747164030271e-01,1.2340147878546793e-10
3.8475952529668955e-01,6.9753511827814874e-01,-6.4876590211149221e-11,6.9753511838457916e-01,1.2464512130747474e-10
3.9475327920049968e-01,6.9482341326865782e-01,-7.3062209060559269e-11,6.9482341337097553e-01,1.2572589289344522e-10
4.0474703310430982e-01,6.9205312781909756e-01,-8.1028711518271734e-11,6.9205312791646167e-01,1.2667053060800419e-10
4.1474078700811995e-01,6.8922504772618132e-01,-8.8716561874591093e-11,6.8922504781776883e-01,1.2751039690453196e-10
4.2473454091193003e-01,6.8633997289537241e-01,-9.6065932986277858e-11,6.8633997298038429e-01,1.2827971122937229e-10
4.3472829481574016e-01,6.8339871696434762e-01,-1.0301905162268810e-10,6.8339871704201138e-01,1.2901389570044776e-10
4.4472204871955029e-01,6.8040210692116976e-01,-1.0952143358888833e-10,6.8040210699074599e-01,1.2975282927990082e-10
4.5471580262336042e-01,6.7735098271742855e-01,-1.1552085676935775e-10,6.7735098277821726e-01,1.3053863526261089e-10
4.6470955652717050e-01,6.7424619687660259e-01,-1.2096838808428600e-10,6.7424619692794641e-01,1.3141361638491362e-10
4.7470331043098063e-01,6.7108861409788778e-01,-1.2581855002302689e-10,6.7108861413917797e-01,1.3242049542292215e-10
4.8469706433479076e-01,6.6787911085575935e-01,-1.3002755816504674e-10,6.6787911088644292e-01,1.3359882916343600e-10
4.9469081823860089e-01,6.6461857499552934e-01,-1.3355429262507101e-10,6.6461857501510913e-01,1.3498191342231150e-10
5.0468457214241103e-01,6.6130790532514305e-01,-1.3636286544382870e-10,6.6130790533318340e-01,1.3659970072635994e-10
5.1467832604622110e-01,6.5794801120349389e-01,-1.3842081647563731e-10,6.5794801119962310e-01,1.3847492722129697e-10
5.2467207995003118e-01,6.5453981212550982e-01,-1.3969979340000549e-10,6.5453981210942447e-01,1.4062279662332726e-10
5.3466583385384137e-01,6.5108423730428056e-01,-1.4017634275553803e-10,6.5108423727574904e-01,1.4305053008996036e-10
5.4465958775765144e-01,6.4758222525048836e-01,-1.3982992541627937e-10,6.4758222520935360e-01,1.4575485140592304e-10
5.5465334166146163e-01,6.4403472334940937e-01,-1.3864374925898204e-10,6.4403472329558875e-01,1.4872372967323424e-10
5.6464709556527171e-01,6.4044268743574506e-01,-1.3660732267606335e-10,6.4044268736923360e-01,1.5193859062013981e-10
5.7464084946908178e-01,6.3680708136655817e-01,-1.3371548313045878e-10,6.3680708128742847e-01,1.5537483802881826e-10
5.8463460337289197e-01,6.3312887659257222e-01,-1.2996807796650245e-10,6.3312887650097527e-01,1.5900221052213785e-10
5.9462835727670205e-01,6.2940905172810280e-01,-1.2537092197728583e-10,6.2940905162426841e-01,1.6278650956604622e-10
6.0462211118051223e-01,6.2564859211988211e-01,-1.1993525617093326e-10,6.2564859200412148e-01,1.6668829467526546e-10
6.1461586508432231e-01,6.2184848941505244e-01,-1.1367520813543308e-10,6.2184848928775427e-01,1.7066598237514092e-10
6.2460961898813239e-01,6.1800974112857088e-01,-1.0661159455249702e-10,6.1800974099020156e-01,1.7467712988465431e-10
6.3460337289194257e-01,6.1413335021030713e-01,-9.8770755463384319e-11,6.1413335006140835e-01,1.7867990786136323e-10
6.4459712679575265e-01,6.1022032461208331e-01,-9.0183818746147892e-11,6.1022032445326879e-01,1.8263398370250286e-10
6.5459088069956273e-01,6.0627167685491645e-01,-8.0887574416266261e-11,6.0627167668687099e-01,1.8649954016823442e-10
6.6458463460337291e-01,6.0228842359672474e-01,-7.0923600326011638e-11,6.0228842342020106e-01,1.9023871397098437e-10
6.7457838850718299e-01,5.9827158520075086e-01,-6.0336666218852031e-11,5.9827158501656641e-01,1.9381543603291965e-10
6.8457214241099318e-01,5.9422218530495630e-01,-4.9176149263807645e-11,5.9422218511398683e-01,1.9719946564553020e-10
6.9456589631480325e-01,5.9014125039263321e-01,-3.7496936111658385e-11,5.9014125019580765e-01,2.0036546522518487e-10
7.0455965021861333e-01,5.8602980936448257e-01,-2.5358007360587465e-11,5.8602980916278025e-01,2.0329007609945376e-10
7.1455340412242352e-01,5.8188889311241554e-01,-1.2822423678393591e-11,5.8188889290685908e-01,2.0595599797444540e-10
7.2454715802623360e-01,5.7771953409530252e-01,4.3021142204224816e-14,5.7771953388695407e-01,2.0834845404568804e-10
7.3454091193004367e-01,5.7352276591692619e-01,1.3170090018554959e-11,5.7352276570688121e-01,2.1045746716563302e-10
7.4453466583385386e-01,5.6929962290636582e-01,2.6488602977714493e-11,5.6929962269574541e-01,2.1227954022224860e-10
7.5452841973766394e-01,5.6505113970104459e-01,3.9926006945023573e-11,5.6505113949099117e-01,2.1381422989927221e-10
7.6452217364147412e-01,5.6077835083267968e-01,5.3407944733407930e-11,5.6077835062434778e-01,2.1506880794754274e-10
7.7451592754528420e-01,5.5648229031634644e-01,6.6858421576831972e-11,5.5648229011089778e-01,2.1605369620789795e-10
7.8450968144909428e-01,5.5216399124289095e-01,8.0201817409530918e-11,5.5216399104148850e-01,2.1678394426634006e-10
7.9450343535290446e-01,5.4782448537490425e-01,9.3362984010525452e-11,5.4782448517870508e-01,2.1728037259810872e-10
8.0449718925671454e-01,5.4346480274647235e-01,1.0626867441576593e-10,5.4346480255662100e-01,2.1756968737115846e-10
8.1449094316052473e-01,5.3908597126691138e-01,1.1884415673790727e-10,5.3908597108453193e-01,2.1768370519023963e-10
8.2448469706433480e-01,5.3468901632869137e-01,1.3101680851335118e-10,5.3468901615488140e-01,2.1765869736760154e-10
8.3447845096814488e-01,5.3027496041975319e-01,1.4271520076825084e-10,5.3027496025557719e-01,2.1753480070304813e-10
8.4447220487195507e-01,5.2584482274041178e-01,1.5386804330663750e-10,5.2584482258689513e-01,2.1735393874367305e-10
8.5446595877576514e-01,5.2139961882503694e-01,1.6440809824658231e-10,5.2139961868316120e-01,2.1716064673931260e-10
8.6445971267957522e-01,5.1694036016870160e-01,1.7427111143053509e-10,5.1694036003939781e-01,2.1700205151355666e-10
8.7445346658338541e-01,5.1246805385897476e-01,1.8339636753683664e-10,5.1246805374311699e-01,2.1692683096117675e-10
8.8444722048719548e-01,5.0798370221303457e-01,1.9172524678978675e-10,5.0798370211143529e-01,2.1698153118606587e-10
8.9444097439100567e-01,5.0348830242027653e-01,1.9920341765011784e-10,5.0348830233368080e-01,2.1721146875625464e-10
9.0443472829481575e-01,4.9898284619058031e-01,2.0578022619233138e-10,4.9898284611966154e-01,2.1765792783970048e-10
9.1442848219862582e-01,4.9446831940839370e-01,2.1140887651593943e-10,4.9446831935374991e-01,2.1835671915449835e-10
9.2442223610243601e-01,4.8994570179279345e-01,2.1604870670266507e-10,4.8994570175494340e-01,2.1933916759000248e-10
9.3441599000624609e-01,4.8541596656366959e-01,2.1966449492705209e-10,4.8541596654304831e-01,2.2063029624651901e-10
9.4440974391005617e-01,4.8088008011417466e-01,2.2222355899881308e-10,4.8088008011112904e-01,2.2224442843656269e-10
9.5440349781386635e-01,4.7633900168957760e-01,2.2370015562156453e-10,4.7633900170436444e-01,2.2418833648426617e-10
9.6439725171767643e-01,4.7179368307265623e-01,2.2407174726790657e-10,4.7179368310544034e-01,2.2645738166584425e-10
9.7439100562148662e-01,4.6724506827575568e-01,2.2332212468167967e-10,4.6724506832660628e-01,2.2903832658748944e-10
9.8438475952529669e-01,4.6269409323962368e-01,2.2144124034451096e-10,4.6269409330851741e-01,2.3191069000808176e-10
9.9437851342910677e-01,4.5814168553915746e-01,2.1842594399856807e-10,4.5814168562597463e-01,2.3504704438766575e-10
1.0043722673329170e+00,4.5358876409615223e-01,2.1427817853414410e-10,4.5358876420067495e-01,2.3841169767538180e-10
1.0143660212367271e+00,4.4903623889915634e-01,2.0900600000706149e-10,4.4903623902107204e-01,2.4196476166250825e-10
1.0243597751405371e+00,4.4448501073054536e-01,2.0262438948925876e-10,4.4448501086944558e-01,2.4566219820157843e-10
1.0343535290443473e+00,4.3993597090088854e-01,1.9515290772265104e-10,4.3993597105627075e-01,2.4945598344433201e-10
1.0443472829481575e+00,4.3539000099070024e-01,1.8661927558838443e-10,4.3539000116197163e-01,2.5329950981131667e-10
1.0543410368519675e+00,4.3084797259966057e-01,1.7705794469469183e-10,4.3084797278613957e-01,2.5714574235964817e-10
1.0643347907557776e+00,4.2631074710337025e-01,1.6650825857000839e-10,4.2631074730428692e-01,2.6094541447448364e-10
1.0743285446595878e+00,4.2177917541770382e-01,1.5501482042434844e-10,4.2177917563220668e-01,2.6465273749673740e-10
1.0843222985633978e+00,4.1725409777083811e-01,1.4262822867205927e-10,4.1725409799799612e-01,2.6822299532394076e-10
1.0943160524672080e+00,4.1273634348299265e-01,1.2940296750807434e-10,4.1273634372180062e-01,2.7161438871582549e-10
1.1043098063710182e+00,4.0822673075394472e-01,1.1539841304752940e-10,4.0822673100332807e-01,2.7478873275202806e-10
1.1143035602748281e+00,4.0372606645835418e-01,1.0068042927136034e-10,4.0372606671717598e-01,2.7771437055032170e-10
1.1242973141786383e+00,3.9923514594894299e-01,8.5318432874181838e-11,3.9923514621600720e-01,2.8036141690952768e-10
1.1342910680824485e+00,3.9475475286755152e-01,6.9384706313790900e-11,3.9475475314160996e-01,2.8270526601764251e-10
1.1442848219862587e+00,3.9028565896410478e-01,5.2956035390128164e-11,3.9028565924386355e-01,2.8472673220054499e-10
1.1542785758900687e+00,3.8582862392350592e-01,3.6110878176565109e-11,3.8582862420763175e-01,2.8641139127596744e-10
1.1642723297938788e+00,3.8138439520047118e-01,1.8930995659971472e-11,3.8138439548759800e-01,2.8775022969788268e-10
1.1742660836976890e+00,3.7695370786231236e-01,1.5006745845980163e-12,3.7695370815105106e-01,2.8874259935173471e-10
1.1842598376014990e+00,3.7253728443968009e-01,-1.6093286425711284e-11,3.7253728472862263e-01,2.8939036491195628e-10
1.1942535915053092e+00,3.6813583478524925e-01,-3.3763873641401432e-11,3.6813583507297548e-01,2.8970050671048907e-10
1.2042473454091194e+00,3.6375005594034804e-01,-5.1424087210705238e-11,3.6375005622543455e-01,2.8968733990901670e-10
1.2142410993129293e+00,3.5938063200952014e-01,-6.8986462375963953e-11,3.5938063229054551e-01,2.8936895198587291e-10
1.2242348532167395e+00,3.5502823404298850e-01,-8.6364880524936183e-11,3.5502823431854286e-01,2.8877170275198404e-10
1.2342286071205497e+00,3.5069351992701225e-01,-1.0347288997847315e-10,3.5069352019570404e-01,2.8792693089072647e-10
1.2442223610243597e+00,3.4637713428209588e-01,-1.2022347700701985e-10,3.4637713454255908e-01,2.8687064400932625e-10
1.2542161149281699e+00,3.4207970836901963e-01,-1.3653275732217196e-10,3.4207970861992082e-01,2.8564418481772769e-10
1.2642098688319801e+00,3.3780186000265533e-01,-1.5231858829789502e-10,3.3780186024269854e-01,2.8429156481324087e-10
1.2742036227357900e+00,3.3354419347351055e-01,-1.6750036774260124e-10,3.3354419370144772e-01,2.8286344102619770e-10
1.2841973766396002e+00,3.2930729947697407e-01,-1.8199989432199359e-10,3.2930729969160805e-01,2.8141020899531648e-10
1.2941911305434104e+00,3.2509175505018251e-01,-1.9574344922723697e-10,3.2509175525037642e-01,2.7998768244140402e-10
1.3041848844472206e+00,3.2089812351647135e-01,-2.0865682792692297e-10,3.2089812370115434e-01,2.7864938372513990e-10
1.3141786383510305e+00,3.1672695443733767e-01,-2.2067140476034197e-10,3.1672695460550815e-01,2.7744761378707067e-10
1.3241723922548407e+00,3.1257878357184066e-01,-2.3172332108689631e-10,3.1257878372257392e-01,2.7643482589374894e-10
1.3341661461586509e+00,3.0845413284338419e-01,-2.4175279833560381e-10,3.0845413297583540e-01,2.7565873883865629e-10
1.3441599000624609e+00,3.0435351031378866e-01,-2.5070476250554918e-10,3.0435351042719888e-01,2.7516314656234179e-10
1.3541536539662711e+00,3.0027741016458348e-01,-2.5853007928899885e-10,3.0027741025828386e-01,2.7498647831654868e-10
1.3641474078700813e+00,2.9622631268543054e-01,-2.6518371526451645e-10,2.9622631275884792e-01,2.7515907219234264e-10
1.3741411617738912e+00,2.9220068426959755e-01,-2.7062648649822663e-10,2.9220068432225499e-01,2.7570183268623603e-10
1.3841349156777014e+00,2.8820097741637685e-01,-2.7482442710446975e-10,2.8820097744789686e-01,2.7662605931047473e-10
1.3941286695815116e+00,2.8422763074036511e-01,-2.7775112071415364e-10,2.8422763075047341e-01,2.7793499752495249e-10
1.4041224234853216e+00,2.8028106898750565e-01,-2.7938577840114220e-10,2.8028106897603067e-01,2.7962133057734823e-10
1.4141161773891318e+00,2.7636170305777985e-01,-2.7971407828841777e-10,2.7636170302465679e-01,2.8166842685433822e-10
1.4241099312929419e+00,2.7246993003445946e-01,-2.7872799207573351e-10,2.7246992997972952e-01,2.8405045362656842e-10
1.4341036851967521e+00,2.6860613321979626e-01,-2.7642415439954604e-10,2.6860613314360704e-01,2.8673177470114352e-10
1.4440974391005621e+00,2.6477068217704636e-01,-2.7280844250299197e-10,2.6477068207965065e-01,2.8967286581346796e-10
1.4540911930043723e+00,2.6096393277871038e-01,-2.6789274271132868e-10,2.6096393266046591e-01,2.9282806598558815e-10
1.4640849469081825e+00,2.5718622726087792e-01,-2.6169553329902229e-10,2.5718622712224409e-01,2.9614842568837538e-10
1.4740787008119924e+00,2.5343789428354913e-01,-2.5424257144024409e-10,2.5343789412508599e-01,2.9958279186072711e-10
1.4840724547158026e+00,2.4971924899681730e-01,-2.4556621319726801e-10,2.4971924881918434e-01,3.0307793539892724e-10
1.4940662086196128e+00,2.4603059311279143e-01,-2.3570310980769449e-10,2.4603059291674331e-01,3.0657922660158188e-10
1.5040599625234228e+00,2.4237221498312311e-01,-2.2469674731961931e-10,2.4237221476950557e-01,3.1003400102216373e-10
1.5140537164272330e+00,2.3874438968201497e-01,-2.1259669372164502e-10,2.3874438945176080e-01,3.1339167208445398e-10
1.5240474703310432e+00,2.3514737909457975e-01,-1.9945697177226052e-10,2.3514737884870485e-01,3.1660314574029358e-10
1.5340412242348531e+00,2.3158143201041922e-01,-1.8533803311515662e-10,2.3158143175001680e-01,3.1962416651933534e-10
1.5440349781386633e+00,2.2804678422228347e-01,-1.7030404864115667e-10,2.2804678394852060e-01,3.2241212737817324e-10
1.5540287320424735e+00,2.2454365862968539e-01,-1.5442236725449199e-10,2.2454365834379633e-01,3.2492895149847393e-10
1.5640224859462837e+00,2.2107226534732372e-01,-1.3776514998231626e-10,2.2107226505060362e-01,3.2714224750748113e-10
1.5740162398500936e+00,2.1763280181818140e-01,-1.2040870384089075e-10,2.1763280151198017e-01,3.2902499882137403e-10
1.5840099937539038e+00,2.1422545293116027e-01,-1.0243213222072001e-10,2.1422545261687551e-01,3.3055597883975695e-10
1.5940037476577140e+00,2.1085039114311058e-01,-8.3918330617827053e-11,2.1085039082218085e-01,3.3172002658653730e-10
1.6039975015615240e+00,2.0750777660511405e-01,-6.4953008249712951e-11,2.0750777627901340e-01,3.3250642838797625e-10
1.6139912554653342e+00,2.0419775729288289e-01,-4.5623164968144891e-11,2.0419775696311301e-01,3.3291086744785348e-10
1.6239850093691444e+00,2.0092046914112735e-01,-2.6017195342564747e-11,2.0092046880921086e-01,3.3293460864692129e-10
1.6339787632729543e+00,1.9767603618175283e-01,-6.2257109190166915e-12,1.9767603584922486e-01,3.3258625229269457e-10
1.6439725171767645e+00,1.9446457068573786e-01,1.3660236136692205e-11,1.9446457035413972e-01,3.3187938632635087e-10
1.6539662710805747e+00,1.9128617330855843e-01,3.3548292616147890e-11,1.9128617297942913e-01,3.3083468493648604e-10
1.6639600249843847e+00,1.8814093323900488e-01,5.3346275313836955e-11,1.8814093291387474e-01,3.2947752016868710e-10
1.6739537788881949e+00,1.8502892835125423e-01,7.2962875324877885e-11,1.8502892803163895e-01,3.2783762375040497e-10
1.6839475327920050e+00,1.8195022536005814e-01,9.2308109073124811e-11,1.8195022504744895e-01,3.2595289806555029e-10
1.6939412866958150e+00,1.7890487997888915e-01,1.1129173277391047e-10,1.7890487967474697e-01,3.2386465948826738e-10
1.7039350405996252e+00,1.7589293708091683e-01,1.2982592431654005e-10,1.7589293678666462e-01,3.2161954437195010e-10
1.7139287945034354e+00,1.7291443086266353e-01,1.4782380527988970e-10,1.7291443057967923e-01,3.1926790154661054e-10
1.7239225484072456e+00,1.6996938501019923e-01,1.6520013482179685e-10,1.6996938473980860e-01,3.1686302320440731e-10
1.7339163023110555e+00,1.6705781286773097e-01,1.8187280848014353e-10,1.6705781261120409e-01,3.1445788303291772e-10
1.7439100562148657e+00,1.6417971760845654e-01,1.9776449575181765e-10,1.6417971736699996e-01,3.1210907441905977e-10
1.7539038101186759e+00,1.6133509240753094e-01,2.1279981943234105e-10,1.6133509218228093e-01,3.0987308941847347e-10
1.7638975640224859e+00,1.5852392061700815e-01,2.2690781545375849e-10,1.5852392040902663e-01,3.0780427181497588e-10
1.7738913179262961e+00,1.5574617594262782e-01,2.4002203349859919e-10,1.5574617575289659e-01,3.0595508898817230e-10
1.7838850718301063e+00,1.5300182262230316e-01,2.5208020046352253e-10,1.5300182245171851e-01,3.0437403444405185e-10
1.7938788257339162e+00,1.5029081560617288e-01,2.6302542088796343e-10,1.5029081545554385e-01,3.0310308284020170e-10
1.8038725796377264e+00,1.4761310073809322e-01,2.7280704431587033e-10,1.4761310060813601e-01,3.0217968212712799e-10
1.8138663335415366e+00,1.4496861493842469e-01,2.8137983609788364e-10,1.4496861482975973e-01,3.0163336516313007e-10
1.8238600874453466e+00,1.4235728638798928e-01,2.8870335636033140e-10,1.4235728630113767e-01,3.0148437770624284e-10
1.8338538413491567e+00,1.3977903471306424e-01,2.9474450657929196e-10,1.3977903464844582e-01,3.0174470100540860e-10
1.8438475952529669e+00,1.3723377117128829e-01,2.9947417115594455e-10,1.3723377112921942e-01,3.0241456567259029e-10
1.8538413491567771e+00,1.3472139883834866e-01,3.0287018032426616e-10,1.3472139881904108e-01,3.0348497310892207e-10
1.8638351030605871e+00,1.3224181279532632e-01,3.0491735178439505e-10,1.3224181279888780e-01,3.0493815043485429e-10
1.8738288569643973e+00,1.2979490031657975e-01,3.0560610986274384e-10,1.2979490034301222e-01,3.0674707776013316e-10
1.8838226108682075e+00,1.2738054105803842e-01,3.0493401206865833e-10,1.2738054110723829e-01,3.0887761098917248e-10
1.8938163647720174e+00,1.2499860724579148e-01,3.0290404906541113e-10,1.2499860731755036e-01,3.1128796846936242e-10
1.9038101186758276e+00,1.2264896386485376e-01,2.9952549468470480e-10,1.2264896395885931e-01,3.1393083000109761e-10
1.9138038725796378e+00,1.2033146884799212e-01,2.9481373592377125e-10,1.2033146896383050e-01,3.1675490414324644e-10
1.9237976264834478e+00,1.1804597326450079e-01,2.8879061468589651e-10,1.1804597340165934e-01,3.1970687595356772e-10
1.9337913803872580e+00,1.1579232150881491e-01,2.8148416236772889e-10,1.1579232166668434e-01,3.2273222536166148e-10
1.9437851342910681e+00,1.1357035148885249e-01,2.7292824077151945e-10,1.1357035166672860e-01,3.2577559373323385e-10
1.9537788881948781e+00,1.1137989481397494e-01,2.6316137810566964e-10,1.1137989501106256e-01,3.2878175505939879e-10
1.9637726420986883e+00,1.0922077698246689e-01,2.5222711766414996e-10,1.0922077719788435e-01,3.3169745502092698e-10
1.9737663960024985e+00,1.0709281756843367e-01,2.4017427630029786e-10,1.0709281780121550e-01,3.3447132302050328e-10
1.9837601499063087e+00,1.0499583040800815e-01,2.2705565726199861e-10,1.0499583065711229e-01,3.3705658887823347e-10
1.9937539038101186e+00,1.0292962378478437e-01,2.1293051002957419e-10,1.0292962404909574e-01,3.3941110689710635e-10
2.0037476577139288e+00,1.0089400061437000e-01,1.9786159169421502e-10,1.0089400089270491e-01,3.4149602042807523e-10
2.0137414116177390e+00,9.8888758627969503e-02,1.8191548614709951e-10,9.8888758919082026e-02,3.4327794151954790e-10
2.0237351655215492e+00,9.6913690554911308e-02,1.6516319215065245e-10,9.6913690857499166e-02,3.4472930188320342e-10
2.0337289194253589e+00,9.4968584304028741e-02,1.4767839381923942e-10,9.4968584616738475e-02,3.4582695843653237e-10
2.0437226733291691e+00,9.3053223143807998e-02,1.2953845635044203e-10,9.3053223465242182e-02,3.4655468089102595e-10
2.0537164272329793e+00,9.1167385881225679e-02,1.1082457000710644e-10,9.1167386209949977e-02,3.4690308339610807e-10
2.0637101811367895e+00,8.9310847039194785e-02,9.1620275602388723e-11,8.9310847373742869e-02,3.4686697045928424e-10
2.0737039350405997e+00,8.7483377032536488e-02,7.2011265006555192e-11,8.7483377371418092e-02,3.4644821166576998e-10
2.0836976889444099e+00,8.5684742342412523e-02,5.2084260515616876e-11,8.5684742684118853e-02,3.4565298506740214e-10
2.0936914428482201e+00,8.3914705689137517e-02,3.1927781599105920e-11,8.3914706032148179e-02,3.4449339205362282e-10
2.1036851967520298e+00,8.2173026203305480e-02,1.1630573240606346e-11,8.2173026546096747e-02,3.4298851784319510e-10
2.1136789506558400e+00,8.0459459595165914e-02,-8.7171832252597170e-12,8.0459459936217850e-02,3.4116332277185808e-10
2.1236727045596502e+00,7.8773758322183460e-02,-2.9025256156889334e-11,7.8773758659986107e-02,3.3904733267212459e-10
2.1336664584634604e+00,7.7115671754716952e-02,-4.9203259522290210e-11,7.7115672087776838e-02,3.3667469149757073e-10
2.1436602123672706e+00,7.5484946339761258e-02,-6.9162932325728121e-11,7.5484946666608557e-02,3.3408482189264416e-10
2.1536539662710807e+00,7.3881325762695974e-02,-8.8815857446356006e-11,7.3881326081890825e-02,3.3132100673904599e-10
2.1636477201748905e+00,7.2304551106984999e-02,-1.0807638811671794e-10,7.2304551417124663e-02,3.2843129696124513e-10
2.1736414740787007e+00,7.0754361011777817e-02,-1.2685959401015356e-10,7.0754361311502811e-02,3.2546647924827806e-10
2.1836352279825109e+00,6.9230491827362392e-02,-1.4508252238476516e-10,6.9230492115362877e-02,3.2247979380901861e-10
2.1936289818863210e+00,6.7732677768424954e-02,-1.6266601433889694e-10,6.7732678043444863e-02,3.1952493315895896e-10
2.2036227357901312e+00,6.6260651065066761e-02,-1.7953329621567260e-10,6.6260651325911274e-02,3.1665764515151568e-10
2.2136164896939414e+00,6.4814142111548068e-02,-1.9561264240353093e-10,6.4814142357087032e-02,3.1393261823089208e-10
2.2236102435977516e+00,6.3392879612707995e-02,-2.1083478365935271e-10,6.3392879841881258e-02,3.1140277904240217e-10
2.2336039975015614e+00,6.1996590728031001e-02,-2.2513572950355609e-10,6.1996590939854268e-02,3.0912003049260533e-10
2.2435977514053715e+00,6.0625001213327159e-02,-2.3845430838220771e-10,6.0625001406895300e-02,3.0713039946160569e-10
2.2535915053091817e+00,5.9277835559990395e-02,-2.5073514531986918e-10,5.9277835734480595e-02,3.0547494662881591e-10
2.2635852592129919e+00,5.7954817131805537e-02,-2.6192658285351111e-10,5.7954817286481282e-02,3.0418764064601508e-10
2.2735790131168021e+00,5.6655668299281245e-02,-2.7198267856659575e-10,5.6655668433495010e-02,3.0329509093131394e-10
2.2835727670206123e+00,5.5380110571480540e-02,-2.8086228221618770e-10,5.5380110684676603e-02,3.0281507623271183e-10
2.2935665209244220e+00,5.4127864725328864e-02,-2.8852975737791997e-10,5.4127864817045297e-02,3.0275621378544506e-10
2.3035602748282322e+00,5.2898650932377486e-02,-2.9495356330955236e-10,5.2898651002248574e-02,3.0311643548109142e-10
2.3135540287320424e+00,5.1692188883008583e-02,-3.0010801309321433e-10,5.1692188930765076e-02,3.0388402749394684e-10
2.3235477826358526e+00,5.0508197908060541e-02,-3.0397300041645758e-10,5.0508197933530265e-02,3.0503818088891995e-10
2.3335415365396628e+00,4.9346397097863266e-02,-3.0653400564378819e-10,4.9346397100971981e-02,3.0654976875371127e-10
2.3435352904434730e+00,4.8206505418672746e-02,-3.0778224066607685e-10,4.8206505399443995e-02,3.0838231550563565e-10
2.3535290443472832e+00,4.7088241826493259e-02,-3.0771478160690480e-10,4.7088241785048432e-02,3.1049325352197270e-10
2.3635227982510929e+00,4.5991325378282530e-02,-3.0633459744550118e-10,4.5991325314839661e-02,3.1283523334305430e-10
2.3735165521549031e+00,4.4915475340531398e-02,-3.0364874850641321e-10,4.4915475255404153e-02,3.1535568870897519e-10
2.3835103060587133e+00,4.3860411295217741e-02,-2.9967098247318802e-10,4.3860411188813148e-02,3.1800099881583258e-10
2.3935040599625235e+00,4.2825853243129465e-02,-2.9442062590007145e-10,4.2825853115946312e-02,3.2071647811814869e-10
2.4034978138663337e+00,4.1811521704560477e-02,-2.8792154511264600e-10,4.1811521557186711e-02,3.2344681639459165e-10
2.4134915677701438e+00,4.0817137817380104e-02,-2.8020467543465877e-10,4.0817137650489478e-02,3.2613975729501521e-10
2.4234853216739536e+00,3.9842423432477209e-02,-2.7130381882040089e-10,3.9842423246827796e-02,3.2874224929526501e-10
2.4334790755777638e+00,3.8887101206592417e-02,-2.6125884788896769e-10,3.8887101003021819e-02,3.3120563690999114e-10
2.4434728294815740e+00,3.7950894692536923e-02,-2.5011467202906701e-10,3.7950894471958069e-02,3.3348520192812257e-10
2.4534665833853841e+00,3.7033528426810895e-02,-2.3792049753945665e-10,3.7033528190207908e-02,3.3554006720893531e-10
2.4634603372891943e+00,3.6134728014631717e-02,-2.2473061692812601e-10,3.6134727763055659e-02,3.3733420141424425e-10
2.4734540911930045e+00,3.5254220212384932e-02,-2.1060364823605182e-10,3.5254219946948488e-02,3.3883683724219289e-10
2.4834478450968147e+00,3.4391733007508328e-02,-1.9560227569603850e-10,3.4391732729381522e-02,3.4002172084221415e-10
2.4934415990006245e+00,3.3546995695827989e-02,-1.7979251854677303e-10,3.3546995406233196e-02,3.4086726686652318e-10
2.5034353529044346e+00,3.2719738956361953e-02,-1.6324318025812135e-10,3.2719738656566938e-02,3.4135815068720012e-10
2.5134291068082448e+00,3.1909694923604494e-02,-1.4602746702813141e-10,3.1909694614917480e-02,3.4148454342718196e-10
2.5234228607120550e+00,3.1116597257315817e-02,-1.2822021049074817e-10,3.1116596941080075e-02,3.4124106901636879e-10
2.5334166146158652e+00,3.0340181209836461e-02,-1.0989889380474960e-10,3.0340180887423386e-02,3.4062876867807356e-10
2.5434103685196754e+00,2.9580183690944117e-02,-9.1143278688199381e-11,2.9580183363747483e-02,3.3965384554425592e-10
2.5534041224234851e+00,2.8836343330278576e-02,-7.2033280382188813e-11,2.8836342999709299e-02,3.3832652904445017e-10
2.5633978763272953e+00,2.8108400537360783e-02,-5.2651237102824267e-11,2.8108400204839529e-02,3.3666383360251767e-10
2.5733916302311055e+00,2.7396097559225188e-02,-3.3078982261680601e-11,2.7396097226175947e-02,3.3468793819608099e-10
2.5833853841349157e+00,2.6699178535693570e-02,-1.3400230577942374e-11,2.6699178203538482e-02,3.3242528298502240e-10
2.5933791380387259e+00,2.6017389552321663e-02,6.3015903259411310e-12,2.6017389222473382e-02,3.2990846954501965e-10
2.6033728919425361e+00,2.5350478691037053e-02,2.5943246682869070e-11,2.5350478364893930e-02,3.2717333124781913e-10
2.6133666458463458e+00,2.4698196078505871e-02,4.5441827384307132e-11,2.4698195757446501e-02,3.2425927709262111e-10
2.6233603997501560e+00,2.4060293932255193e-02,6.4716603603853784e-11,2.4060293617631175e-02,3.2121100754098541e-10
2.6333541536539662e+00,2.3436526604576399e-02,8.3686983558262096e-11,2.3436526297707681e-02,3.1807533897648551e-10
2.6433479075577764e+00,2.2826650624248480e-02,1.0227402388526818e-10,2.2826650326417126e-02,3.1490235151217890e-10
2.6533416614615866e+00,2.2230424736106050e-02,1.2040101424540262e-10,2.2230424448551549e-02,3.1174347675921906e-10
2.6633354153653968e+00,2.1647609938490322e-02,1.3799344002543568e-10,2.1647609662403689e-02,3.0865193707147915e-10
2.6733291692692069e+00,2.1077969518609491e-02,1.5497853738180578e-10,2.1077969255129895e-02,3.0567931634549656e-10
2.6833229231730167e+00,2.0521269085850717e-02,1.7128782463585179e-10,2.0521268836059842e-02,3.0287786373968150e-10
2.6933166770768269e+00,1.9977276603069187e-02,1.8685487662359335e-10,1.9977276367986997e-02,3.0029715431754666e-10
2.7033104309806371e+00,1.9445762415894702e-02,2.0161665132550910e-10,1.9445762196474894e-02,2.9798376893150333e-10
2.7133041848844472e+00,1.8926499280086946e-02,2.1551315983539543e-10,1.8926499077213780e-02,2.9597878913755118e-10
2.7232979387882574e+00,1.8419262386978979e-02,2.2848817456122550e-10,1.8419262201463438e-02,2.9431762036139213e-10
2.7332916926920676e+00,1.7923829387040870e-02,2.4048908177365380e-10,1.7923829219618034e-02,2.9302799263976615e-10
2.7432854465958774e+00,1.7439980411602801e-02,2.5146795713457126e-10,1.7439980262929165e-02,2.9213007972114557e-10
2.7532792004996876e+00,1.6967498092773217e-02,2.6138150758386880e-10,1.6967497963423530e-02,2.9163613302960236e-10
2.7632729544034977e+00,1.6506167581586958e-02,2.7018990647262320e-10,1.6506167472052292e-02,2.9154832983309108e-10
2.7732667083073079e+00,1.6055776564422527e-02,2.7785885831771440e-10,1.6055776475108804e-02,2.9186038833103443e-10
2.7832604622111181e+00,1.5616115277726141e-02,2.8435862735667894e-10,1.5616115208952045e-02,2.9255718279400039e-10
2.7932542161149283e+00,1.5186976521076430e-02,2.8966416027939590e-10,1.5186976473073268e-02,2.9361476347833831e-10
2.8032479700187385e+00,1.4768155668632328e-02,2.9375646424904811e-10,1.4768155641543070e-02,2.9500286131284817e-10
2.8132417239225482e+00,1.4359450678997706e-02,2.9662163090332649e-10,1.4359450672876714e-02,2.9668477964024193e-10
2.8232354778263584e+00,1.3960662103542597e-02,2.9825059978151602e-10,1.3960662118355121e-02,2.9861820298038540e-10
2.8332292317301686e+00,1.3571593093216486e-02,2.9863946168426359e-10,1.3571593128839481e-02,3.0075658893266390e-10
2.8432229856339788e+00,1.3192049403893975e-02,2.9779001985662246e-10,1.3192049460116810e-02,3.0305099100368753e-10
2.8532167395377890e+00,1.2821839400288712e-02,2.9570809538005671e-10,1.2821839476814334e-02,3.0544958437423505e-10
2.8632104934415992e+00,1.2460774058472424e-02,2.9240596315788236e-10,1.2460774154920223e-02,3.0790164874411887e-10
2.8732042473454089e+00,1.2108666967041649e-02,2.8790056645112971e-10,1.2108667082948060e-02,3.1035629898762188e-10
2.8831980012492191e+00,1.1765334326961321e-02,2.8221409410777998e-10,1.1765334461782500e-02,3.1276436032967903e-10
2.8931917551530293e+00,1.1430594950129122e-02,2.7537327561451275e-10,1.1430595103243419e-02,3.1507844889018344e-10
2.9031855090568395e+00,1.1104270256693959e-02,2.6740947412125238e-10,1.1104270427405437e-02,3.1725421281709055e-10
2.9131792629606497e+00,1.0786184271168580e-02,2.5835895423910460e-10,1.0786184458709771e-02,3.1925075962878588e-10
2.9231730168644598e+00,1.0476163617369038e-02,2.4826220463083915e-10,1.0476163820905113e-02,3.2103123856459991e-10
2.9331667707682700e+00,1.0174037512221406e-02,2.3716414639454730e-10,1.0174037730853937e-02,3.2256319647516933e-10
2.9431605246720798e+00,9.8796377584700300e-03,2.2511381170611799e-10,9.8796379912402896e-03,3.2381819282598551e-10
2.9531542785758900e+00,9.5927987363213802e-03,2.1216361978902698e-10,9.5927989822150814e-03,3.2477240318185476e-10
2.9631480324797002e+00,9.3133573940626831e-03,1.9836919997254232e-10,9.3133576520143934e-03,3.2540655243031672e-10
2.9731417863835103e+00,9.0411532376880824e-03,1.8378954629895417e-10,9.0411535065859829e-03,3.2570642948528213e-10
2.9831355402873205e+00,8.7760283195681358e-03,1.6848588474914494e-10,8.7760285982591002e-03,3.2566262757592206e-10
2.9931292941911307e+00,8.5178272261969383e-03,1.5252318440357737e-10,8.5178275134918952e-03,3.2527175415825229e-10
3.0031230480949405e+00,8.2663970650526473e-03,1.3596846890583103e-10,8.2663973597309082e-03,3.2453459294585102e-10
3.0131168019987506e+00,8.0215874506015406e-03,1.1889087934632836e-10,8.0215877514161534e-03,3.2345706433353618e-10
3.0231105559025608e+00,7.7832504894821209e-03,1.0136146457763451e-10,7.7832507951654806e-03,3.2205040428408876e-10
3.0331043098063710e+00,7.5512407649023635e-03,8.3452777240727860e-11,7.5512410741708988e-03,3.2033013116364287e-10
3.0430980637101812e+00,7.3254153202791132e-03,6.5238705930503738e-11,7.3254156318396085e-03,3.1831750026302583e-10
3.0530918176139914e+00,7.1056336421570316e-03,4.6794640319765268e-11,7.1056339547118062e-03,3.1603832914032130e-10
3.0630855715178016e+00,6.8917576424350402e-03,2.8197181135142246e-11,6.8917579546867776e-03,3.1352229360577747e-10
3.0730793254216113e+00,6.6836516399317140e-03,9.5225957110964266e-12,6.6836519505886543e-03,3.1080285450902390e-10
3.0830730793254215e+00,6.4811823413207566e-03,-9.1525040584600204e-12,6.4811826491023095e-03,3.0791760684345563e-10
3.0930668332292317e+00,6.2842188214678298e-03,-2.7751767789178927e-11,6.2842191251098198e-03,3.0490755766462741e-10
3.1030605871330419e+00,6.0926325031974340e-03,-4.6199115930414814e-11,6.0926328014569838e-03,3.0181636370759506e-10
3.1130543410368521e+00,5.9062971365176275e-03,-6.4419553133694685e-11,5.9062974281792668e-03,2.9869112918878961e-10
3.1230480949406623e+00,5.7250887773363738e-03,-8.2338865001370387e-11,5.7250890612157469e-03,2.9557940926326475e-10
3.1330418488444720e+00,5.5488857656901145e-03,-9.9883997774219413e-11,5.5488860406393255e-03,2.9253013797459050e-10
3.1430356027482822e+00,5.3775687035187243e-03,-1.1698407010891226e-10,5.3775689684306934e-03,2.8959216845461442e-10
3.1530293566520924e+00,5.2110204320102967e-03,-1.3356983726529881e-10,5.2110206858234000e-03,2.8681351582137924e-10
3.1630231105559026e+00,5.0491260085442219e-03,-1.4957483819230677e-10,5.0491262502463099e-03,2.8424027086091506e-10
3.1730168644597128e+00,4.8917726832565034e-03,-1.6493460189195147e-10,4.8917729118896740e-03,2.8191585549515320e-10
3.1830106183635229e+00,4.7388498752565008e-03,-1.7958726227038785e-10,4.7388500899202476e-03,2.7987873977920227e-10
3.1930043722673331e+00,4.5902491485156358e-03,-1.9347442463228670e-10,4.5902493483703337e-03,2.7816227863883343e-10
3.2029981261711429e+00,4.4458641874552569e-03,-2.0654095523719301e-10,4.4458643717252191e-03,2.7679339792703889e-10
3.2129918800749531e+00,4.3055907722559673e-03,-2.1873570793182195e-10,4.3055909402327126e-03,2.7579248885048485e-10
3.2229856339787633e+00,4.1693267539135142e-03,-2.3001098432579720e-10,4.1693269049582421e-03,2.7517187855796130e-10
3.2329793878825734e+00,4.0369720290613972e-03,-2.4032374647178084e-10,4.0369721626080032e-03,2.7493671837316730e-10
3.2429731417863836e+00,3.9084285145854335e-03,-2.4963417357554141e-10,3.9084286301424940e-03,2.7508299626875506e-10
3.2529668956901938e+00,3.7836001220507794e-03,-2.5790706907353328e-10,3.7836002192019676e-03,2.7559827581884447e-10
3.2629606495940036e+00,3.6623927319577956e-03,-2.6511169816520117e-10,3.6623928103648572e-03,2.7646316178123316e-10
3.2729544034978137e+00,3.5447141678568339e-03,-2.7122190973151439e-10,3.5447142272596647e-03,2.7765089702517515e-10
3.2829481574016239e+00,3.4304741703323981e-03,-2.7621569549836356e-10,3.4304742105503139e-03,2.7912827013973272e-10
3.2929419113054341e+00,3.3195843708824736e-03,-2.8007621731811899e-10,3.3195843918142347e-03,2.8085730563743545e-10
3.3029356652092443e+00,3.2119582657080025e-03,-2.8279037911273924e-10,3.2119582673321651e-03,2.8279504313709315e-10
3.3129294191130545e+00,3.1075111894333122e-03,-2.8435001575566332e-10,3.1075111718078664e-03,2.8489574900332709e-10
3.3229231730168642e+00,3.0061602887744027e-03,-2.8475162993594344e-10,3.0061602520355573e-03,2.8711188327523043e-10
3.3329169269206744e+00,2.9078244961702818e-03,-2.8399627007708039e-10,2.9078244405322329e-03,2.8939501360278015e-10
3.3429106808244846e+00,2.8124245033986747e-03,-2.8209005785559058e-10,2.8124244291516591e-03,2.9169748040469442e-10
3.3529044347282948e+00,2.7198827351866011e-03,-2.7904373272767333e-10,2.7198826426960369e-03,2.9397263350582563e-10
3.3628981886321050e+00,2.6301233228362042e-03,-2.7487240771267157e-10,2.6301232125410970e-03,2.9617537238057783e-10
3.3728919425359152e+00,2.5430720778792707e-03,-2.6959491198708455e-10,2.5430719502896508e-03,2.9826251468308260e-10
3.3828856964397254e+00,2.4586564657736627e-03,-2.6323539832270870e-10,2.4586563214682253e-03,3.0019482705532716e-10
3.3928794503435351e+00,2.3768055796574467e-03,-2.5582167417423363e-10,2.3768054192808375e-03,3.0193606232580913e-10
3.4028732042473453e+00,2.2974501141731205e-03,-2.4738644569281473e-10,2.2974499384334737e-03,3.0345424196665235e-10
3.4128669581511555e+00,2.2205223393767450e-03,-2.3796573945297078e-10,2.2205221490424103e-03,3.0472094136383767e-10
3.4228607120549657e+00,2.1459560747428010e-03,-2.2759979784094803e-10,2.1459558706388680e-03,3.0571241949338191e-10
3.4328544659587759e+00,2.0736866632769914e-03,-2.1633203561854941e-10,2.0736864462821444e-03,3.0640873561508642e-10
3.4428482198625860e+00,2.0036509457506554e-03,-2.0420995303820424e-10,2.0036507167928764e-03,3.0679532177363462e-10
3.4528419737663958e+00,1.9357872350647233e-03,-1.9128427677537682e-10,1.9357869951174909e-03,3.0686210078256498e-10
3.4628357276702060e+00,1.8700352907563443e-03,-1.7760906162673021e-10,1.8700350408346125e-03,3.0660373574285937e-10
3.4728294815740162e+00,1.8063362936579952e-03,-1.6324179933691930e-10,1.8063360348135982e-03,3.0602010874241236e-10
3.4828232354778264e+00,1.7446328207170220e-03,-1.4824221052632015e-10,1.7446325540349914e-03,3.0511482828617669e-10
3.4928169893816365e+00,1.6848688199881889e-03,-1.3267270927166085e-10,1.6848685465822152e-03,3.0389615694952624e-10
3.5028107432854467e+00,1.6269895858062795e-03,-1.1659768598759959e-10,1.6269893068134162e-03,3.0237731092044130e-10
3.5128044971892569e+00,1.5709417341456622e-03,-1.0008379663765422e-10,1.5709414507219046e-03,3.0057576864277998e-10
3.5227982510930667e+00,1.5166731781779460e-03,-8.3199330996701348e-11,1.5166728914932687e-03,2.9851337135324908e-10
3.5327920049968768e+00,1.4641331040331079e-03,-6.6013624254457337e-11,1.4641328152667544e-03,2.9621580899297516e-10
3.5427857589006870e+00,1.4132719467725059e-03,-4.8597492675016285e-11,1.4132716571082162e-03,2.9371264365175020e-10
3.5527795128044972e+00,1.3640413665800422e-03,-3.1021998446630061e-11,1.3640410772013979e-03,2.9103670588231795e-10
3.5627732667083074e+00,1.3163942251790443e-03,-1.3358387123242957e-11,1.3163939372640545e-03,2.8822471764843843e-10
3.5727670206121176e+00,1.2702845624787747e-03,4.3215044444409184e-12,1.2702842771949671e-03,2.8531653703399502e-10
3.5827607745159273e+00,1.2256675734573421e-03,2.1946138482886735e-11,1.2256672919575629e-03,2.8235395993834798e-10
3.5927545284197375e+00,1.1824995852887058e-03,3.9444127787136365e-11,1.1824993087054642e-03,2.7938169003121475e-10
3.6027482823235477e+00,1.1407380347128774e-03,5.6744889386298181e-11,1.1407377641549979e-03,2.7644447656502893e-10
3.6127420362273579e+00,1.1003414456613987e-03,7.3779074727864033e-11,1.1003411822092626e-03,2.7358797475704119e-10
3.6227357901311681e+00,1.0612694071371188e-03,9.0478912231385655e-11,1.0612691518381001e-03,2.7085793785939581e-10
3.6327295440349783e+00,1.0234825513536373e-03,1.0677756657920083e-10,1.0234823052179341e-03,2.6829877581802245e-10
3.6427232979387885e+00,9.8694253213811784e-04,1.2261041455133986e-10,9.8694229613514265e-04,2.6595247330285437e-10
3.6527170518425982e+00,9.5161200360211276e-04,1.3791482325197120e-10,9.5161177865632214e-04,2.6385811943099270e-10
3.6627108057464084e+00,9.1745459908087817e-04,1.5263051043044092e-10,9.1745438606847824e-04,2.6205029142776811e-10
3.6727045596502186e+00,8.8443491034618767e-04,1.6669929052046638e-10,8.8443471009192691e-04,2.6055790606796653e-10
3.6826983135540288e+00,8.5251846709424254e-04,1.8006672937659687e-10,8.5251828036833328e-04,2.5940430261726085e-10
3.6926920674578390e+00,8.2167171671127112e-04,1.9268080222165952e-10,8.2167154422612331e-04,2.5860591206833641e-10
3.7026858213616491e+00,7.9186200431741454e-04,2.0449233845425303e-10,7.9186184672516333e-04,2.5817132708090958e-10
3.7126795752654589e+00,7.6305755309253199e-04,2.1545584632002516e-10,7.6305741098238054e-04,2.5810175678882184e-10
3.7226733291692691e+00,7.3522744488337696e-04,2.2552836255961516e-10,7.3522731877973012e-04,2.5838957421867822e-10
3.7326670830730793e+00,7.0834160109460912e-04,2.3467134491065092e-10,7.0834149145568011e-04,2.5901995073173879e-10
3.7426608369768894e+00,6.8237076386513007e-04,2.4284971520446407e-10,6.8237067108113528e-04,2.5997087118329834e-10
3.7526545908806996e+00,6.5728647752896167e-04,2.5003244345290533e-10,6.5728640192049231e-04,2.6121420983029269e-10
3.7626483447845098e+00,6.3306107036139269e-04,2.5619250097015309e-10,6.3306101217832581e-04,2.6271632386264498e-10
3.7726420986883200e+00,6.0966763661074441e-04,2.6130694358523013e-10,6.0966759603193999e-04,2.6443894972983588e-10
3.7826358525921298e+00,5.8708001881775619e-04,2.6535669107462419e-10,5.8707999594987130e-04,2.6634022162871897e-10
3.7926296064959399e+00,5.6527279041809677e-04,2.6832761666349854e-10,5.6527278529617891e-04,2.6837649656204415e-10
3.8026233603997501e+00,5.4422123863307956e-04,2.7020995449565221e-10,5.4422125122021413e-04,2.7050296757185333e-10
3.8126171143035603e+00,5.2390134764333633e-04,2.7099842113192593e-10,5.2390137783133134e-04,2.7267463999896234e-10
3.8226108682073705e+00,5.0428978204886306e-04,2.7069209113800285e-10,5.0428982965786899e-04,2.7484691311771427e-10
3.8326046221111807e+00,4.8536387060899169e-04,2.6929447150133515e-10,4.8536393538952576e-04,2.7697658741479663e-10
3.8425983760149904e+00,4.6710159026854469e-04,2.6681331906505071e-10,4.6710167190212214e-04,2.7902220018741598e-10
3.8525921299188006e+00,4.4948155046255526e-04,2.6326068564431603e-10,4.4948164856355302e-04,2.8094482441726108e-10
3.8625858838226108e+00,4.3248297770212682e-04,2.5865335161911378e-10,4.3248309181962650e-04,2.8270896702775313e-10
3.8725796377264210e+00,4.1608570043869669e-04,2.5301245759010724e-10,4.1608583005829690e-04,2.8428250817494844e-10
3.8825733916302312e+00,4.0027013420435584e-04,2.4636284853119363e-10,4.0027027875070290e-04,2.8563665658439027e-10
3.8925671455340414e+00,3.8501726702850530e-04,2.3873383302918045e-10,3.8501742586727236e-04,2.8674657269963906e-10
3.9025608994378516e+00,3.7030864512540591e-04,2.3015832437204816e-10,3.7030881756703688e-04,2.8759167297822397e-10
3.9125546533416613e+00,3.5612635885663274e-04,2.2067298239647568e-10,3.5612654415818093e-04,2.8815486968453504e-10
3.9225484072454715e+00,3.4245302895794205e-04,2.1031831099149701e-10,3.4245322632774571e-04,2.8842439448705528e-10
3.9325421611492817e+00,3.2927179303820082e-04,1.9913848272879982e-10,3.2927200163829467e-04,2.8839232732112561e-10
3.9425359150530919e+00,3.1656629233933851e-04,1.8718054200800999e-10,3.1656651128925296e-04,2.8805489120713359e-10
3.9525296689569021e+00,3.0432065875998836e-04,1.7449443380160171e-10,3.0432088714053824e-04,2.8741256581786583e-10
3.9625234228607122e+00,2.9251950213944904e-04,1.6113310165999763e-10,2.9251973899601248e-04,2.8646973329883736e-10
3.9725171767645220e+00,2.8114789779668366e-04,1.4715118253544107e-10,2.8114814214420157e-04,2.8523530642639553e-10
3.9825109306683322e+00,2.7019137432676536e-04,1.3260632865483724e-10,2.7019162515365007e-04,2.8372268941916749e-10
3.9925046845721424e+00,2.5963590164792291e-04,1.1755827010500241e-10,2.5963615792021097e-04,2.8194934384893307e-10
4.0024984384759525e+00,2.4946787929839773e-04,1.0206849506078563e-10,2.4946813996349379e-04,2.7993618913755053e-10
4.0124921923797627e+00,2.3967412497777823e-04,8.6199670353546455e-11,2.3967438896963978e-04,2.7770863532148187e-10
4.0224859462835729e+00,2.3024186333430209e-04,7.0016414578454684e-11,2.3024212957753134e-04,2.7529575993232898e-10
4.0324797001873831e+00,2.2115871499252094e-04,5.3583976282635523e-11,2.2115898240548912e-04,2.7272868947890026e-10
4.0424734540911933e+00,2.1241268581444003e-04,3.6968409101089880e-11,2.1241295331546063e-04,2.7004343964359207e-10
4.0524672079950035e+00,2.0399215640085110e-04,2.0237079593603833e-11,2.0399242291166056e-04,2.6727804053066701e-10
4.0624609618988137e+00,1.9588587182075079e-04,3.4575892089759933e-12,1.9588613627057980e-04,2.6447243142557567e-10
4.0724547158026230e+00,1.8808293156910837e-04,-1.3302810303241364e-11,1.8808319289924917e-04,2.6166850641628520e-10
4.0824484697064332e+00,1.8057277975123636e-04,-2.9976798390703727e-11,1.8057303691859745e-04,2.5890859400160932e-10
4.0924422236102433e+00,1.7334519548689310e-04,-4.6497499948917279e-11,1.7334544746873859e-04,2.5623596148614141e-10
4.1024359775140535e+00,1.6639028353528605e-04,-6.2799440781179669e-11,1.6639052933296704e-04,2.5369325915152753e-10
4.1124297314178637e+00,1.5969846513392641e-04,-7.8817115906223111e-11,1.5969870377723853e-04,2.5132204077101573e-10
4.1224234853216739e+00,1.5326046905119204e-04,-9.4486523667018998e-11,1.5326069960189717e-04,2.4916125459119618e-10
4.1324172392254841e+00,1.4706732284720570e-04,-1.0974524489108903e-10,1.4706754440237533e-04,2.4724625774530917e-10
4.1424109931292943e+00,1.4111034433963939e-04,-1.2453281991164629e-10,1.4111055603560215e-04,2.4560863967843088e-10
4.1524047470331045e+00,1.3538113327313451e-04,-1.3879036560367100e-10,1.3538133428883146e-04,2.4427459140506481e-10
4.1623985009369147e+00,1.2987156318833079e-04,-1.5246158946191938e-10,1.2987175274760575e-04,2.4326375600348441e-10
4.1723922548407248e+00,1.2457377348344575e-04,-1.6549252735274691e-10,1.2457395085955749e-04,2.4259031642770717e-10
4.1823860087445350e+00,1.1948016167330192e-04,-1.7783132768672523e-10,1.1948032619076144e-04,2.4226014033497961e-10
4.1923797626483452e+00,1.1458337583450751e-04,-1.8942952805484179e-10,1.1458352687134172e-04,2.4227189557439266e-10
4.2023735165521545e+00,1.0987630723599087e-04,-2.0024189272353483e-10,1.0987644422705170e-04,2.4261773708568812e-10
4.2123672704559647e+00,1.0535208315513152e-04,-2.1022634666099124e-10,1.0535220559354221e-04,2.4328230770482895e-10
4.2223610243597749e+00,1.0100405987122786e-04,-2.1934455864479178e-10,1.0100416731005483e-04,2.4424401107991774e-10
4.2323547782635851e+00,9.6825815834601897e-05,-2.2756178949054763e-10,9.6825907889272613e-05,2.4547592638972703e-10
4.2423485321673953e+00,9.2811145010710040e-05,-2.3484676132252936e-10,9.2811221360090024e-05,2.4694580200443162e-10
4.2523422860712055e+00,8.8954050392721357e-05,-2.4117209546937188e-10,8.8954110780068010e-05,2.4861739936876650e-10
4.2623360399750156e+00,8.5248737680912226e-05,-2.4651464257314278e-10,8.5248781914362828e-05,2.5045172619711272e-10
4.2723297938788258e+00,8.1689609123934923e-05,-2.5085520028511946e-10,8.1689637077933969e-05,2.5240791899777370e-10
4.2823235477826360e+00,7.8271257523452849e-05,-2.5417855392506465e-10,7.8271269137859660e-05,2.5444376927131705e-10
4.2923173016864462e+00,7.4988460391604120e-05,-2.5647381375111132e-10,7.4988455672608324e-05,2.5651722371289363e-10
4.3023110555902564e+00,7.1836174265529126e-05,-2.5773365945888974e-10,7.1836153285139364e-05,2.5858618673978329e-10
4.3123048094940666e+00,6.8809529171571550e-05,-2.5795505682052878e-10,6.8809492066733495e-05,2.6061001582130717e-10
4.3222985633978768e+00,6.5903823236424690e-05,-2.5713945732354533e-10,6.5903770208476881e-05,2.6255030710619664e-10
4.3322923173016861e+00,6.3114517444371523e-05,-2.5529195002658978e-10,6.3114448757353766e-05,2.6437073619584168e-10
4.3422860712054963e+00,6.0437230533777897e-05,-2.5242240344286817e-10,6.0437146513928618e-05,2.6603835218373395e-10
4.3522798251093064e+00,5.7867734034682389e-05,-2.4854446020690152e-10,5.7867635068635517e-05,2.6752313382754156e-10
4.3622735790131166e+00,5.5401947440775472e-05,-2.4367553065486304e-10,5.5401833973714089e-05,2.6879832264875563e-10
4.3722673329169268e+00,5.3035933514146683e-05,-2.3783675486479671e-10,5.3035806047872562e-05,2.6984064371968483e-10
4.3822610868207370e+00,5.0765893720448707e-05,-2.3105359589308243e-10,5.0765752810788112e-05,2.7063129276560159e-10
4.3922548407245472e+00,4.8588163788997044e-05,-2.2335485316062357e-10,4.8588010044588103e-05,2.7115444623138365e-10
4.4022485946283574e+00,4.6499209401385524e-05,-2.1477309187737531e-10,4.6499043479492816e-05,2.7139925474141078e-10
4.4122423485321676e+00,4.4495621996321073e-05,-2.0534424583217329e-10,4.4495444600833993e-05,2.7135846795855675e-10
4.4222361024359778e+00,4.2574114696113537e-05,-1.9510763066997509e-10,4.2573926574701989e-05,2.7102887858814985e-10
4.4322298563397879e+00,4.0731518348210065e-05,-1.8410524478898200e-10,4.0731320289508843e-05,2.7041078064357145e-10
4.4422236102435981e+00,3.8964777681358887e-05,-1.7238249906799342e-10,3.8964570510793462e-05,2.6950949735292405e-10
4.4522173641474074e+00,3.7270947569731726e-05,-1.5998769263771584e-10,3.7270732146633780e-05,2.6833406962996673e-10
4.4622111180512176e+00,3.5647189406934194e-05,-1.4697174204875418e-10,3.5646966621065089e-05,2.6689742680262635e-10
4.4722048719550278e+00,3.4090767585422829e-05,-1.3338828389134741e-10,3.4090538352950253e-05,2.6521681840139094e-10
4.4821986258588380e+00,3.2599046076966879e-05,-1.1929309293286173e-10,3.2598811337776072e-05,2.6331222858409618e-10
4.4921923797626482e+00,3.1169485116930709e-05,-1.0474358061753460e-10,3.1169245829899093e-05,2.6120777396567044e-10
4.5021861336664584e+00,2.9799637983491418e-05,-8.9799303637761688e-11,2.9799395122797640e-05,2.5893093966575276e-10
4.5121798875702686e+00,2.8487147873404555e-05,-7.4521294069525567e-11,2.8486902424928829e-05,2.5651194417808946e-10
4.5221736414740787e+00,2.7229744871800196e-05,-5.8971805933361580e-11,2.7229497828828687e-05,2.5398406183610080e-10
4.5321673953778889e+00,2.6025243012412550e-05,-4.3214172516316577e-11,2.6024995371133841e-05,2.5138350707051245e-10
4.5421611492816991e+00,2.4871537424857996e-05,-2.7312426680112939e-11,2.4871290181242512e-05,2.4874761114156647e-10
4.5521549031855093e+00,2.3766601570733663e-05,-1.1330798460496575e-11,2.3766355716373067e-05,2.4611532584872229e-10
4.5621486570893195e+00,2.2708484563657147e-05,4.6663870976420120e-12,2.2708241080818564e-05,2.4352755050128022e-10
4.5721424109931297e+00,2.1695308568151728e-05,2.0614672182080033e-11,2.1695068427235166e-05,2.4102411604694290e-10
4.5821361648969390e+00,2.0725266283604205e-05,3.6449836701661897e-11,2.0725030437842350e-05,2.3864579187710862e-10
4.5921299188007492e+00,1.9796618501125700e-05,5.2108388516781826e-11,1.9796387883452684e-05,2.3643137537373489e-10
4.6021236727045594e+00,1.8907691738868053e-05,6.7527371893470750e-11,1.8907467258289234e-05,2.3441731212079944e-10
4.6121174266083695e+00,1.8056875950648399e-05,8.2645301585919546e-11,1.8056658488586078e-05,2.3263704439124310e-10
4.6221111805121797e+00,1.7242622305908304e-05,9.7402378071362588e-11,1.7242412713009129e-05,2.3111989667396235e-10
4.6321049344159899e+00,1.6463441040769320e-05,1.1173982627992615e-10,1.6463240132971723e-05,2.2989069557598583e-10
4.6420986883198001e+00,1.5717899375054921e-05,1.2560082551610230e-10,1.5717707930959228e-05,2.2896814002469504e-10
4.6520924422236103e+00,1.5004619497657273e-05,1.3893088293378655e-10,1.5004438255014555e-05,2.2836524641964275e-10
4.6620861961274205e+00,1.4322276614227810e-05,1.5167718576338452e-10,1.4322106267575547e-05,2.2808759417827733e-10
4.6720799500312307e+00,1.3669597058767202e-05,1.6379013786028322e-10,1.3669438256892374e-05,2.2813426903719983e-10
4.6820737039350409e+00,1.3045356465675574e-05,1.7522246516987256e-10,1.3045209809291073e-05,2.2849728097937057e-10
4.6920674578388510e+00,1.2448378001675102e-05,1.8592994193484260e-10,1.2448244040586382e-05,2.2916264224064008e-10
4.7020612117426612e+00,1.1877530653653279e-05,1.9587081808121767e-10,1.1877409884983879e-05,2.3010964535256210e-10
4.7120549656464705e+00,1.1331727573415451e-05,2.0500672526324205e-10,1.1331620439848111e-05,2.3131225357577499e-10
4.7220487195502807e+00,1.0809924476367037e-05,2.1330220129884929e-10,1.0809831364748754e-05,2.3273934462861893e-10
4.7320424734540909e+00,1.0311118092944146e-05,2.2072529388477209e-10,1.0311039333233932e-05,2.3435602683397799e-10
4.7420362273579011e+00,9.8343446720547957e-06,2.2724784347611228e-10,9.8342805358130375e-06,2.3612505134230436e-10
4.7520299812617113e+00,9.3786785332429786e-06,2.3284521806529019e-10,9.3786292326680443e-06,2.3800723153872086e-10
4.7620237351655215e+00,8.9432306667022668e-06,2.3749622372562455e-10,8.9431963546455749e-06,2.3996202515889441e-10
4.7720174890693317e+00,8.5271473824744310e-06,2.4118367652056695e-10,8.5271281511161564e-06,2.4194919086672573e-10
4.7820112429731418e+00,8.1296090022126318e-06,2.4389409729740214e-10,8.1296048833207130e-06,2.4392887481221569e-10
4.7920049968769520e+00,7.7498285969418615e-06,2.4561803589588485e-10,7.7498395618568727e-06,2.4586266271752843e-10
4.8019987507807622e+00,7.3870507668652309e-06,2.4635047124933462e-10,7.3870767269906885e-06,2.4771451874797910e-10
4.8119925046845724e+00,7.0405504636128152e-06,2.4609009414529995e-10,7.0405912705107235e-06,2.4945047074186957e-10
4.8219862585883826e+00,6.7096318515997854e-06,2.4483974533048032e-10,6.7096872978736267e-06,2.5103941956667874e-10
4.8319800124921928e+00,6.3936272094225991e-06,2.4260592048751944e-10,6.3936970294207242e-06,2.5245289618815180e-10
4.8419737663960021e+00,6.0918958680291412e-06,2.3939935796734454e-10,6.0919797394761475e-06,2.5366606438011308e-10
4.8519675202998123e+00,5.8038231870981658e-06,2.3523433817782836e-10,5.8039207321665342e-06,2.5465709144052934e-10
4.8619612742036225e+00,5.5288195653664096e-06,2.3012947384678837e-10,5.5289303528324925e-06,2.5540837373522420e-10
4.8719550281074326e+00,5.2663194872061449e-06,2.2410720342163953e-10,5.2664430339301233e-06,2.5590590386168513e-10
4.8819487820112428e+00,5.0157806012304943e-06,2.1719331600620125e-10,5.0159163743502735e-06,2.5613917422438536e-10
4.8919425359150530e+00,4.7766828317338240e-06,2.0941738520567900e-10,4.7768302511105542e-06,2.5610176465985163e-10
4.9019362898188632e+00,4.5485275223939316e-06,2.0081236963395093e-10,4.5486859624028640e-06,2.5579062576354519e-10
4.9119300437226734e+00,4.3308366081375352e-06,1.9141445900577551e-10,4.3310054010060310e-06,2.5520683292481586e-10
4.9219237976264836e+00,4.1231518182976136e-06,1.8126306389510441e-10,4.1233302570997254e-06,2.5435546864913617e-10
4.9319175515302938e+00,3.9250339083728117e-06,1.7040085742794998e-10,3.9252212495415857e-06,2.5324526793168678e-10
4.9419113054341040e+00,3.7360619181051513e-06,1.5887314518738716e-10,3.7362573846949945e-06,2.5188859443538310e-10
4.9519050593379141e+00,3.5558324570360631e-06,1.4672768360042518e-10,3.5560352419199237e-06,2.5030126299543744e-10
4.9618988132417243e+00,3.3839590157985579e-06,1.3401430910814793e-10,3.3841682848635411e-06,2.4850226679985271e-10
4.9718925671455336e+00,3.2200713018041585e-06,1.2078530572152651e-10,3.2202861977113350e-06,2.4651438294638723e-10
4.9818863210493438e+00,3.0638145999200501e-06,1.0709456015740579e-10,3.0640342455827022e-06,2.4436338092519328e-10
4.9918800749531540e+00,2.9148491557199117e-06,9.2998095163588079e-11,2.9150726582783617e-06,2.4207858091487875e-10
5.0018738288569642e+00,2.7728495828028234e-06,7.8553323783720790e-11,2.7730760366086420e-06,2.3969136581695139e-10
5.0118675827607744e+00,2.6375042899191683e-06,6.3818641857792269e-11,2.6377327805543514e-06,2.3723572541867254e-10
5.0218613366645846e+00,2.5085149305195619e-06,4.8853636674881149e-11,2.5087445385329809e-06,2.3474777452100479e-10
5.0318550905683948e+00,2.3855958729091860e-06,3.3718578049027157e-11,2.3858256770641775e-06,2.3226470277896668e-10
5.0418488444722049e+00,2.2684736887583734e-06,1.8474418685096412e-11,2.2687027701488026e-06,2.2982512392409359e-10
5.0518425983760151e+00,2.1568866617919083e-06,3.1827062186979530e-12,2.1571141076961134e-06,2.2746817130872653e-10
5.0618363522798253e+00,2.0505843156976776e-06,-1.2094958663350448e-11,2.0508092223529842e-06,2.2523163993153912e-10
5.0718301061836355e+00,1.9493269576746211e-06,-2.7297316149617509e-11,1.9495484341084226e-06,2.2315231165827162e-10
5.0818238600874457e+00,1.8528852404831344e-06,-4.2363536495833691e-11,1.8531024120652147e-06,2.2126492105102041e-10
5.0918176139912559e+00,1.7610397409449581e-06,-5.7233305512220796e-11,1.7612517527887148e-06,2.1960116837796501e-10
5.1018113678950652e+00,1.6735805544099793e-06,-7.1847488528611231e-11,1.6737865746607594e-06,2.1818892121126197e-10
5.1118051217988754e+00,1.5903069044311843e-06,-8.6147667749525606e-11,1.5905061276838431e-06,2.1705143413167961e-10
5.1217988757026855e+00,1.5110267681376896e-06,-1.0007665783931608e-10,1.5112184181978963e-06,2.1620611235928006e-10
5.1317926296064957e+00,1.4355565145645996e-06,-1.1357902031148449e-10,1.4357398479881731e-06,2.1566487440952995e-10
5.1417863835103059e+00,1.3637205590505218e-06,-1.2660117699753356e-10,1.3638948672792078e-06,2.1543262660238141e-10
5.1517801374141161e+00,1.2953510287073859e-06,-1.3909135295244645e-10,1.2955156411252946e-06,2.1550789450940835e-10
5.1617738913179263e+00,1.2302874418312906e-06,-1.5100033927008617e-10,1.2304417287232521e-06,2.1588318019431947e-10
5.1717676452217365e+00,1.1683764006209455e-06,-1.6228089205341840e-10,1.1685197751882238e-06,2.1654411667808951e-10
5.1817613991255467e+00,1.1094712947474557e-06,-1.7288819420779520e-10,1.1096032153476906e-06,2.1747039445117528e-10
5.1917551530293569e+00,1.0534320172178261e-06,-1.8278048822745325e-10,1.0535519891230364e-06,2.1863660470389796e-10
5.2017489069331670e+00,1.0001246899311478e-06,-1.9191921790354355e-10,1.0002322680817803e-06,2.2001373751249213e-10
5.2117426608369772e+00,9.4942140310883420e-07,-2.0026869684999011e-10,9.4951619275694395e-07,2.2156856348941702e-10
5.2217364147407874e+00,9.0119996184783923e-07,-2.0779685970625298e-10,9.0128162034307363e-07,2.2326586113359712e-10
5.2317301686445967e+00,8.5534364363918346e-07,-2.1447493300766823e-10,8.5541188239110053e-07,2.2506893200049265e-10
5.2417239225484069e+00,8.1174096734704872e-07,-2.2027727585557271e-10,8.1179555213655279e-07,2.2693958998719320e-10
5.2517176764522171e+00,7.7028546879592867e-07,-2.2518227374596291e-10,7.7032622110763681e-07,2.2884013485173353e-10
5.2617114303560273e+00,7.3087548766524557e-07,-2.2917188256169775e-10,7.3090228467131404e-07,2.3073324704321707e-10
5.2717051842598375e+00,6.9341396144013254e-07,-2.3223185812721527e-10,6.9342673618685790e-07,2.3258295312235633e-10
5.2816989381636477e+00,6.5780822708037439e-07,-2.3435170128620159e-10,6.5780696944739375e-07,2.3435507576421520e-10
5.2916926920674578e+00,6.2396983332085621e-07,-2.3552485503898031e-10,6.2395458910057118e-07,2.3601767644231897e-10
5.3016864459712680e+00,5.9181435748975655e-07,-2.3574813284299814e-10,5.9178522874995554e-07,2.3754087147553066e-10
5.3116801998750782e+00,5.6126123334864470e-07,-2.3502222905135628e-10,5.6121837644875814e-07,2.3889780663738832e-10
5.3216739537788884e+00,5.3223358089612201e-07,-2.3335194021008090e-10,5.3217720730736049e-07,2.4006480272972681e-10
5.3316677076826986e+00,5.0465804913083693e-07,-2.3074561482178834e-10,5.0458842294557754e-07,2.4102146052428512e-10
5.3416614615865088e+00,4.7846466030901750e-07,-2.2721552434452780e-10,4.7838209752980271e-07,2.4175091936708160e-10
5.3516552154903190e+00,4.5358666279143915e-07,-2.2277776383778126e-10,4.5349153014417428e-07,2.4223986591018229e-10
5.3616489693941283e+00,4.2996039005879463e-07,-2.1745158424113689e-10,4.2985310325354892e-07,2.4247814348681197e-10
5.3716427232979385e+00,4.0752512497877028e-07,-2.1125979020020051e-10,4.0740614702448314e-07,2.4245917710366454e-10
5.3816364772017486e+00,3.8622297063029966e-07,-2.0422875581962159e-10,3.8609280927864844e-07,2.4218043308100721e-10
5.3916302311055588e+00,3.6599872458893814e-07,-1.9638814810433469e-10,3.6585793086091971e-07,2.4164266710408949e-10
5.4016239850093690e+00,3.4679976102106083e-07,-1.8777073186446573e-10,3.4664892621214535e-07,2.4085054977202315e-10
5.4116177389131792e+00,3.2857591541635110e-07,-1.7841253774000045e-10,3.2841566894398517e-07,2.3981235482884167e-10
5.4216114928169894e+00,3.1127937486883184e-07,-1.6835222229693302e-10,3.1111038222043058e-07,2.3853927552080166e-10
5.4316052467207996e+00,2.9486457452777903e-07,-1.5763092355802142e-10,2.9468753375758224e-07,2.3704628740739121e-10
5.4415990006246098e+00,2.7928809604307193e-07,-1.4629269128242867e-10,2.7910373526004092e-07,2.3535175767872131e-10
5.4515927545284200e+00,2.6450857214784318e-07,-1.3438411501500044e-10,2.6431764611878246e-07,2.3347770544799468e-10
5.4615865084322301e+00,2.5048659337605017e-07,-1.2195400420108946e-10,2.5028988120175419e-07,2.3144860910563180e-10
5.4715802623360403e+00,2.3718462092065669e-07,-1.0905334362957851e-10,2.3698292257453533e-07,2.2929207266035775e-10
5.4815740162398505e+00,2.2456690217619261e-07,-9.5734905866768103e-11,2.2436103499435847e-07,2.2703847417926757e-10
5.4915677701436598e+00,2.1259938832542711e-07,-8.2052969832978520e-11,2.1239018502651811e-07,2.2471918060730910e-10
5.5015615240474700e+00,2.0124965992007229e-07,-6.8063250211270689e-11,2.0103796363774739e-07,2.2236888716614276e-10
5.5115552779512802e+00,1.9048685015138720e-07,-5.3822826088265488e-11,1.9027351212653706e-07,2.2002274758552403e-10
5.5215490318550904e+00,1.8028157561341276e-07,-3.9389563111728053e-11,1.8006745125552442e-07,2.1771719804192353e-10
5.5315427857589006e+00,1.7060586765380483e-07,-2.4822269499524610e-11,1.7039181345614918e-07,2.1548861825422185e-10
5.5415365396627108e+00,1.6143310815526117e-07,-1.0180164801720538e-11,1.6121997798059332e-07,2.1337316398586767e-10
5.5515302935665209e+00,1.5273796675502914e-07,4.4779965946874137e-12,1.5252660888073661e-07,2.1140530617503298e-10
5.5615240474703311e+00,1.4449634261608015e-07,1.9092789313360686e-11,1.4428759569837619e-07,2.0961824885888556e-10
5.5715178013741413e+00,1.3668530697586344e-07,3.3605450247445753e-11,1.3647999675535439e-07,2.0804233447019164e-10
5.5815115552779515e+00,1.2928304869331362e-07,4.7957510573796352e-11,1.2908198493646259e-07,2.0670403271219276e-10
5.5915053091817617e+00,1.2226882260784464e-07,6.2091179747048606e-11,1.2207279586207173e-07,2.0562538671257852e-10
5.6014990630855719e+00,1.1562290015890556e-07,7.5949680137499910e-11,1.1543267835139712e-07,2.0482355812935062e-10
5.6114928169893821e+00,1.0932652089788936e-07,8.9477714347552028e-11,1.0914284708110183e-07,2.0430940345016548e-10
5.6214865708931914e+00,1.0336184873930195e-07,1.0262145682752587e-10,1.0318543734763212e-07,2.0408856536388886e-10
5.6314803247970016e+00,9.7711927090323300e-08,1.1532845232317416e-10,9.7543461845210827e-08,2.0415971866669563e-10
5.6414740787008117e+00,9.2360639042889305e-08,1.2754839761297466e-10,9.2200769374862334e-08,2.0451626949631963e-10
5.6514678326046219e+00,8.7292665816568840e-08,1.3923286461094055e-10,8.7142005403115690e-08,2.0514470690135423e-10
5.6614615865084321e+00,8.2493450964531598e-08,1.5033569193195575e-10,8.2352574392246068e-08,2.0602676740554875e-10
5.6714553404122423e+00,7.7949161735686159e-08,1.6081339024139032e-10,7.7818603826969654e-08,2.0713839337350471e-10
5.6814490943160525e+00,7.3646657741115366e-08,1.7062504904180301e-10,7.3526909865476039e-08,2.0845253915615755e-10
5.6914428482198627e+00,6.9573455335151938e-08,1.7973256952692076e-10,6.9464964545540102e-08,2.0993820038132465e-10
5.7014366021236729e+00,6.5717697067703124e-08,1.8810045188798799e-10,6.5620864479199915e-08,2.1156164632725157e-10
5.7114303560274831e+00,6.2068122460133843e-08,1.9569626264614286e-10,6.1983300972152243e-08,2.1328786190751882e-10
5.7214241099312932e+00,5.8614037094499509e-08,2.0249062566900091e-10,5.8541531506561194e-08,2.1508024959559670e-10
5.7314178638351034e+00,5.5345287709620691e-08,2.0845731206823374e-10,5.5285352528448968e-08,2.1690245940698827e-10
5.7414116177389136e+00,5.2252233504328104e-08,2.1357384766835250e-10,5.2205073483199021e-08,2.1871866861509605e-10
5.7514053716427229e+00,4.9325724242237499e-08,2.1782098104771131e-10,4.9291492044998492e-08,2.2049449678483513e-10
5.7613991255465331e+00,4.6557073203684952e-08,2.2118268427593378e-10,4.6535870488231550e-08,2.2219661330926119e-10
5.7713928794503433e+00,4.3938037237858069e-08,2.2364687394239291e-10,4.3929913150972796e-08,2.2379438109998217e-10
5.7813866333541535e+00,4.1460793147108659e-08,2.2520476238413482e-10,4.1465744942743078e-08,2.2525919577344602e-10
5.7913803872579637e+00,3.9117917749991589e-08,2.2585128616536662e-10,3.9135890850677815e-08,2.2656530142726520e-10
5.8013741411617739e+00,3.6902367912181444e-08,2.2558546028496195e-10,3.6933256400125374e-08,2.2769035679940520e-10
5.8113678950655840e+00,3.4807462591950878e-08,2.2441000631184804e-10,3.4851109027520151e-08,2.2861509633177407e-10
5.8213616489693942e+00,3.2826863798872824e-08,2.2233083598459401e-10,3.2883060325120127e-08,2.2932302586498434e-10
5.8313554028732044e+00,3.0954559350385320e-08,2.1935775391657122e-10,3.1023049118874448e-08,2.2980137639060706e-10
5.8413491567770146e+00,2.9184848489252839e-08,2.1550407078793551e-10,2.9265325342309058e-08,2.3004027561278010e-10
5.8513429106808248e+00,2.7512323056146104e-08,2.1078668938915668e-10,2.7604434670866366e-08,2.3003386270289610e-10
5.8613366645846350e+00,2.5931855790531843e-08,2.0522596269578195e-10,2.6035203882631118e-08,2.2977929389953889e-10
5.8713304184884443e+00,2.4438583907888771e-08,1.9884601571672359e-10,2.4552726912808738e-08,2.2927791768632045e-10
5.8813241723922545e+00,2.3027898049660367e-08,1.9167393389210600e-10,2.3152351570702501e-08,2.2853353328004239e-10
5.8913179262960647e+00,2.1695426501475312e-08,1.8374000219216555e-10,2.1829666889261633e-08,2.2755410371733333e-10
5.9013116801998748e+00,2.0437025889455766e-08,1.7507765777104489e-10,2.0580491078542328e-08,2.2635027442050555e-10
5.9113054341036850e+00,1.9248766885707337e-08,1.6572307286619566e-10,1.9400860055652028e-08,2.2493658934028250e-10
5.9212991880074952e+00,1.8126925734705566e-08,1.5571549784810222e-10,1.8287016524917013e-08,2.2333019809378237e-10
5.9312929419113054e+00,1.7067970852019078e-08,1.4509686491537843e-10,1.7235399583143548e-08,2.2155243220109736e-10
5.9412866958151156e+00,1.6068556732008818e-08,1.3391117384881809e-10,1.6242634825924560e-08,2.1962555694387219e-10
5.9512804497189258e+00,1.5125510068056856e-08,1.2220474606824006e-10,1.5305524931984342e-08,2.1757608139782817e-10
5.9612742036227360e+00,1.4235823468691858e-08,1.1002589290780328e-10,1.4421040703548911e-08,2.1543240517213772e-10
5.9712679575265462e+00,1.3396646413304744e-08,9.7424496770185667e-11,1.3586312541690196e-08,2.1322470032257207e-10
5.9812617114303563e+00,1.2605275853110026e-08,8.4452049099585247e-11,1.2798622336507014e-08,2.1098580814618910e-10
5.9912554653341665e+00,1.1859150234666276e-08,7.1161849538433798e-11,1.2055395752890097e-08,2.0874940060432895e-10
6.0012492192379758e+00,1.1155840458161583e-08,5.7608041424020713e-11,1.1354194893460965e-08,2.0655064376478787e-10
6.0112429731417860e+00,1.0493044948199893e-08,4.3845726226635530e-11,1.0692711321086679e-08,2.0442384442649094e-10
6.0212367270455962e+00,9.8685801473487322e-09,2.9930651237504920e-11,1.0068759424148307e-08,2.0240451265597326e-10
6.0312304809494064e+00,9.2803776227715087e-09,1.5919174764845196e-11,9.4802701084869422e-09,2.0052537487981032e-10
6.0412242348532166e+00,8.7264741718095231e-09,1.8678182243899404e-12,8.9252848006642313e-09,1.9881940270135586e-10
6.0512179887570268e+00,8.2050103345727992e-09,-1.2166497679166422e-11,8.4019497478601378e-09,1.9731486556197007e-10
6.0612117426608370e+00,7.7142220355892855e-09,-2.6126976571994570e-11,7.9085106003852819e-09,1.9603740794879344e-10
6.0712054965646471e+00,7.2524361046226073e-09,-3.9957584120048604e-11,7.4433072634144794e-09,1.9500873772029502e-10
6.0811992504684573e+00,6.8180670716496543e-09,-5.3602634282145836e-11,7.0047690051496134e-09,1.9424431619640409e-10
6.0911930043722675e+00,6.4096095173478853e-09,-6.7007484657521608e-11,6.5914098091973534e-09,1.9375590085641203e-10
6.1011867582760777e+00,6.0256373486012035e-09,-8.0118562840031911e-11,6.2018239594982850e-09,1.9354768397206859e-10
6.1111805121798879e+00,5.6647956090627388e-09,-9.2883370573923048e-11,5.8346818466743883e-09,1.9361987051698629e-10
6.1211742660836981e+00,5.3258010862425226e-09,-1.0525052201404372e-10,5.4887259851664868e-09,1.9396441702954860e-10
6.1311680199875074e+00,5.0074344353451406e-09,-1.1717084021621812e-10,5.1627672310193895e-09,1.9456948169986078e-10
6.1411617738913176e+00,4.7085404921533781e-09,-1.2859686752582841e-10,4.8556811906350489e-09,1.9541632349199861e-10
6.1511555277951278e+00,4.4280212454840721e-09,-1.3948297420726498e-10,4.5664048112593138e-09,1.9648285261155791e-10
6.1611492816989379e+00,4.1648364449462379e-09,-1.4978613861405633e-10,4.2939331443909814e-09,1.9774186488560215e-10
6.1711430356027481e+00,3.9179969698051190e-09,-1.5946535209880168e-10,4.0373162737099427e-09,1.9916398972787844e-10
6.1811367895065583e+00,3.6865656642698485e-09,-1.6848210992332337e-10,3.7956563995084316e-09,2.0071624219058466e-10
6.1911305434103685e+00,3.4696522155469458e-09,-1.7680074245251781e-10,3.5681050719822310e-09,2.0236468929145815e-10
6.2011242973141787e+00,3.2664108812122604e-09,-1.8438880140248437e-10,3.3538605660934875e-09,2.0407517602214811e-10
6.2111180512179889e+00,3.0760404957889796e-09,-1.9121658296626968e-10,3.1521653910570212e-09,2.0581249058516006e-10
6.2211118051217991e+00,2.8977784783677387e-09,-1.9725786177067820e-10,2.9623039278268794e-09,2.0754324286337078e-10
6.2311055590256093e+00,2.7309025531736345e-09,-2.0248945904966291e-10,2.7836001882704001e-09,2.0923437043425006e-10
6.2410993129294194e+00,2.5747250095895519e-09,-2.0689134803349639e-10,2.6154156900141163e-09,2.1085483481421847e-10
6.2510930668332296e+00,2.4285959805008748e-09,-2.1044719794401603e-10,2.4571474412290470e-09,2.1237516105279409e-10
6.2610868207370389e+00,2.2918959673595873e-09,-2.1314406612553873e-10,2.3082260298944525e-09,2.1376871582839392e-10
6.2710805746408491e+00,2.1640388966975810e-09,-2.1497264254298544e-10,2.1681138123375302e-09,2.1501126012231754e-10
6.2810743285446593e+00,2.0444675109753075e-09,-2.1592712077700869e-10,2.0363031960941953e-09,2.1608141411173439e-10
6.2910680824484695e+00,1.9326542296579021e-09,-2.1600535650481333e-10,1.9123150123718442e-09,2.1696082088381989e-10
6.3010618363522797e+00,1.8280972931256796e-09,-2.1520829534222481e-10,1.7956969736209251e-09,2.1763361663152236e-10
6.3110555902560899e+00,1.7303231110896170e-09,-2.1354057751497686e-10,1.6860222119369977e-09,2.1808747765784348e-10
6.3210493441599001e+00,1.6388813672246957e-09,-2.1101067791876750e-10,1.5828878942207666e-09,2.1831347923291306e-10
6.3310430980637102e+00,1.5533455907206342e-09,-2.0763025610656031e-10,1.4859139102196311e-09,2.1830564533714008e-10
6.3410368519675204e+00,1.4733130781762316e-09,-2.0341462167568801e-10,1.3947416297614261e-09,2.1806187382819518e-10
6.3510306058713306e+00,1.3984010190745706e-09,-1.9838244456137880e-10,1.3090327256697163e-09,2.1758282601401397e-10
6.3610243597751408e+00,1.3282489105515882e-09,-1.9255538488460228e-10,1.2284680590203942e-09,2.1687276126878516e-10
6.3710181136789510e+00,1.2625144883088598e-09,-1.8595823512093031e-10,1.1527466235618466e-09,2.1593853139356532e-10
6.3810118675827612e+00,1.2008763640934542e-09,-1.7861896132834641e-10,1.0815845462760983e-09,2.1479122687900114e-10
6.3910056214865705e+00,1.1430290561290845e-09,-1.7056860107613466e-10,1.0147141412060218e-09,2.1344405605399835e-10
6.4009993753903807e+00,1.0886867850393202e-09,-1.6184075160597383e-10,9.5188301381486371e-10,2.1191437115405822e-10
6.4109931292941909e+00,1.0375781501251132e-09,-1.5247196286094612e-10,8.9285321327864958e-10,2.1022132813747188e-10
6.4209868831980010e+00,9.8944938152983173e-10,-1.4250103196409263e-10,8.3740043024012482e-10,2.0838768605445719e-10
6.4309806371018112e+00,9.4406157898437808e-10,-1.3196887345219674e-10,7.8531323767506652e-10,2.0643841558367861e-10
6.4409743910056214e+00,9.0118982849701803e-10,-1.2091903575115380e-10,7.3639237263817282e-10,2.0440062295535413e-10
6.4509681449094316e+00,8.6062470291856144e-10,-1.0939698360890039e-10,6.9045005676653753e-10,2.0230449875297526e-10
6.4609618988132418e+00,8.2216886235754204e-10,-9.7450116223828094e-11,6.4730935352444000e-10,2.0018085068605162e-10
6.4709556527170520e+00,7.8563925883504659e-10,-8.5127712036359246e-11,6.0680356027378701e-10,1.9806295573993388e-10
6.4809494066208622e+00,7.5086358284171701e-10,-7.2480316320534846e-11,5.6877563335035119e-10,1.9598320745384024e-10
6.4909431605246724e+00,7.1768327780591736e-10,-5.9559564274459864e-11,5.3307764441725957e-10,1.9397572419091786e-10
6.5009369144284825e+00,6.8594978920434985e-10,-4.6418399870287637e-11,4.9957026645407382e-10,1.9207288811057789e-10
6.5109306683322927e+00,6.5552726456133581e-10,-3.3110639767833909e-11,4.6812228782254930e-10,1.9030748743100041e-10
6.5209244222361020e+00,6.2628875414570767e-10,-1.9690617604061722e-11,4.3861015292890339e-10,1.8870871144789695e-10
6.5309181761399122e+00,5.9811923085786765e-10,-6.2132583625301311e-12,4.1091752807741059e-10,1.8730478398423819e-10
6.5409119300437224e+00,5.7091163509931739e-10,7.2665016125546770e-12,3.8493489118146419e-10,1.8611864851210371e-10
6.5509056839475326e+00,5.4457032396522333e-10,2.0693991342026419e-11,3.6055914406610353e-10,1.8517115219582690e-10
6.5608994378513428e+00,5.1900720396808051e-10,3.4014829882569224e-11,3.3769324616062242e-10,1.8447699029349113e-10
6.5708931917551530e+00,4.9414334320649978e-10,4.7174804737564845e-11,3.1624586844127691e-10,1.8404611848629268e-10
6.5808869456589631e+00,4.6990867909546290e-10,6.0120700985600639e-11,2.9613106654254825e-10,1.8388354279704022e-10
6.5908806995627733e+00,4.4624006400590321e-10,7.2800048360241782e-11,2.7726797201097251e-10,1.8398754010638021e-10
6.6008744534665835e+00,4.2308262998814726e-10,8.5161491751231197e-11,2.5958050072840817e-10,1.8435136546758596e-10
6.6108682073703937e+00,4.0038710745225585e-10,9.7155372601150429e-11,2.4299707758179792e-10,1.8496158500589253e-10
6.6208619612742039e+00,3.7811386758689384e-10,1.0873365052779024e-10,2.2745037650428664e-10,1.8580229896935741e-10
6.6308557151780141e+00,3.5622665966449945e-10,1.1984983341593480e-10,2.1287707505789850e-10,1.8685043745389617e-10
6.6408494690818243e+00,3.3469773214281211e-10,1.3045952549856800e-10,1.9921762277113204e-10,1.8808122667792741e-10
6.6508432229856336e+00,3.1350300703120067e-10,1.4052039457083685e-10,1.8641602248580664e-10,1.8946525520840198e-10
6.6608369768894438e+00,2.9262562808929191e-10,1.4999233588320755e-10,1.7441962400643895e-10,1.9097214515456542e-10
6.6708307307932539e+00,2.7205165903566267e-10,1.5883802702322113e-10,1.6317892938242281e-10,1.9256892296208384e-10
6.6808244846970641e+00,2.5177406911050460e-10,1.6702285597625397e-10,1.5264740918839520e-10,1.9422340004689962e-10
6.6908182386008743e+00,2.3178889320789249e-10,1.7451463444192442e-10,1.4278132920158092e-10,1.9590228197939953e-10
6.7008119925046845e+00,2.1209577862264436e-10,1.8128411854815520e-10,1.3353958690655735e-10,1.9757278885189682e-10
6.7108057464084947e+00,1.9269972838221702e-10,1.8730495370600162e-10,1.2488355728798344e-10,1.9920386227352564e-10
6.7207995003123049e+00,1.7360702304656055e-10,1.9255370622860098e-10,1.1677694740039118e-10,2.0076500511872009e-10
6.7307932542161151e+00,1.5482871760905285e-10,1.9701020240176638e-10,1.0918565923124380e-10,2.0222835762687943e-10
6.7407870081199253e+00,1.3637659728296742e-10,2.0065772562278845e-10,1.0207766039920161e-10,2.0356802284117908e-10
6.7507807620237354e+00,1.1826728311022415e-10,2.0348267342708216e-10,9.5422862253934202e-11,2.0476099713883955e-10
6.7607745159275456e+00,1.0051744122911499e-10,2.0547468334367282e-10,8.9193004967001155e-11,2.0578651158867847e-10
6.7707682698313558e+00,8.3147107307246967e-11,2.0662679502859422e-10,8.3361549225284274e-11,2.0662690630487817e-10
6.7807620237351651e+00,6.6176889470479348e-11,2.0693542826791236e-10,7.7903574159307805e-11,2.0726742775027509e-10
6.7907557776389753e+00,4.9629585115438160e-11,2.0640043700595003e-10,7.2795681158547948e-11,2.0769643329177738e-10
6.8007495315427855e+00,3.3528035994860808e-11,2.0502544708153406e-10,6.8015903244591926e-11,2.0790586076014788e-10
6.8107432854465957e+00,1.7896811774412766e-11,2.0281730313363889e-10,6.3543619690769802e-11,2.0789057103042256e-10
6.8207370393504059e+00,2.7614745611583419e-12,1.9978612478714001e-10,5.9359475593745413e-11,2.0764833102711759e-10
6.8307307932542161e+00,-1.1853492723688764e-11,1.9594540913622376e-10,5.5445306118530307e-11,2.0718043268409203e-10
6.8407245471580262e+00,-2.5922187381195505e-11,1.9131187309472154e-10,5.1784065153520077e-11,2.0649090650679955e-10
6.8507183010618364e+00,-3.9420078517070715e-11,1.8590539012915533e-10,4.8359758126508574e-11,2.0558724133624369e-10
6.8607120549656466e+00,-5.2322132476851758e-11,1.7974921156657262e-10,4.5157378746231026e-11,2.0447991140230770e-10
6.8707058088694568e+00,-6.4604739693004515e-11,1.7286971733345318e-10,4.2162849446869821e-11,2.0318281733869381e-10
6.8806995627732670e+00,-7.6244061350871790e-11,1.6529598484171983e-10,3.9362965325164194e-11,2.0171204034877978e-10
6.8906933166770772e+00,-8.7218366016681348e-11,1.5705998922820097e-10,3.6745341371318399e-11,2.0008708345553000e-10
6.9006870705808874e+00,-9.7506031402416438e-11,1.4819642111052003e-10,3.4298362805858654e-11,1.9832946720691045e-10
6.9106808244846967e+00,-1.0708833147897246e-10,1.3874227391495401e-10,3.2011138344949682e-11,1.9646394345117974e-10
6.9206745783885069e+00,-1.1594644484267656e-10,1.2873729774874393e-10,2.9873456226500108e-11,1.9451667121219513e-10
6.9306683322923170e+00,-1.2406456875162266e-10,1.1822362374869680e-10,2.7875742838678671e-11,1.9251670966030789e-10
6.9406620861961272e+00,-1.3142834203280440e-10,1.0724495882794640e-10,2.6009023801257626e-11,1.9049410845161642e-10
6.9506558400999374e+00,-1.3802479955599223e-10,9.5846980230222613e-11,2.4264887358524078e-11,1.8847967025136800e-10
6.9606495940037476e+00,-1.4384416798753402e-10,8.4076942703713567e-11,2.2635449950381302e-11,1.8650575187687320e-10
6.9706433479075578e+00,-1.4887792490372695e-10,7.1983401129997313e-11,2.1113323835710884e-11,1.8460399423153207e-10
6.9806371018113680e+00,-1.5312157566683097e-10,5.9616247212837716e-11,1.9691586649123985e-11,1.8280723727845892e-10
6.9906308557151782e+00,-1.5657047343960567e-10,4.7026649396228111e-11,1.8363752778897162e-11,1.8114493991304888e-10
7.0006246096189884e+00,-1.5922493803478298e-10,3.4266382582847810e-11,1.7123746460199836e-11,1.7964699690900790e-10
7.0106183635227985e+00,-1.6108592143951275e-10,2.1387659098679376e-11,1.5965876483686688e-11,1.7833892202645718e-10
7.0206121174266087e+00,-1.6215833488794273e-10,8.4433022081380051e-12,1.4884812425172008e-11,1.7724436623687423e-10
7.0306058713304189e+00,-1.6244800853114511e-10,-4.5139030358469091e-12,1.3875562307435314e-11,1.7638133958524331e-10
7.0405996252342282e+00,-1.6196530926401618e-10,-1.7431165945469145e-11,1.2933451610253815e-11,1.7576524713825986e-10
7.0505933791380384e+00,-1.6072095057247915e-10,-3.0255510928090379e-11,1.2054103549521408e-11,1.7540414837848055e-10
7.0605871330418486e+00,-1.5872938004796273e-10,-4.2934728508207680e-11,1.1233420550821416e-11,1.7530186678827912e-10
7.0705808869456588e+00,-1.5600758442250518e-10,-5.5417307402951255e-11,1.0467566847075356e-11,1.7545670106901851e-10
7.0805746408494690e+00,-1.5257365257740465e-10,-6.7652607408931011e-11,9.7529521339152064e-12,1.7586017709058534e-10
7.0905683947532792e+00,-1.4844951399831925e-10,-7.9591111603287967e-11,9.0862162202242213e-12,1.7650000380095394e-10
7.1005621486570893e+00,-1.4365814684022802e-10,-9.1184681529443190e-11,8.4642146148838006e-12,1.7735799671936326e-10
7.1105559025608995e+00,-1.3822635381885140e-10,-1.0238631737760573e-10,7.8840049941521348e-12,1.7841298982588809e-10
7.1205496564647097e+00,-1.3218120553100590e-10,-1.1315068946282567e-10,7.3428344973043463e-12,1.7963862689225368e-10
7.1305434103685199e+00,-1.2555326725366078e-10,-1.2343440287342826e-10,6.8381278011859573e-12,1.8100699792352862e-10
7.1405371642723301e+00,-1.1837415820874839e-10,-1.3319613836479528e-10,6.3674759271867981e-12,1.8248749700238973e-10
7.1505309181761403e+00,-1.1067792761668711e-10,-1.4239662186790507e-10,5.9286257368371193e-12,1.8404859739856598e-10
7.1605246720799505e+00,-1.0249975766329869e-10,-1.5099911348956635e-10,5.5194700747711272e-12,1.8565798080277597e-10
7.1705184259837598e+00,-9.3877627388776449e-11,-1.5896900230215010e-10,5.1380385202041075e-12,1.8728386419641138e-10
7.1805121798875700e+00,-8.4849683123112561e-11,-1.6627420912364833e-10,4.7824887103340964e-12,1.8889425308165213e-10
7.1905059337913801e+00,-7.5455470744064392e-11,-1.7288571090141286e-10,4.4510982012171725e-12,1.9045873252359406e-10
7.2004996876951903e+00,-6.5736862757322478e-11,-1.7877730700964842e-10,4.1422568336811696e-12,1.9194899545565711e-10
7.2104934415990005e+00,-5.5735698306614706e-11,-1.8392588988176970e-10,3.8544595737454415e-12,1.9333835595920207e-10
7.2204871955028107e+00,-4.5495807162396635e-11,-1.8831149019111038e-10,3.5862997988078955e-12,1.9460285342653069e-10
7.2304809494066209e+00,-3.5060814249762789e-11,-1.9191725786371442e-10,3.3364630025528512e-12,1.9572068047684347e-10
7.2404747033104311e+00,-2.4475922843240438e-11,-1.9472931773484787e-10,3.1037208931280740e-12,1.9667268222634364e-10
7.2504684572142413e+00,-1.3785828407715609e-11,-1.9673729709922245e-10,2.8869258606442523e-12,1.9744251012586128e-10
7.2604622111180515e+00,-3.0361492212016861e-12,-1.9793430597696984e-10,2.6850057914673574e-12,1.9801697174046398e-10
7.2704559650218616e+00,7.7279612530975261e-12,-1.9831663356617125e-10,2.4969592081116237e-12,1.9838561069647588e-10
7.2804497189256718e+00,1.8461218151801409e-11,-1.9788410753614189e-10,2.3218507147999582e-12,1.9854117758450489e-10
7.2904434728294811e+00,2.9118886218349854e-11,-1.9663984595707983e-10,2.1588067299461243e-12,1.9847940675053706e-10
7.3004372267332913e+00,3.9656104687926807e-11,-1.9459002333741361e-10,2.0070114879310124e-12,1.9819871695154120e-10
7.3104309806371015e+00,5.0029526442365249e-11,-1.9174419512368090e-10,1.8657032935996362e-12,1.9770075929023080e-10
7.3204247345409117e+00,6.0196528128258808e-11,-1.8811546400081747e-10,1.7341710138975304e-12,1.9699054544726243e-10
7.3304184884447219e+00,7.0115251372767112e-11,-1.8371994766130850e-10,1.6117507920004511e-12,1.9607587500886752e-10
7.3404122423485321e+00,7.9745487907717859e-11,-1.7857701283765047e-10,1.4978229701717689e-12,1.9496780909215978e-10
7.3504059962523423e+00,8.9047687101675873e-11,-1.7270918154592975e-10,1.3918092084108470e-12,1.9368018566571004e-10
7.3603997501561524e+00,9.7983718239435191e-11,-1.6614154670703468e-10,1.2931697867364052e-12,1.9222922697209567e-10
7.3703935040599626e+00,1.0651795532892607e-10,-1.5890203387223065e-10,1.2014010796838011e-12,1.9063429116416890e-10
7.3803872579637728e+00,1.1461618872425087e-10,-1.5102153372189984e-10,1.1160331922866764e-12,1.8891741304997534e-10
7.3903810118675830e+00,1.2224538983612578e-10,-1.4253339610854470e-10,1.0366277474646992e-12,1.8710246661468936e-10
7.4003747657713932e+00,1.2937571149508286e-10,-1.3347341776811473e-10,9.6277581535161011e-13,1.8521618530946067e-10
7.4103685196752034e+00,1.3597822578925211e-10,-1.2387978092678057e-10,8.9409597567428407e-13,1.8328644862607461e-10
7.4203622735790127e+00,1.4202710088809924e-10,-1.1379257829442818e-10,8.3023250483596738e-13,1.8134306304938752e-10
7.4303560274828229e+00,1.4749830135406924e-10,-1.0325372516706955e-10,7.7085367986694321e-13,1.7941648659435539e-10
7.4403497813866331e+00,1.5237020823102560e-10,-9.2307200707764375e-11,7.1565019188586599e-13,1.7753795165133086e-10
7.4503435352904432e+00,1.5662438239741250e-10,-8.0998682174770345e-11,6.6433366216619037e-13,1.7573936188443916e-10
7.4603372891942534e+00,1.6024364524685177e-10,-6.9375219182196763e-11,6.1663525432673083e-13,1.7405086427746209e-10
7.4703310430980636e+00,1.6321463751586926e-10,-5.7485315138119442e-11,5.7230437656422176e-13,1.7250243472347162e-10
7.4803247970018738e+00,1.6552515698090178e-10,-4.5378383568748044e-11,5.3110746822106899e-13,1.7112052498138661e-10
7.4903185509056840e+00,1.6716692557019571e-10,-3.3104500856152343e-11,4.9282686533402310e-13,1.6992987717294734e-10
7.5003123048094942e+00,1.6813342019174833e-10,-2.0714622977449756e-11,4.5725974014099964e-13,1.6895085199220232e-10
7.5103060587133044e+00,1.6842182324080065e-10,-8.2601983471635578e-12,4.2421710983478068e-13,1.6820055452485770e-10
7.5202998126171146e+00,1.6803092764560489e-10,4.2071100635943982e-12,3.9352291014497281e-13,1.6769018826850781e-10
7.5302935665209247e+00,1.6696338740105543e-10,1.6635556037114389e-11,3.6501312960464998e-13,1.6742687966558524e-10
7.5402873204247349e+00,1.6522363316937259e-10,2.8973613893627368e-11,3.3853500061644401e-13,1.6741136729677991e-10
7.5502810743285442e+00,1.6281950550455056e-10,4.1170435451741257e-11,3.1394624367549573e-13,1.6763967771973248e-10
7.5602748282323544e+00,1.5976171098946656e-10,5.3175728697440765e-11,2.9111436133460375e-13,1.6810273439607161e-10
7.5702685821361646e+00,1.5606316629635664e-10,6.4939742297303515e-11,2.6991597871097737e-13,1.6878597979150044e-10
7.5802623360399748e+00,1.5173994688474974e-10,7.6413922019955448e-11,2.5023622753488579e-13,1.6967091652218571e-10
7.5902560899437850e+00,1.4681009386613888e-10,8.7550829054909313e-11,2.3196817092928187e-13,1.7073457353600829e-10
7.6002498438475952e+00,1.4129447659190158e-10,9.8304391232301365e-11,2.1501226628651278e-13,1.7195106452114760e-10
7.6102435977514054e+00,1.3521608121047803e-10,1.0863051540366246e-10,1.9927586377454890e-13,1.7329202694554346e-10
7.6202373516552155e+00,1.2860037901941395e-10,1.1848684418126829e-10,1.8467273816115346e-13,1.7472757613997038e-10
7.6302311055590257e+00,1.2147519560075758e-10,1.2783289778360174e-10,1.7112265179085519e-13,1.7622692152381545e-10
7.6402248594628359e+00,1.1387011664506802e-10,1.3663033101248625e-10,1.5855094668696374e-13,1.7775873403621774e-10
7.6502186133666461e+00,1.0581684615176080e-10,1.4484318739169654e-10,1.4688816387975826e-13,1.7929218877281482e-10
7.6602123672704563e+00,9.7348880614504572e-11,1.5243782258527724e-10,1.3606968818288179e-13,1.8079718018469543e-10
7.6702061211742665e+00,8.8500955305138107e-11,1.5938348875524637e-10,1.2603541675338782e-13,1.8224495316214427e-10
7.6801998750780758e+00,7.9309877871382594e-11,1.6565227742615353e-10,1.1672944987721665e-13,1.8360890984203875e-10
7.6901936289818860e+00,6.9813719368478678e-11,1.7121878089659420e-10,1.0809980252162782e-13,1.8486412396890279e-10
7.7001873828856962e+00,6.0051532862131366e-11,1.7606052381422266e-10,1.0009813528961628e-13,1.8598785597867735e-10
7.7101811367895063e+00,5.0063448616550779e-11,1.8015808958514819e-10,9.2679503498981038e-14,1.8695992888509616e-10
7.7201748906933165e+00,3.9890540380784057e-11,1.8349496784084800e-10,8.5802123190910688e-14,1.8776267043975843e-10
7.7301686445971267e+00,2.9573898114756055e-11,1.8605789486476955e-10,7.9427152949953021e-14,1.8838116694305315e-10
7.7401623985009369e+00,1.9155759729379500e-11,1.8783708110804360e-10,7.3518490489403922e-14,1.8880386905434154e-10
7.7501561524047471e+00,8.6786562044863360e-12,1.8882569149491962e-10,6.8042583023795025e-14,1.8902191522538512e-10
7.7601499063085573e+00,-1.8150828601092005e-12,1.8902008941313363e-10,6.2968250513512409e-14,1.8902941908000232e-10
7.7701436602123675e+00,-1.2282471494208862e-11,1.8842001904036331e-10,5.8266520925938131e-14,1.8882372041120539e-10
7.7801374141161777e+00,-2.2681413397994040e-11,1.8702833497857256e-10,5.3910476713120044e-14,1.8840513006960553e-10
7.7901311680199878e+00,-3.2969473676603849e-11,1.8485124085711336e-10,4.9875111758034166e-14,1.8777715154092105e-10
7.8001249219237980e+00,-4.3105158790833453e-11,1.8189843935525212e-10,4.6137198090283918e-14,1.8694672124806050e-10
7.8101186758276073e+00,-5.3047037448934909e-11,1.7818273286982511e-10,4.2675161717741347e-14,1.8592365066887307e-10
7.8201124297314175e+00,-6.2754515702714557e-11,1.7371985130639638e-10,3.9468966963380393e-14,1.8472052200178577e-10
7.8301061836352277e+00,-7.2188179387128696e-11,1.6852871103611892e-10,3.6500008736589032e-14,1.8335302222033645e-10
7.8400999375390379e+00,-8.1309350695805915e-11,1.6263113349440499e-10,3.3751012205690315e-14,1.8183945055227949e-10
7.8500936914428481e+00,-9.0081317062747432e-11,1.5605182174559690e-10,3.1205939373477196e-14,1.8020110396977960e-10
7.8600874453466583e+00,-9.8467995931024863e-11,1.4881863693697033e-10,2.8849902090367548e-14,1.7846180358510965e-10
7.8700811992504685e+00,-1.0643538045021080e-10,1.4096209977854071e-10,2.6669081070486066e-14,1.7664790280208891e-10
7.8800749531542786e+00,-1.1395072324992164e-10,1.3251514822255606e-10,2.4650650504703224e-14,1.7478744338249240e-10
7.8900687070580888e+00,-1.2098341428055516e-10,1.2351321146480852e-10,2.2782707891523904e-14,1.7291041933890876e-10
7.9000624609618990e+00,-1.2750458902955033e-10,1.1399410630011553e-10,2.1054208731854237e-14,1.7104808082670694e-10
7.9100562148657092e+00,-1.3348752848400743e-10,1.0399767592965944e-10,1.9454905757173327e-14,1.6923247682583078e-10
7.9200499687695194e+00,-1.3890800412084349e-10,9.3565962828742409e-11,1.7975292382616972e-14,1.6749631982820915e-10
7.9300437226733296e+00,-1.4374340261661447e-10,8.2743048656369049e-11,1.6606550097028690e-14,1.6587149344164969e-10
7.9400374765771389e+00,-1.4797415720691248e-10,7.1574237392334428e-11,1.5340499521247043e-14,1.6438905951947288e-10
7.9500312304809491e+00,-1.5158280713240725e-10,6.0106351926013115e-11,1.4169554883853541e-14,1.6307794726013944e-10
7.9600249843847593e+00,-1.5455444779058497e-10,4.8387434438711335e-11,1.3086681680397272e-14,1.6196439894123501e-10
7.9700187382885694e+00,-1.5687723065411897e-10,3.6466399917353885e-11,1.2085357297792242e-14,1.6107158595314871e-10
7.9800124921923796e+00,-1.5854186113534914e-10,2.4393155435947239e-11,1.1159534400249766e-14,1.6041847273809915e-10
7.9900062460961898e+00,-1.5954181163816363e-10,1.2218412570934665e-11,1.0303606886800393e-14,1.6001927097985239e-10
